tree
version=v4
num_class=1
num_tree_per_iteration=1
label_index=0
max_feature_idx=259
objective=binary sigmoid:1
feature_names=Column_0 Column_1 Column_2 Column_3 Column_4 Column_5 Column_6 Column_7 Column_8 Column_9 Column_10 Column_11 Column_12 Column_13 Column_14 Column_15 Column_16 Column_17 Column_18 Column_19 Column_20 Column_21 Column_22 Column_23 Column_24 Column_25 Column_26 Column_27 Column_28 Column_29 Column_30 Column_31 Column_32 Column_33 Column_34 Column_35 Column_36 Column_37 Column_38 Column_39 Column_40 Column_41 Column_42 Column_43 Column_44 Column_45 Column_46 Column_47 Column_48 Column_49 Column_50 Column_51 Column_52 Column_53 Column_54 Column_55 Column_56 Column_57 Column_58 Column_59 Column_60 Column_61 Column_62 Column_63 Column_64 Column_65 Column_66 Column_67 Column_68 Column_69 Column_70 Column_71 Column_72 Column_73 Column_74 Column_75 Column_76 Column_77 Column_78 Column_79 Column_80 Column_81 Column_82 Column_83 Column_84 Column_85 Column_86 Column_87 Column_88 Column_89 Column_90 Column_91 Column_92 Column_93 Column_94 Column_95 Column_96 Column_97 Column_98 Column_99 Column_100 Column_101 Column_102 Column_103 Column_104 Column_105 Column_106 Column_107 Column_108 Column_109 Column_110 Column_111 Column_112 Column_113 Column_114 Column_115 Column_116 Column_117 Column_118 Column_119 Column_120 Column_121 Column_122 Column_123 Column_124 Column_125 Column_126 Column_127 Column_128 Column_129 Column_130 Column_131 Column_132 Column_133 Column_134 Column_135 Column_136 Column_137 Column_138 Column_139 Column_140 Column_141 Column_142 Column_143 Column_144 Column_145 Column_146 Column_147 Column_148 Column_149 Column_150 Column_151 Column_152 Column_153 Column_154 Column_155 Column_156 Column_157 Column_158 Column_159 Column_160 Column_161 Column_162 Column_163 Column_164 Column_165 Column_166 Column_167 Column_168 Column_169 Column_170 Column_171 Column_172 Column_173 Column_174 Column_175 Column_176 Column_177 Column_178 Column_179 Column_180 Column_181 Column_182 Column_183 Column_184 Column_185 Column_186 Column_187 Column_188 Column_189 Column_190 Column_191 Column_192 Column_193 Column_194 Column_195 Column_196 Column_197 Column_198 Column_199 Column_200 Column_201 Column_202 Column_203 Column_204 Column_205 Column_206 Column_207 Column_208 Column_209 Column_210 Column_211 Column_212 Column_213 Column_214 Column_215 Column_216 Column_217 Column_218 Column_219 Column_220 Column_221 Column_222 Column_223 Column_224 Column_225 Column_226 Column_227 Column_228 Column_229 Column_230 Column_231 Column_232 Column_233 Column_234 Column_235 Column_236 Column_237 Column_238 Column_239 Column_240 Column_241 Column_242 Column_243 Column_244 Column_245 Column_246 Column_247 Column_248 Column_249 Column_250 Column_251 Column_252 Column_253 Column_254 Column_255 Column_256 Column_257 Column_258 Column_259
feature_infos=[-1.250902533531189:0.88718414306640625] [-1.2554347515106201:0.79981881380081177] [-1.5587085485458374:1.0256147384643555] [-1.6022627353668213:1.0474134683609009] [-0.76470589637756348:1.5882352590560913] [-0.80000001192092896:1.5333333015441895] [-1.0921502113342285:1.3651877641677856] [-1.1283783912658691:1.287162184715271] [-0.68115943670272827:1.4289854764938354] [-0.72781062126159668:1.4408284425735474] [-0.88235294818878174:1.3777090311050415] [-0.88753801584243774:1.3039513826370239] [-0.96835440397262573:1.3386075496673584] [-0.99683547019958496:1.2310127019882202] [-1.2361111640930176:2.3645832538604736] [-1.2569444179534912:2.3541667461395264] [-0.99016392230987549:2.019672155380249] [-1.0097087621688843:2.1229772567749023] [-1.1546052694320679:2.1973683834075928] [-1.156862735748291:2.4575164318084717] [-1.1716171503067017:1.2607260942459106] [-1.2364864349365234:1.4966216087341309] [-0.15048544108867645:2.3689320087432861] [-0.14975845813751221:2.3574879169464111] [-0.96039795875549316:0.89258593320846558] [-1.0134623050689697:0.89098650217056274] [-1.1238372325897217:0.79244184494018555] [-1.1829633712768555:0.80923813581466675] [-0.63837593793869019:1.4239979982376099] [-0.74046391248703003:1.3537071943283081] [-3.4166667461395264:1.625] [-2.9629628658294678:1.5185185670852661] [-2.8594062328338623:0.96730238199234009] [-2.9060242176055908:0.9895738959312439] [-1.1597863435745239:1.4443905353546143] [-1.1713008880615234:1.4910625219345093] [-1.5409183502197266:0.92085170745849609] [-1.5682165622711182:0.95492249727249146] [-5.6507716178894043:2.561553955078125] [-5.6057062149047852:2.5799438953399658] [-0.55105453729629517:1.2741800546646118] [-0.54143238067626953:1.2856484651565552] [-1.3260869979858398:1.6956521272659302] [-1.3759398460388184:1.7593984603881836] [-1.375:0.81499999761581421] [-1.4974874258041382:0.81909549236297607] [-1.8571428060531616:1.5714285373687744] [-1.8571428060531616:1.5714285373687744] [-0.5:1.5] [-0.5:1.53125] [-1.1074379682540894:0.77272725105285645] [-1.2231760025024414:0.79399138689041138] [0:4] [-1:1.2000000476837158] [-0.99206346273422241:1.0158730745315552] [0:1] [0:1] [0:1] [1:12] [1:4] [1:53] [2005:2019] [-9.0363636016845703:12.545454978942871] [-0.80437177419662476:8.2048149108886719] [-0.89878541231155396:6.9595141410827637] [-5.2047057151794434:4.4858822822570801] [-0.99247801303863525:1.1775785684585571] [-1:18.521739959716797] [-0.56154495477676392:20.70490837097168] [-6.4470024108886719:0.57756608724594116] [-1.1832152605056763:93.543632507324219] [-82.410438537597656:24.42182731628418] [-23.532052993774414:12.03809928894043] [-38.896713256835938:16.91400146484375] [-7.9027047157287598:3.2907173633575439] [-17.034276962280273:13.117715835571289] [-37.830825805664062:16.741264343261719] [-10.505268096923828:10.867977142333984] [-4.5772151947021484:30.493967056274414] [-10.342681884765625:20.700494766235352] [-3.1713721752166748:47.632534027099609] [-6.2497339248657227:16.2579345703125] [-1.3530431985855103:152.73310852050781] [-1.3276957273483276:36.486152648925781] [-1.2299575805664062:65.755889892578125] [-1.2117211818695068:22.353860855102539] [-1.6510566473007202:35.054656982421875] [-302.2386474609375:301.95462036132812] [-0.56110376119613647:54.742702484130859] [0:3781] [-1.126220703125:1.0352717638015747] [-8.1291913986206055:3.9815788269042969] [-11.191259384155273:9.9645681381225586] [-8.2463169097900391:3.209526538848877] [-10.387009620666504:6.0357494354248047] [-0.73262137174606323:5.7138266563415527] [-2.4754712581634521:1.9692631959915161] [-8.6359395980834961:3.3353359699249268] [-12.301551818847656:13.503410339355469] [-10.030886650085449:2.994603157043457] [-11.428383827209473:8.0678262710571289] [-0.88653707504272461:11.138689994812012] [-1.0592280626296997:1.6021285057067871] [-8.1699552536010742:3.6011812686920166] [-9.4442462921142578:10.905125617980957] [-8.1814289093017578:3.1119589805603027] [-10.127852439880371:5.8649678230285645] [-1.1340641975402832:12.910944938659668] [-1.8467967510223389:1.4216403961181641] [-5.8039441108703613:3.0855684280395508] [-8.3700742721557617:5.3243212699890137] [-5.4159431457519531:3.5283749103546143] [-7.2285294532775879:4.9332847595214844] [-1.0374341011047363:6.4807710647583008] [-2.1682989597320557:1.9632805585861206] [-6.5136899948120117:5.6240735054016113] [-6.8520550727844238:6.8756513595581055] [-7.4888114929199219:4.8054323196411133] [-6.5351366996765137:4.642054557800293] [-1.0053757429122925:6.6511058807373047] [-1.0663919448852539:2.2564122676849365] [-4.528724193572998:2.8902411460876465] [-5.5467209815979004:5.257744312286377] [-5.6871976852416992:2.3969604969024658] [-4.6754426956176758:3.8909835815429688] [-1.2185938358306885:4.5825901031494141] [-0.9237513542175293:1.2327938079833984] [-5.1258120536804199:3.8666448593139648] [-5.036344051361084:4.6782293319702148] [-3.8182153701782227:4.5275635719299316] [-6.1902542114257812:4.048856258392334] [-1.5654515027999878:4.4771990776062012] [-2.3073701858520508:1.3487436771392822] [-7.4597277641296387:3.7414500713348389] [-8.9216117858886719:8.9397792816162109] [-6.334078311920166:2.6285004615783691] [-10.328147888183594:7.1330628395080566] [-1.107439398765564:8.4302473068237305] [-2.0357146263122559:1.6252480745315552] [-4.4426107406616211:3.2878069877624512] [-8.925623893737793:7.7907857894897461] [-3.9597220420837402:3.2832584381103516] [-4.9944071769714355:6.2578134536743164] [-1.1890513896942139:5.1120977401733398] [-0.98426544666290283:1.9428280591964722] [-8.8193931579589844:4.2578668594360352] [-10.463391304016113:11.943221092224121] [-8.5063762664794922:4.5490059852600098] [-9.7116069793701172:5.9591522216796875] [-0.9298863410949707:7.9128460884094238] [-2.3823018074035645:2.1604068279266357] [-7.6307611465454102:3.7099967002868652] [-10.282492637634277:10.054934501647949] [-7.8237771987915039:3.8801119327545166] [-9.6624650955200195:7.5855727195739746] [-1.2038989067077637:12.381999015808105] [-0.70898199081420898:1.5416167974472046] [-3.8389017581939697:4.3642787933349609] [-25.350629806518555:23.258190155029297] [-2.4980876445770264:2.1499311923980713] [-9.4105911254882812:8.9435644149780273] [-0.94410431385040283:2.5602991580963135] [-1.0469387769699097:6.5064635276794434] [-0.97248846292495728:1.0031051635742188] [-6.7219266891479492:3.1553082466125488] [-12.718597412109375:6.8183674812316895] [-7.428154468536377:3.0101637840270996] [-8.5844640731811523:5.3507523536682129] [-1.1538286209106445:8.7812128067016602] [-0.95383995771408081:1.4603757858276367] [-3.9496066570281982:2.972590446472168] [-5.3942785263061523:6.6779446601867676] [-4.7204103469848633:2.5806591510772705] [-6.1981134414672852:6.2408151626586914] [-1.2577050924301147:5.5625357627868652] [-1.8992078304290771:5.8688054084777832] [-4.458125114440918:4.123466968536377] [-10.813165664672852:6.6655302047729492] [-3.6132571697235107:3.1470379829406738] [-6.7788991928100586:4.7348928451538086] [-1.0769661664962769:4.8030462265014648] [-1.8958737850189209:3.4569270610809326] [-4.5055313110351562:3.6911571025848389] [-6.5081377029418945:6.2507791519165039] [-4.5579943656921387:3.2501280307769775] [-6.7046279907226562:4.8687105178833008] [-1.1942888498306274:3.7773139476776123] [-0.82480812072753906:8.3465471267700195] [-0.79978764057159424:6.7594099044799805] [-4.5610880851745605:10.259617805480957] [-1.625831127166748:12.370974540710449] [-1.7594540119171143:5.7340340614318848] [-0.74907994270324707:1.749661922454834] [-4.9736018180847168:4.0086274147033691] [-6.1091465950012207:8.5186319351196289] [-5.9022583961486816:3.9153778553009033] [-6.3827548027038574:5.5207457542419434] [-1.0849379301071167:5.7513236999511719] [-1.0846290588378906:1.5173118114471436] [-6.7263026237487793:4.4884047508239746] [-9.5026407241821289:9.2912931442260742] [-8.6376934051513672:4.3974432945251465] [-8.1317939758300781:6.3436112403869629] [-1.0913305282592773:7.8611559867858887] [-1.8642940521240234:1.4933617115020752] [-6.7242422103881836:2.7763915061950684] [-9.3532896041870117:9.0619716644287109] [-6.105039119720459:2.2422554492950439] [-7.5903654098510742:5.0292925834655762] [-1.293832540512085:9.602147102355957] [-1.2300747632980347:1.2016496658325195] [-9.5224428176879883:7.2516984939575195] [-13.670286178588867:11.336268424987793] [-8.4882373809814453:7.5027093887329102] [-12.290436744689941:9.4095945358276367] [-0.84037995338439941:9.5527544021606445] [-0.83692842721939087:1.7304461002349854] [-7.0480375289916992:4.5783920288085938] [-8.6149415969848633:8.7114295959472656] [-7.6057891845703125:4.6318464279174805] [-6.283503532409668:5.5064849853515625] [-1.0498855113983154:6.7924981117248535] [-0.62572264671325684:2.5630173683166504] [-6.2152667045593262:3.3810155391693115] [-8.1203098297119141:11.461871147155762] [-6.6371617317199707:3.6268472671508789] [-6.8850412368774414:4.5162501335144043] [-1.1091222763061523:8.8271360397338867] [-0.58676451444625854:1.1696947813034058] [-7.4611063003540039:3.169459342956543] [-7.285914421081543:7.6408786773681641] [-6.413121223449707:2.7555499076843262] [-9.0820951461791992:5.2803277969360352] [-1.1725237369537354:6.9729628562927246] [-0.65329450368881226:1.6937421560287476] [-8.564692497253418:3.0878362655639648] [-7.1713218688964844:10.35795783996582] [-7.4014801979064941:2.7688305377960205] [-9.7468175888061523:4.3004851341247559] [-1.2301589250564575:10.973478317260742] [-0.48115769028663635:1.5245074033737183] [-7.6809487342834473:2.2492554187774658] [-10.377435684204102:11.314580917358398] [-6.7077536582946777:2.9510018825531006] [-8.9834623336791992:3.5976033210754395] [-1.1391757726669312:8.6837987899780273] [-0.65745192766189575:1.6670964956283569] [-8.0099420547485352:4.9953522682189941] [-10.799098968505859:8.0085048675537109] [-8.6606683731079102:5.172081470489502] [-8.4142074584960938:6.3354358673095703] [-0.88547194004058838:7.4337863922119141] [-0.69230771064758301:1.307692289352417] [-0.99346405267715454:1.0326797962188721] [-1.5286624431610107:1.3121019601821899] [-4.7142858505249023:2.9285714626312256] [-5.8333334922790527:4.2777776718139648] [-1.3333333730697632:1.5789474248886108] [-0.8657718300819397:1.7449663877487183] [-0.41836735606193542:2.1989796161651611]
tree_sizes=6862 7183 7192 7191 7211 7194 7203 7179 7209 7192 7154 7201 7206

Tree=0
num_leaves=63
num_cat=0
split_feature=9 181 65 254 32 126 144 96 64 197 96 117 25 40 114 138 44 44 96 111 126 163 121 63 162 109 192 252 255 16 108 109 64 44 15 246 192 221 47 188 255 31 257 172 240 111 184 192 60 109 60 249 69 39 222 85 108 85 168 172 91 250
split_gain=1598.17 900.375 812.16 649.944 620.153 614.614 591.629 514.631 445.345 430.235 625.908 409.175 401.633 496.091 421.568 384.779 343.886 329.792 460.841 264.185 281.286 255.335 252.937 250.451 281.143 237.962 230.294 224.611 211.05 205.964 202.755 202.555 199.222 193.142 185.448 174.747 170.635 167.868 165.569 156.622 149.286 148.37 145.252 143.583 138.798 147.276 134.988 133.469 132.166 128.4 127.771 126.749 124.59 121.753 120 118.716 114.724 112.681 109.656 105.787 110.2 105.073
threshold=0.94230768084526073 0.63351979851722728 0.54764705896377575 1.1878980994224551 0.92311805486679088 -0.64068821072578419 -0.04163719899952411 1.0761528611183169 -0.030364372767508026 -0.11676368117332457 -0.081010576337575899 2.8564583063125615 0.066668955609202399 -0.064340798184275613 -0.99785819649696339 -0.80282750725746144 0.012499999720603229 -0.47250001132488245 0.09811593592166902 -0.3529780358076095 0.52800300717353832 0.68415763974189769 0.35325302183628088 7.1508271694183358 1.5659866333007815 0.10787239298224451 0.76633518934249889 0.34615385532379156 -0.16071429103612897 0.68688523769378673 -0.36296941339969629 0.12443542852997781 1.2206478118896487 0.38750000298023229 0.49652777612209326 -0.21169865876436231 -0.095485825091600404 3.3747727870941167 -0.21428572386503217 -0.21403318643569944 1.1964285969734194 1.2222222089767458 0.026315789669752124 -1.2548106908798216 -0.34109194576740259 0.3279163539409638 -0.25817264616489405 0.85658743977546703 39.500000000000007 -0.10600063204765318 38.500000000000007 0.023992545902729038 -1.6796391010284422 -0.41804458200931544 1.5360286831855776 1.5448460578918459 0.31269235908985143 0.22823792695999148 -0.036720484495162957 -0.30915512144565577 -0.049323238432407372 0.70576146245002758
decision_type=10 10 8 10 10 8 10 8 10 10 10 10 8 8 8 10 10 10 10 10 10 8 8 10 10 10 10 2 8 10 2 10 10 8 10 10 10 10 8 10 10 10 8 10 8 10 8 10 2 10 2 10 10 10 10 8 2 10 10 10 10 8
left_child=1 2 3 4 5 35 -3 11 42 10 38 12 13 16 22 23 17 27 31 48 51 -6 -14 24 -2 37 -5 40 43 44 -15 -19 -17 -24 49 -1 -12 58 41 -27 -7 -4 -9 -8 -18 -46 -22 -41 59 -29 -48 54 -30 -20 -21 -52 -54 -55 -11 60 -16 -32
right_child=15 6 9 26 21 7 28 8 -10 25 36 -13 14 30 19 32 29 18 53 20 46 -23 33 -25 -26 39 -28 34 52 -31 61 -33 -34 -35 -36 -37 -38 -39 -40 47 -42 -43 -44 -45 45 -47 50 -49 -50 -51 55 -53 56 57 -56 -57 -58 -59 -60 -61 -62 -63
leaf_value=0.28699946232179108 0.2875024572271947 0.29594235821576909 0.30049573880875768 0.28988189642146078 0.29930537523758738 0.29846997372374656 0.27566486573226789 0.28790537469211525 0.29494075829960897 0.29756913814015551 0.28992392157708002 0.27834033433346778 0.29221221816207765 0.3046881241144429 0.28834634280206162 0.28588314376413371 0.28516919601754082 0.28967023670596814 0.30241018113217033 0.29328038063144207 0.29061763557332998 0.28275326706864129 0.28066252237023315 0.29369302222589244 0.27880801887755974 0.288265750008597 0.27466277513607817 0.29658830514183976 0.27645938772246181 0.28644621709947604 0.29938610570624402 0.28148621585546529 0.29749547762926853 0.29170624009129925 0.2835362198506885 0.27540552718464484 0.27982807980551988 0.28841879408903665 0.29392332613761613 0.29840143269648667 0.2912974011407124 0.27980940345476368 0.2761944492691617 0.2850565822388425 0.3012972998001745 0.29611338514326618 0.29353796447926911 0.28714946953159953 0.30135269575398965 0.29130822566230768 0.29899019362926638 0.28683619862503135 0.291868301454771 0.29676316865346519 0.28252571543543237 0.28089903922977999 0.2858178992909029 0.28718488771511463 0.30286833870248669 0.29749451906695207 0.29981113030006062 0.29129155035129384
leaf_weight=383.25403386354446 533.27620676159859 642.42773875594139 851.18616205453873 159.07734483480453 104.74631321430206 1593.7102608680725 332.10454913973808 154.67212605476379 318.15468966960907 523.48683169484138 367.83576813340187 168.37725114822388 609.87806665897369 671.30639520287514 331.37034600973129 290.01023635268211 76.846594274044037 666.9011764228344 207.53475141525269 821.57330247759819 871.00964656472206 795.6314585506916 582.2230820953846 182.81657937169075 1243.2506334781647 238.12654849886894 266.51573619246483 771.64748963713646 101.8095006942749 155.65106356143951 619.91217610239983 554.32336315512657 299.06540828943253 217.81359523534775 208.75842329859734 197.25590759515762 307.63111147284508 101.32003194093704 1165.6698360741138 981.62958481907845 354.13064303994179 35.241750240325928 343.6070648431778 324.76251783967018 1124.7991951704025 1074.6286479532719 1669.088448882103 117.2277664244175 471.84787821769714 1138.9937890172005 854.61244332790375 1022.7449600994587 476.49783137440681 348.99122112989426 117.71723517775536 36.954890877008438 917.50917813181877 188.20073565840721 1585.6340264379978 691.12987971305847 111.10940700769424 215.61098584532738
leaf_count=1566 2179 2625 3478 650 428 6512 1357 632 1300 2139 1503 688 2492 2743 1354 1185 314 2725 848 3357 3559 3251 2379 747 5080 973 1089 3153 416 636 2533 2265 1222 890 853 806 1257 414 4763 4011 1447 144 1404 1327 4596 4391 6820 479 1928 4654 3492 4179 1947 1426 481 151 3749 769 6479 2824 454 881
internal_value=0.292294 0.292933 0.293481 0.292549 0.292799 0.293165 0.287526 0.29347 0.285704 0.296643 0.293655 0.293812 0.293954 0.295312 0.292344 0.284689 0.29437 0.29309 0.289728 0.29335 0.29229 0.284686 0.287358 0.28256 0.281413 0.298938 0.28033 0.294715 0.285013 0.297544 0.300597 0.285949 0.291779 0.283663 0.292461 0.283036 0.285313 0.300953 0.296404 0.295603 0.297166 0.299659 0.279812 0.280289 0.298305 0.298768 0.294016 0.297197 0.296909 0.293441 0.295173 0.28927 0.287095 0.295924 0.291925 0.298227 0.287884 0.293402 0.301557 0.295053 0.291238 0.297297
internal_weight=32890.8 30342.4 27547.3 21272.3 20846.7 19946.3 2795.11 19365.8 816.434 6274.99 2727.56 18549.4 18381 9971.95 8409.07 2548.42 8465.12 6033.19 1965.95 6999.16 5393.7 900.378 1409.91 1959.34 1776.53 3547.42 425.593 4067.24 2152.68 2431.93 1506.83 1221.22 589.076 800.037 2119.4 580.51 675.467 2210.44 2052.1 1336.98 1947.84 886.428 498.279 656.867 2276.27 2199.43 3431.67 1098.86 1605.46 1910.64 2560.66 1962.04 1495.82 744.727 939.291 891.567 1394.01 537.192 2109.12 1133.61 442.48 835.523
internal_count=134394 123981 112560 86920 85181 81502 11421 79130 3336 25640 11145 75794 75106 40746 34360 10413 34589 24652 8033 28599 22039 3679 5761 8006 7259 14495 1739 16619 8796 9937 6157 4990 2407 3269 8660 2372 2760 9032 8385 5463 7959 3622 2036 2684 9301 8987 14022 4490 6560 7807 10463 8017 6112 3043 3838 3643 5696 2195 8618 4632 1808 3414
is_linear=0
shrinkage=1


Tree=1
num_leaves=63
num_cat=0
split_feature=9 90 192 256 222 96 44 6 49 30 102 66 108 114 37 44 11 30 213 256 139 197 63 156 114 188 54 3 108 9 107 149 181 191 258 162 54 162 258 188 198 197 7 39 38 69 11 197 54 45 237 236 198 159 113 258 256 108 149 227 38 156
split_gain=1564.79 1046.16 935.28 700.018 665.612 585.427 687.475 433.996 387.059 354.59 768.59 322.973 452.207 333.257 312.57 291.774 290.368 279.825 306.895 276.862 273.136 261.661 260.253 253.533 239.972 287.442 238.382 212.231 210.767 209.275 206.809 205.468 199.784 188.717 185.297 211.054 174.648 173.482 172.022 158.098 138.595 137.422 181.194 137.149 136.449 161.018 136.361 136.302 133.293 129.249 126.084 122.179 118.48 116.779 115.591 114.38 114.262 111.154 109.837 105.383 140.587 103.391
threshold=0.94230768084526073 0.79219499230384838 -0.38841052353382105 0.19444444775581363 0.47302336990833288 1.2789794206619265 -0.040000000037252896 1.2406143546104433 1.4843750000000002 0.77083334326744091 0.63229060173034679 -0.96536886692047108 -0.37351679801940912 0.47062417864799505 0.24350579082965854 -0.12249999865889548 -0.047112461179494851 -0.54166665673255909 1.6284366250038149 -0.47222222387790674 0.32360421121120458 -0.60908854007720936 -0.19513839483261106 -0.008083845488727091 0.37178696691989904 0.67818778753280651 -0.82936507463455189 -0.51553130149841297 -0.48325586318969721 0.73224851489067089 2.2126518487930302 -0.59081405401229847 0.087246939539909377 -0.42281472682952875 -0.20469798892736432 -0.21343531459569928 -0.53571429848670948 -0.013605365529656408 0.64093959331512462 2.0885612964630131 -0.084759023040533052 -0.019349734298884865 0.75506755709648143 -0.17108953744173047 -0.48255163431167597 -1.6796391010284422 -0.43313069641590113 1.1593094468116762 -0.61507937312126149 0.34924623370170599 -0.22690290957689283 -1.481122553348541 -0.18778303265571591 0.30695453286170965 2.0445551872253422 -0.22483221441507337 2.0833333730697636 0.41684989631176 0.77384233474731456 -0.69118899106979359 -0.18975094705820081 -0.13473053276538846
decision_type=10 10 8 10 10 8 10 10 10 10 10 10 2 8 8 10 10 10 10 8 8 10 10 10 10 10 2 10 2 8 8 10 10 10 8 10 2 8 10 10 8 10 10 8 10 10 10 8 2 8 8 8 10 10 10 10 10 2 10 8 10 10
left_child=1 2 4 5 22 9 47 24 11 10 19 -5 20 17 -6 32 21 33 23 30 53 -12 -1 31 -2 -26 -21 -9 -10 -15 41 61 44 -14 35 -28 -16 -18 -39 50 -3 42 -4 -23 45 -11 48 -7 -33 -24 -36 -52 -8 56 -22 -25 -13 -17 -48 60 -53 -19
right_child=7 40 3 8 14 6 52 27 28 15 16 12 13 29 36 57 37 18 -20 26 54 43 49 55 25 -27 34 -29 -30 -31 -32 46 -34 -35 39 -37 -38 38 -40 -41 -42 -43 -44 -45 -46 -47 58 -49 -50 -51 51 59 -54 -55 -56 -57 -58 -59 -60 -61 -62 -63
leaf_value=-0.0099062828453819213 -0.013749220051865397 -0.0061450916817032616 0.0053760975631537127 -0.013562250145908521 -0.0032917116936280106 0.0083290937034535724 -0.0054888953159822227 0.0012605285041034351 0.0076477507325620918 0.0081381292939362668 -0.0089359829166366211 0.0073516252074778471 1.3601369888288114e-05 -0.010717404479220512 -0.0063313323722283647 0.012819265343594555 -0.010263978837991189 -0.0064662412771464848 0.010103603755534768 0.0083393241885446872 0.00026645844727781826 -0.0064795112216860049 0.0065835630434808836 -0.0039291044445586816 -0.013721767150592333 -0.002531146109145903 -0.0033603153075613501 -0.017859147332718189 -0.016425746858251242 0.00014303363451349238 -0.0007112452262413 0.0014678809540356527 0.01182408932178006 0.0072655491241513251 0.0064451063230778803 0.0045521065125107328 -0.014184417825194806 -0.0018401424111718554 -0.01968229521219984 -0.013210051741751319 -0.014485908532087317 0.0084495584209904068 -0.0074725798553842149 0.005227850147604963 0.0064514977604342725 -0.0001430544002210171 -0.001829583489607832 -0.011040299199124673 -0.0085965237647142954 -0.00032586988833744951 -0.011721958660263904 -0.01730130644707591 -0.017974378560916642 5.9439977293150314e-05 -0.010343005295450706 0.0030934832129627669 -0.01008816000890532 0.0014867431374459973 0.0077676380078063184 0.0031574032668622003 6.0555695311454082e-05 -0.015659962984298802
leaf_weight=163.66055257618427 894.84751124680042 374.73272135853767 1498.8639405965805 177.94613797962666 1039.9817804843187 247.2377056479454 104.26100774109364 599.86601209640503 42.798403218388557 293.30520595610142 199.80020059645176 1434.8064316958189 797.78836220502853 565.7396277487278 497.37278293073177 684.16280271112919 496.48666222393513 382.45956808328629 205.15057910978794 590.0410792529583 609.75957436859608 114.06754046678543 620.21937370300293 306.88334034383297 359.75482970476151 633.44868706166744 1193.6844223290682 63.262601673603058 221.48470973968506 257.9902396351099 440.02790033817291 171.00610759854317 322.7011002600193 651.61360682547092 880.9286365956068 468.60212968289852 667.12250211834908 876.18418937921524 56.635951638221741 59.059340804815292 431.88535675406456 1822.8170847147703 117.49748682975769 769.12706157565117 921.9293490499258 1159.9207353889942 1421.5286230742931 41.629581809043884 563.85894075036049 479.2326390594244 61.48109894990921 54.886490732431412 294.01966416835785 301.04254543781281 122.43977391719818 938.86240339279175 37.694702371954918 99.619855031371117 129.14761506021023 2393.6110926419497 281.15305541455746 181.38468071818352
leaf_count=668 3650 1530 6128 726 4248 1011 426 2451 175 1199 816 5867 3260 2309 2031 2800 2027 1562 839 2413 2492 466 2536 1254 1468 2586 4877 258 903 1054 1798 699 1320 2664 3602 1916 2722 3580 231 241 1762 7455 480 3144 3770 4740 5807 170 2302 1958 251 224 1199 1230 500 3837 154 407 528 9784 1149 740
internal_value=-2.83461e-05 0.000604219 0.000911292 0.00156044 -0.00396695 0.00280364 -0.00622629 -0.00754866 -0.000599629 0.00319538 0.00240171 -0.000258194 3.91292e-06 -0.0013739 -0.00728228 0.00601459 -0.00253514 -0.00052092 -0.00180181 0.0036595 0.00361789 0.00136918 0.00181959 -0.00240079 -0.00999194 -0.00659531 0.00230954 -0.000586131 -0.0125093 -0.00731868 0.00574034 -0.00404567 0.00445069 0.00327734 0.00164827 -0.00112779 -0.0108394 -0.00549305 -0.00294441 0.00288529 -0.0106246 0.00656605 0.00443743 0.00370906 0.00344392 0.0015321 -0.00270891 0.0055058 -0.00625432 0.00357339 0.00314796 0.00210503 -0.0147304 0.00573844 -0.001518 0.00136094 0.00689796 0.0113839 -0.00102515 0.00242101 -0.00281517 -0.00944805
internal_weight=32890.5 30339.3 29532.7 26065.1 3467.59 16543.7 687.148 2551.18 9521.39 15856.6 12375 9257.1 9079.16 6573.41 2204.48 3481.64 2512.3 5749.68 4300.28 9862.65 2505.74 1082.99 1263.11 4095.13 1888.05 993.204 5983.45 663.129 264.283 823.73 3879.21 2849.39 2697.86 1449.4 5393.41 1662.29 1164.5 1429.31 932.82 3731.12 806.618 3439.18 1616.36 883.195 2375.16 1453.23 2285.54 288.867 734.865 1099.45 3672.06 2791.13 398.281 1773.54 732.199 1245.75 1472.5 783.783 1550.68 2729.65 336.04 563.844
internal_count=134394 123981 120689 106526 14163 67624 2806 10413 38902 64818 50582 37824 37098 26855 9001 14236 10264 23492 17568 40318 10243 4426 5162 16729 7704 4054 24457 2709 1078 3363 15861 11638 11029 5924 22044 6793 4753 5838 3811 15251 3292 14063 6608 3610 9709 5939 9336 1181 3001 4494 15010 11408 1625 7251 2992 5091 6021 3207 6335 11157 1373 2302
is_linear=0
shrinkage=0.01


Tree=2
num_leaves=63
num_cat=0
split_feature=11 90 256 108 254 66 63 96 156 256 102 90 197 129 33 133 209 60 102 161 60 66 5 108 101 54 114 108 174 159 21 2 14 96 91 21 143 54 138 54 6 111 54 1 21 47 161 161 39 101 254 66 245 257 49 167 119 169 44 169 96 75
split_gain=1404.86 1023.08 785.958 641.93 559.231 519.685 469.465 438.441 428.887 358.757 659.645 341.102 340.625 328.308 325.706 372.238 338.099 291.831 277.126 266.15 264.526 261.892 259.469 235.096 216.075 211.138 331.097 320.529 213.241 193.858 188.743 187.792 187.498 183.982 180.019 172.936 170.613 151.329 161.957 144.821 142.828 139.725 191.342 138.422 134.108 128.528 125.489 123.115 152.484 121.494 106.329 104.433 103.342 101.526 101.414 124.31 101.129 99.865 98.2177 97.9969 106.86 97.1577
threshold=0.84346503019332897 0.79219499230384838 3.7007432742450314e-15 -0.37351679801940912 0.73566880822181713 -0.96536886692047108 1.3387970924377444 1.6840329170227053 -0.45276945829391474 -0.52777779102325428 1.2341602444648745 0.34590430557727819 1.1730219125747683 -0.88360136747360218 0.4147696346044541 0.76111784577369701 -0.62214177846908558 46.500000000000007 0.71540698409080516 2.1205811500549321 16.500000000000004 0.036165604367852218 -0.56666669249534596 0.24927479028701785 0.96621158719062816 0.19444444775581363 0.14167682826519015 0.084380574524402632 1.0991871953010561 -0.62252348661422718 -0.73479729890823353 -0.12923786789178845 -0.10416666790843009 -0.095380693674087511 0.64151737093925487 -0.75337839126586903 -0.62537068128585804 -0.21825397014617917 -0.20250504463911054 0.53571429848670971 -0.081911265850067125 0.0099677667021751421 -0.38492064177989954 -0.93568840622901905 0.52871620655059826 -1.0000000180025095e-35 -0.44906507432460779 0.065233748406171813 -0.17108953744173047 0.24278014898300174 1.1560509800910952 -0.9277590513229369 -0.74016770720481861 1.043859660625458 1.4843750000000002 -0.7254275083541869 0.14829696714878085 -0.3081087321043014 -0.12249999865889548 0.016237707808613781 -0.17782380431890485 -0.088373959064483629
decision_type=10 10 10 2 10 10 10 10 8 8 8 10 10 10 10 10 10 2 10 10 2 10 8 2 10 2 8 2 8 8 8 10 8 8 10 8 10 2 8 2 10 10 2 10 10 10 10 8 8 10 10 10 10 10 8 10 10 8 8 8 10 10
left_child=1 2 7 5 8 -4 -2 9 22 11 20 19 23 51 15 30 18 -14 46 54 24 -12 -5 61 56 27 -27 34 35 -18 -15 39 -7 -32 53 -29 -31 -37 -39 59 -17 -34 58 -9 -3 -44 -16 -35 -49 -28 -6 -10 -50 -22 55 -1 -11 -38 -43 -13 -61 -8
right_child=6 44 3 4 50 32 12 43 13 10 21 31 17 14 16 40 29 -19 -20 -21 25 -23 -24 -25 -26 26 49 28 -30 36 33 -33 41 47 -36 37 57 38 -40 -41 -42 42 45 -45 -46 -47 -48 48 52 -51 -52 -53 -54 -55 -56 -57 -58 -59 -60 60 -62 -63
leaf_value=0.0094165409148782037 -0.015227571326986527 -0.0085359335080128339 -0.013297500627513349 -0.016806620792228107 -0.0072216096891800866 -0.018446683787424884 0.0041649611559190372 -0.01805814052233708 -0.015640052985884594 0.003260754095511317 0.0037534038292011801 0.0075609987968961222 -0.012804704107524538 0.0081463444132599001 -0.015603947345231402 -0.012386798358597724 0.0045026509999820403 0.00035684893361034864 0.0024344120862499247 -0.011612942721134487 0.0047279301465620776 0.011511086107788374 -0.0048505814717648881 -0.0084069690251433165 0.0095053602389625486 0.00077246242481963543 -0.0054879634365964623 0.00067467137695855048 0.0053240816476271113 0.0036286768243007795 -0.0034207641505092918 -0.013900904092935394 0.0066222696319157837 0.0061795487892531854 -0.0013868625334006646 -0.0074321212759787267 0.0061748037974262929 -0.01691630929527424 0.00074671075872316767 0.011250845571362425 -0.00036819099613806305 -0.0035225185593283177 0.0027258118613187336 0.0042367781939843079 -0.019051098197056738 0.010123656561884747 -0.0070397120870782787 -0.0078574089387920057 0.010211558913273655 -0.015203928013758857 -0.015362266296237739 -0.0056106597243931267 0.0015713261469422798 -0.0078086238224709635 0.00056196399319798215 0.0055583688043049761 -0.002267362994423869 -0.0041220846114057141 0.0099854329990816809 0.0019824750332148259 -0.004759974349781349 -0.0023598345959681107
leaf_weight=1242.7445138990879 542.9795713275671 658.38273124396801 186.35698236525059 238.39841881394386 341.36871039867401 36.329097867012024 497.10849431157112 135.40580329298973 130.84406054019928 1165.9388303458691 1051.4813145399094 147.56142298877239 676.72057157754898 530.22475388646126 298.64685226976871 238.85421231389046 572.42847314476967 223.93352025747299 208.16153898835182 82.866718322038651 1782.2345996946096 743.96370932459831 758.77624395489693 353.95146417617798 452.00790466368198 525.63058722019196 253.25256879627705 724.08684115111828 317.92487813532352 419.31950649619102 573.63166227936745 87.386559903621674 1295.9252287000418 773.49207673966885 805.49051263928413 1058.4275384843349 99.28607776761055 56.739682868123055 513.0399527400732 127.14394670724869 168.63667245209217 556.09912715852261 934.01838557422161 34.485716447234154 149.41339246928692 313.60666839778423 407.95515334606171 159.992257848382 150.32784532010555 265.36818811297417 308.8210015296936 504.32812917232513 1641.3925574719906 66.092971980571747 278.77708667516708 2578.5033045709133 460.87354274094105 1561.8399014770985 58.588861152529716 500.57541556656361 441.30712425708771 420.10884945094585
leaf_count=5088 2211 2684 759 971 1393 148 2031 551 533 4768 4300 604 2756 2170 1216 974 2341 915 851 338 7291 3048 3098 1443 1850 2148 1034 2960 1301 1714 2342 356 5303 3164 3292 4318 406 231 2096 521 689 2272 3820 141 608 1284 1665 653 615 1081 1257 2058 6709 270 1140 10552 1883 6375 240 2046 1802 1716
internal_value=-2.80851e-05 0.000591889 0.000897464 -0.000879966 -0.00214398 0.00289033 -0.00691709 0.00240308 -0.00152517 0.00257606 0.00147032 0.00463937 -0.00483286 -0.000791792 -0.000228533 0.00164586 -0.00245449 -0.00953441 -0.00769349 0.0060312 0.000299901 0.00697307 -0.00772393 -0.00149604 0.00339638 -0.000711112 -0.00482025 9.5416e-05 -0.00235006 -0.000645381 0.00261351 0.000172676 0.00383884 0.00172171 0.00255634 -0.0033895 -0.00206381 -0.00519682 -0.00103701 0.00119498 -0.00742852 0.00410126 0.00234383 -0.0135284 -0.0105032 0.00459278 -0.0106778 0.00280539 0.00146516 -0.0104811 -0.0111074 -0.0076996 0.0023021 0.00427512 0.0063908 0.00681552 0.0016936 -0.00350269 -0.00221926 1.12458e-05 -0.00117725 0.00117603
internal_weight=32889.6 30174.8 29367 13467.7 10086.7 3380.92 2714.8 15899.3 9436.54 15729.4 10242.6 5486.87 2171.82 8439.36 7804.19 4236.55 3567.64 900.654 914.764 4182.89 8447.11 1795.45 997.175 1271.17 2078.82 6368.29 1044.25 5324.04 2670.22 2652.87 3829.06 1303.97 3194.57 3298.84 2653.82 2352.29 2080.45 1628.21 569.78 1216.59 407.491 3158.24 1862.31 169.892 807.796 1247.63 706.602 2725.2 1951.71 518.621 650.19 635.172 1791.72 1848.33 4100.02 3821.25 1626.81 1661.13 614.688 1089.44 941.883 917.217
internal_count=134394 123322 120030 55020 41194 13826 11072 65010 38544 64318 41871 22447 8861 34475 31884 17316 14568 3671 3732 17118 34523 7348 4069 5190 8501 26022 4263 21759 10906 10836 15653 5329 13067 13483 10853 9605 8495 6645 2327 4973 1663 12919 7616 692 3292 5104 2881 11141 7977 2115 2650 2591 7324 7561 16780 15640 6651 6781 2512 4452 3848 3747
is_linear=0
shrinkage=0.01


Tree=3
num_leaves=63
num_cat=0
split_feature=9 181 65 34 254 126 132 107 161 203 114 8 257 109 234 211 253 89 63 29 95 123 48 181 54 176 114 249 192 203 96 75 119 234 161 237 222 47 101 132 3 254 49 168 3 113 30 113 89 253 221 3 91 62 216 143 111 112 161 192 35 95
split_gain=1501.3 852.769 775.77 617.098 613.053 537.179 612.816 629.564 606.138 457.352 529.187 416.824 399.432 384.118 375.965 325.714 305.289 273.975 263.978 263.155 309.735 252.811 245.79 244.182 243.559 237.807 218.069 237.927 216.067 209.638 205.898 200.786 196.015 174.781 188.209 170.511 165.798 163.27 145.651 174.583 141.343 136.632 132.41 131.438 128.752 126.026 124.908 132.344 189.531 166.543 142.097 124.904 126.256 122.887 110.413 106.117 101.201 114.469 99.9195 99.9048 98.6605 97.9238
threshold=0.94230768084526073 0.63351979851722728 0.54764705896377575 -0.031083049252629277 1.1878980994224551 -0.64068821072578419 0.29794786870479589 -0.39135426282882685 -0.51995125412940968 -0.43577107787132258 0.73806607723236095 1.3826087117195132 0.78070175647735607 0.032897062599658973 -0.22861527651548383 0.87526172399520885 0.8660130798816682 76.500000000000014 -0.16659875214099881 -0.3314970582723617 -0.2148523926734924 -1.3112621307373045 -0.23437499999999997 -1.7545575499534605 -0.23412698507308957 -1.0452805161476133 0.58139529824256908 -0.62895184755325306 0.76633518934249889 0.15360873192548755 1.7559700012207033 0.39391006529331213 2.7050738334655766 -0.029052208177745339 0.21574126183986667 -1.1287778615951536 -0.18086607009172437 -0.35714286565780634 0.96621158719062816 0.029564325697720054 -0.12103222310543059 0.42356687784194952 0.14062500000000003 -0.061749380081892007 0.10915886983275415 -0.47254908084869379 -0.54166665673255909 -0.47850917279720301 3333.5000000000005 -0.44117647409439081 -0.5843185782432555 0.27412648499011999 1.0523425340652468 0.33636362850666052 -0.33562725782394404 3.2183825969696049 0.52414175868034374 -0.18805477768182752 -0.74727165699005116 -0.14782929420471189 -0.67651438713073719 2.506833672523499
decision_type=10 10 8 8 10 8 8 8 8 8 10 10 10 10 10 10 10 2 10 10 10 8 8 8 2 8 8 8 10 10 10 8 10 10 10 10 10 8 10 10 8 10 10 10 8 10 10 10 2 10 10 10 10 10 10 10 10 10 10 10 8 10
left_child=1 2 4 -3 5 36 7 33 24 -4 16 19 15 17 -12 25 31 -9 22 41 -21 -5 -15 -19 45 -10 27 35 -6 60 42 43 38 40 -35 -20 -1 -31 39 -25 -7 -2 56 -11 -26 -8 -27 50 49 -49 -48 52 -29 -34 -18 -33 57 -23 -16 -17 -28 -40
right_child=11 3 9 21 28 6 8 13 12 10 14 -13 -14 18 58 59 54 23 26 20 -22 30 -24 32 44 46 29 51 -30 37 -32 55 53 34 -36 -37 -38 -39 61 -41 -42 -43 -44 -45 -46 -47 47 48 -50 -51 -52 -53 -54 -55 -56 -57 -58 -59 -60 -61 -62 -63
leaf_value=-0.0039433144921092698 -0.0072817090226807218 0.0076663400117708471 -0.0022510171133166266 -0.017208142281576081 -0.0023681956428068564 0.0064049832880727657 -0.013933762984595479 -0.0087289440290461741 -0.010232054423861388 0.0052027801285665625 0.0082026105370958911 0.002975307619050602 -0.017240107802784878 0.0071873358699163867 0.0059822003395615898 0.0087902622160340709 0.002171673944209826 0.012353032740287092 0.0092025898770617415 -0.0015167081726959351 -0.014192966422314348 -0.0035577088198901524 -0.0096538681019206173 0.001076919100263171 -0.014300300568263084 0.0047477034710847925 -0.0086828333093298925 0.0037554043981005091 -0.017088694590912949 -0.01178874095492618 -0.016096471108089684 0.004309302528949511 -0.0096558392868306558 0.0065453151949339799 -0.005445342782864954 -0.0092482521353796469 -0.014644738068289562 -0.0022787452924530704 0.0076135937110797126 0.0074551173965941957 0.012517555357482531 0.0012464422261033311 0.0034957288678569695 0.0096902434740879836 0.0023898642546680005 -0.006833731721798084 -0.0091703871783704281 -0.0076223692871535756 0.0051329350831035101 0.00032763102063517444 -0.0015273146610262584 -0.01221004353358773 -0.0010551615886523022 0.0023053087835474572 -0.01614906224324365 -0.011568596714541966 0.0012494278652365096 -0.0087690313930725433 -0.0099900650111818673 0.00029195663554117281 0.0025022594051342553 -0.0044488190530690211
leaf_weight=308.28189261257648 667.53973542153835 353.6324524730444 929.43732099235058 199.8293035030365 159.22785784304142 1038.0572245419025 438.35038183629513 181.83662182092667 243.60034742951393 935.22574213147163 196.97588889300823 336.51223370432854 133.12955029308796 103.25512836873531 42.74956226348877 527.09321241080761 56.697581887245178 306.9425040781498 59.066806107759476 236.32436987757683 1055.1631887257099 834.43005587160587 516.58973123133183 1975.4778542518616 53.738696068525314 473.93391789495945 91.163085132837296 2300.9545969069004 268.17434626817703 356.48382867872715 168.33135002851486 1389.7996910065413 183.8899752497673 359.1116931438446 204.67327287793159 303.25312779843807 274.25460028648376 366.53800727427006 1027.9319166243076 547.60991606116295 599.98322729766369 260.66078597307205 182.63074800372124 2201.9036403745413 295.96072521805763 591.72181951999664 280.00303235650063 300.13852149248123 734.7905857861042 2106.7353801876307 1820.500656619668 56.920914366841316 714.17297467589378 159.62917885184288 76.384461835026741 42.435186937451363 203.62139581143856 857.3449022769928 393.04437132179737 187.85647468268871 545.02424658834934 71.269979879260063
leaf_count=1257 2720 1448 3797 812 650 4251 1783 741 993 3829 807 1376 541 423 175 2159 232 1258 242 964 4289 3404 2105 8079 219 1940 372 9416 1089 1453 684 5692 749 1471 836 1237 1115 1497 4210 2242 2464 1064 746 9023 1210 2413 1141 1224 3007 8608 7435 232 2919 652 311 173 832 3495 1601 768 2228 291
internal_value=-2.78201e-05 0.000592488 0.00112727 -0.00466445 0.000216109 0.000459556 0.000732052 0.00216453 -0.00137954 0.0042198 0.00534747 -0.00738613 -0.000154078 0.00108528 -0.00323286 0.000189093 0.00650271 0.00325993 -0.000704283 -0.00895804 -0.0118771 -0.00644986 -0.00683975 0.0037723 -0.00742077 -0.000576257 9.01307e-05 0.00143213 -0.0116253 -0.00329858 -0.00548516 0.00693808 0.00310498 0.00699832 0.00218859 -0.00622052 -0.00899966 -0.00697881 0.00378987 0.00246404 0.00865078 -0.00488696 -0.00461778 0.00835487 -0.000205543 -0.00986673 -0.000162867 -0.000607834 0.000691113 -0.000666077 -0.00255051 0.00233674 0.00261565 -0.00410418 -0.00837835 0.00383042 -0.00540151 -0.00620287 -0.00841085 0.00656221 0.0008868 0.00682725
internal_weight=32888 30331.8 27532 2799.82 21267.3 20839.9 20257.4 12069.8 8187.55 6264.65 5335.22 2556.2 6807.78 9868.01 632.77 6674.65 4702.45 4454.59 5413.42 2219.69 1291.49 2446.19 619.845 4272.75 1379.77 5959.7 4793.58 3434.37 427.402 1359.21 2246.36 4569.36 3965.81 2201.83 563.785 362.32 582.536 723.022 3622.29 2523.09 1638.04 928.201 2078.03 3137.13 349.699 1030.07 5716.1 5242.17 3141.66 2406.87 2100.5 3072.05 3015.13 343.519 133.082 1432.23 1895.4 1691.77 435.794 714.95 636.187 1099.2
internal_count=134394 123981 112560 11421 86920 85181 82809 49368 33441 25640 21843 10413 27816 40346 2583 27275 19260 18222 22124 9037 5253 9973 2528 17481 5625 24348 19596 14046 1739 5550 9161 18717 16223 9022 2307 1479 2372 2950 14822 10321 6715 3784 8477 12852 1429 4196 23355 21415 12839 9832 8576 12567 12335 1401 543 5865 7731 6899 1776 2927 2600 4501
is_linear=0
shrinkage=0.01


Tree=4
num_leaves=63
num_cat=0
split_feature=181 11 65 254 126 30 8 181 102 203 228 64 39 168 125 182 54 162 168 48 65 180 113 203 168 2 254 60 43 8 109 193 222 119 109 21 125 159 108 168 159 161 258 35 164 66 172 66 178 88 54 237 109 126 204 102 65 101 168 164 85 69
split_gain=1365.57 862.531 741.778 597.239 530.086 568.707 528.736 505.731 469.034 536.463 443.267 437.245 346.052 307.787 384.431 287.666 281.35 279.913 271.54 257.717 240.527 237.478 229.051 228.469 225.554 220.123 212.508 208.129 207.068 192.237 192.166 171.314 161.966 160.113 156.265 155.808 170.112 158.913 154.661 151.903 151.328 150.422 149.568 266.06 144.512 140.786 139.808 139.694 136.366 134.32 127.532 121.151 119.368 116.562 115.346 113.319 111.279 140.414 115.073 108.347 128.39 106.533
threshold=0.63351979851722728 0.84346503019332897 0.54764705896377575 1.1878980994224551 -0.64068821072578419 0.77083334326744091 0.74202898144721996 -1.7545575499534605 1.346389949321747 -0.43577107787132258 -0.40018938481807703 -0.62550607323646534 0.86454564332962047 1.3626758456230166 -0.30420123040676111 -1.5490863323211668 0.16269841790199283 -0.46003398299217219 -0.34051358699798578 1.4531250000000002 -0.9552941322326659 -0.84060418605804432 0.87801137566566478 -0.15625751018524167 0.51407343149185192 -0.57540354132652272 -0.71019110083580006 2.5000000000000004 1.2518796920776369 0.79855072498321544 -0.20897932350635526 0.34159976243972784 -0.18086607009172437 0.72651791572570812 0.1598678454756737 0.97804051637649547 -0.59657180309295643 0.46498808264732366 -0.95108583569526661 -0.061749380081892007 0.59125864505767833 -0.78569096326827992 -0.43959730863571161 0.57845085859298717 0.45100888609886175 -0.59932002425193776 0.63111725449562084 -0.032404622063040726 -0.72430190443992604 1.1930815577507021 -0.78174602985382069 -0.75632381439208973 -0.037128183990716927 -0.596490979194641 0.46343448758125311 0.59936317801475536 0.087647058069705977 -0.33889581263065333 0.80681580305099498 -0.24768673628568647 -0.16158970445394513 -0.46915994584560389
decision_type=10 10 8 10 8 8 10 8 10 8 8 10 10 10 8 10 2 8 10 10 10 10 10 10 10 10 8 2 8 10 10 10 10 10 10 10 8 10 2 10 10 8 8 10 8 10 10 10 8 8 2 8 10 10 10 10 10 10 10 8 10 10
left_child=1 2 3 4 32 6 7 34 9 -4 18 -9 13 14 21 -12 -15 -7 -2 28 -3 -13 -21 54 51 -5 31 -23 30 55 39 -16 -1 41 -6 36 -19 49 -30 -11 42 50 43 -28 45 -22 56 -43 -49 61 -29 -25 -50 -51 -17 -8 57 -44 -59 60 -14 -38
right_child=10 20 8 25 5 17 29 11 -10 19 15 12 59 16 26 23 -18 35 -20 22 44 27 -24 24 -26 -27 40 33 38 -31 -32 -33 -34 -35 -36 -37 37 -39 -40 -41 -42 47 46 -45 -46 -47 -48 48 52 53 -52 -53 -54 -55 -56 -57 -58 58 -60 -61 -62 -63
leaf_value=-0.003901900278035561 -0.0065675931702608124 -0.011528423889050154 -0.0022278070533392593 0.0071104578493140233 0.011578387996472341 0.011025973440117092 0.0067046837826996468 -0.013313738789373235 -0.0089127719455197631 0.0044118699906377868 0.0012452493607920357 -0.010201459200242962 0.0039079701571605166 0.0085199653068456435 0.0021262672391555116 -0.0016449831145612099 -0.0017649844160077227 0.0082325573283968719 0.005764966837480661 -0.010796273245652164 0.0011131625013123733 -0.0098497460846825521 0.008017120212414984 -0.0041043977556799579 -0.0045813975439279956 -0.015000347086095473 -0.014677958126412158 0.0037579869043840378 0.0051604318621671077 -0.0039516052473417161 0.0054854270938728914 -0.0076987491434302602 -0.014472647938963528 -0.019674810694018094 0.0028755864528252528 0.010302280005727789 -0.0022425342746264882 -0.0073229332197694147 -0.0061646341598973952 0.01136762670926436 0.00081847885955407254 0.0058930235354667385 -0.011547759264003183 -0.0028280600662415169 -0.0089543558877553525 -0.0071415686737965594 0.0032915341889388091 -0.0035453435773209379 0.0036270688649207689 -0.0071091146744350717 -0.012216889429306876 -0.014206537965502888 0.00013546672196826229 0.0014999131887326036 -0.0081364776327019894 -9.7951796914658664e-05 -0.00148746239194845 -0.0031411893692772533 -0.0099009907295210184 -0.014856597747646444 -0.012195913293240535 0.0075112422392537128
leaf_weight=308.44817563891411 283.35410507023335 537.44298614561558 929.73819090425968 51.327203691005707 376.59861794114113 531.07942916452885 1604.1843557208776 290.77997604012489 261.21050618588924 409.43521815538406 345.35013823211193 192.51690195500851 93.548348858952522 662.13814355432987 1111.0732550919056 546.55112954974174 443.375886246562 435.40545657277107 478.71999084949493 164.80528126657009 645.39803166687489 168.41082367300987 105.1790269613266 135.19465343654156 427.84663347899914 334.78782910108566 375.05020383000374 76.515027821063995 287.82118910551071 232.53087393939495 2517.3126645535231 210.15898798406124 274.74988996982574 34.793485075235367 457.7222336679697 279.00486962497234 137.0181643217802 189.32795576751232 206.00480490922928 1378.8725291788578 565.00206150114536 744.39401458203793 342.04257729649544 383.58995385468006 361.35861858725548 302.65308783948421 258.13538540899754 529.24143390357494 1931.8231622576714 177.35100382566452 140.59325580298901 1055.3549761474133 1985.7877339422703 1328.9052723795176 549.56327556073666 288.58284038305283 905.46716855466366 1274.9124435931444 313.74063251912594 214.54222698509693 103.12060485780239 598.80697020888329
leaf_count=1257 1154 2183 3797 210 1546 2183 6577 1182 1063 1678 1409 783 381 2716 4545 2230 1811 1786 1960 672 2636 686 431 551 1743 1358 1524 313 1179 949 10318 857 1115 141 1874 1144 561 773 840 5662 2309 3049 1393 1565 1472 1232 1056 2160 7902 723 572 4287 8118 5437 2238 1180 3698 5204 1278 871 420 2452
internal_value=-2.75557e-05 0.000711433 0.00116029 0.000257859 0.000489463 0.00076391 -3.70129e-05 -0.000734086 0.00418049 0.00475215 -0.00564615 -0.00120635 -0.000935703 -0.000641721 -0.00112465 -0.0073453 0.00439633 0.00431604 0.00117557 0.00603266 -0.00589988 0.000689878 -0.00346082 -0.00843864 -0.0108268 -0.0120477 -0.00295967 0.00106546 0.00656752 0.00461321 0.00727082 0.000558075 -0.00889984 0.00140511 0.00681424 0.0031798 0.00248293 0.00144994 0.000431128 0.00977901 -0.0040118 0.00154452 -0.00472041 -0.00869924 -0.00358186 -0.00152575 -0.00374209 0.00188615 0.00121401 0.00219413 -0.00659089 -0.0130646 0.00185796 0.000481554 -0.00490501 0.00566748 -0.00438355 -0.00573978 -0.00448219 -0.00995261 -0.0045498 0.00569305
internal_weight=32885.8 29063.8 27217 20956.6 20570.5 19987.3 16310.4 14185.1 6260.38 5999.17 3821.93 13350.8 13060 12648.8 11543.2 3059.86 1105.51 3676.9 762.074 5069.43 1846.85 5804.08 269.984 2714.51 1618.4 386.115 5739.17 5611.56 4799.45 2125.3 4305.62 1321.23 583.198 5443.15 834.321 3145.82 2866.81 2431.41 493.826 1788.31 4417.94 5408.35 3852.94 758.64 1309.41 948.051 3094.3 5191.25 4446.85 2242.08 217.108 1190.55 3917.61 1506.26 1096.11 1892.77 2836.16 1930.7 1588.65 411.211 196.669 735.825
internal_count=134394 118822 111299 85659 84091 81719 66660 57954 25640 24577 15572 54534 53352 51680 47153 12458 4527 15059 3114 20780 7523 23724 1103 11049 6581 1568 23429 22941 19677 8706 17658 5402 2372 22255 3420 12876 11732 9946 2019 7340 18027 22114 15718 3089 5340 3868 12629 21229 18180 9173 885 4838 16020 6160 4468 7757 11573 7875 6482 1672 801 3013
is_linear=0
shrinkage=0.01


Tree=5
num_leaves=63
num_cat=0
split_feature=9 90 65 102 187 96 254 33 30 156 8 66 102 31 48 111 90 139 156 30 44 161 211 63 107 90 233 151 155 174 257 139 174 228 60 63 54 114 21 174 38 74 5 188 174 101 33 162 209 210 195 28 161 33 222 99 155 193 54 155 87 101
split_gain=1422.66 944.796 752.346 915.908 543.122 519.106 536.952 555.981 450.383 381.737 381.266 373.973 342.855 334.39 366.158 326.264 290.872 284.336 280.976 280.331 368.808 274.872 252.121 222.431 213.032 212.681 216.779 212.343 205.573 200.125 199.512 178.012 167.936 167.888 163.047 162.944 158.731 145.721 139.893 136.54 149.058 146.108 134.214 125.166 122.111 117.916 117.575 116.009 113.81 111.509 108.498 107.277 107.068 108.986 106.954 106.91 106.019 102.678 100.778 90.5527 103.968 84.9209
threshold=0.94230768084526073 0.79219499230384838 0.32176470756530767 1.2525492310523989 -0.037084391340613358 1.0237910747528078 1.1878980994224551 0.9389932155609132 0.77083334326744091 -0.44476050138473505 1.3826087117195132 -0.96536886692047108 0.25879350304603582 1.2222222089767458 1.4531250000000002 -0.21895812451839444 -0.87807902693748463 1.8925560116767886 -0.6683383285999297 -0.54166665673255909 -0.29500000178813929 0.30626088380813604 0.94864201545715343 -0.072012182325124727 2.3159104585647587 -0.39954085648059839 -0.097323197871446596 0.75374215841293346 0.28547297418117529 0.53191787004470836 0.078947369009256377 0.44781224429607397 0.51060864329338085 0.45537391304969793 9.5000000000000018 0.5975179672241212 0.94047617912292492 0.442166417837143 0.52871620655059826 -0.4487654566764831 0.075665498152375235 -0.49458669126033777 -0.43333333730697626 -0.069163966923952089 0.4181788712739945 3.1931979656219487 0.54984602332115184 -0.28571423888206476 -0.40717902779579157 0.74516132473945629 -0.99584141373634327 0.39255474507808691 -0.49275651574134821 0.83828473091125499 0.48819604516029363 -1.0948347449302671 -0.72871810197830189 -0.96888563036918629 -0.78174602985382069 0.35258442163467413 1.4251650571823122 0.28410676121711737
decision_type=10 10 8 10 10 8 10 10 10 8 10 10 10 10 8 10 10 10 8 10 8 10 10 10 10 10 10 10 10 10 8 8 10 10 2 10 2 10 10 10 10 2 10 10 10 10 10 10 10 10 8 8 8 10 10 10 10 10 2 10 8 10
left_child=1 2 3 5 8 6 7 9 21 30 16 -11 -7 14 18 25 -2 19 -6 20 -17 52 36 51 42 26 -13 -18 -16 47 57 -22 -8 -10 55 -15 39 45 -3 40 48 46 -20 -23 -24 -27 -41 -5 -21 -9 -43 -14 56 -54 -32 -28 -4 -1 -33 60 -44 -36
right_child=10 38 4 29 13 12 32 49 33 11 -12 15 23 35 28 17 27 -19 24 22 31 43 44 -25 -26 37 34 -29 -30 -31 54 58 -34 -35 61 -37 -38 -39 -40 41 -42 50 59 -45 -46 -47 -48 -49 -50 -51 -52 -53 53 -55 -56 -57 -58 -59 -60 -61 -62 -63
leaf_value=-0.018125328458394631 -0.00083255419564849924 -0.0080160048906882664 -0.015267142040687794 0.011928995053731776 -0.0060529476852833036 -0.00089876586390807468 -0.014001024962716933 -0.003332113158693121 -0.0022159616231620478 -0.012402658404245728 0.0027860062200026009 -0.0048597002765385644 -0.016150461341851441 -0.014102662288018502 -0.015156284339905558 -0.011878278567953086 -0.012173765901042148 -0.013206724207802938 0.0043213254895989863 0.0052658503488048477 0.005934985927255134 -0.0033514345431622924 0.00051594687411610977 -0.0015763974740765577 -0.00057805731658336335 0.0064436876158825186 -0.0093816671907574097 -0.0040898823806612642 0.00090959319890211753 -0.011610489897559438 0.0027960264432072435 0.0090279797253078643 0.0079174429899524588 -0.015579658329054865 0.0029445431995867052 0.0025704308526995272 -0.0119418288943381 0.00073036134441846414 -0.018854598518232207 -0.0015497072946796184 -0.0026324956466864157 0.0043598149946085457 0.0091269558472942946 0.0033917616894954439 0.0070171135222876525 -0.0077883899425134394 0.0058340338457061394 0.0057738223746557384 -0.0027310942991975325 -0.012654072041579168 -0.0041081411348876436 -0.0069748212858856042 0.0048502152343753704 -0.0091989242722109212 -0.0049599128472764507 0.0015607314339596931 0.00071659906450282837 -0.0071966473513643504 -0.00042622374007737367 0.010458531830370019 0.0041324689747196507 0.0096803088230073761
leaf_weight=134.72508144378662 394.23572607338428 675.55878852307796 45.944539353251457 594.13548974692822 166.30217982828617 631.4566802829504 353.07336601614952 192.63938334584236 167.23098011314869 211.22920720279217 336.10649533569813 539.17540401220322 455.81435161828995 124.94671203196049 101.84365287423134 159.59098927676678 1408.6473810523748 160.75662261247635 896.6381618231535 753.74831530451775 1532.4352288544178 1174.0591278672218 676.79347234964371 205.0845907330513 330.14232234656811 2156.1386224329472 146.90841317176819 424.55488222837448 352.2237903624773 49.391182690858841 270.05486544966698 126.44933634996414 38.08369080722332 215.39886775612831 574.65607795119286 108.98737485706806 148.633943349123 668.15227219462395 145.01274797320366 681.4493436217308 706.47438795864582 159.11422617733479 1040.3311101049185 358.46307571232319 503.82449585199356 58.957986205816269 314.25269745290279 640.31738430261612 231.99831783771515 390.85307140648365 2778.2624963223934 180.56011335551739 2082.0775465667248 55.779706433415413 515.87045703828335 224.40447993576527 356.39849169552326 242.82648801803589 975.83431904017925 1550.8279068619013 701.20153665542603 278.13569587469101
leaf_count=546 1607 2745 187 2447 678 2578 1431 785 683 857 1375 2196 1847 507 414 649 5716 653 3676 3090 6283 4794 2768 838 1349 8839 597 1728 1441 201 1105 519 156 873 2350 447 604 2732 587 2781 2884 651 4271 1469 2066 240 1284 2624 948 1587 11342 735 8534 227 2103 916 1457 989 3991 6370 2875 1142
internal_value=1.90183e-05 0.000624106 0.000918777 -0.000210471 0.0031777 -0.000781129 -0.000284819 -1.01327e-05 0.000595628 0.00034123 -0.00713267 0.000775913 -0.00647284 0.00531791 0.00585045 0.000968059 -0.00863037 -5.7084e-05 0.00668135 0.00016098 0.00283569 0.00157118 -0.000913816 -0.0106486 0.00715142 0.00315413 0.000417304 -0.0103054 -0.00271704 0.00795206 -0.00517104 0.0037315 -0.0118497 -0.00976257 0.00274453 -0.00635271 -0.00177495 0.00482679 -0.00995325 -0.00150406 0.000870311 -0.00252586 0.00776082 -0.00177234 0.00329473 0.00606109 0.000783181 0.00874434 0.00338187 -0.00958911 -0.00364777 -0.0135636 0.00358864 0.00447906 -0.00229343 -0.00277947 -0.00113947 -0.0111366 0.000664616 0.00869563 0.0071201 0.00515133
internal_weight=32875.2 30311.6 29491.1 19662.3 9828.8 18378.4 16905.5 16514.3 4455.35 15930.9 2563.54 14767.4 1472.92 5373.44 5139.51 14556.1 2227.44 9909.62 4685.44 9748.86 2794.31 4072.72 6954.55 841.459 4519.14 4646.53 1763.28 1833.2 454.067 1283.84 1163.48 2634.72 391.157 382.63 1224.1 233.934 5773.93 2883.25 820.572 5625.3 1692.22 3933.08 4189 1532.52 1180.62 2215.1 995.702 1234.45 985.747 583.492 2937.38 636.374 2540.2 2137.86 785.925 371.313 402.343 377.552 1102.28 3292.36 1741.53 852.792
internal_count=134364 123938 120606 80354 40252 75082 69084 67497 18224 65125 10426 60382 5998 22028 21074 59525 9051 40513 19219 39860 11442 16668 28418 3420 18541 19012 7201 7444 1855 5272 4743 10793 1587 1556 5005 954 23584 11811 3332 22980 6922 16058 17192 6263 4834 9079 4065 5071 4038 2372 11993 2582 10405 8761 3208 1513 1644 1535 4510 13516 7146 3492
is_linear=0
shrinkage=0.01


Tree=6
num_leaves=63
num_cat=0
split_feature=11 21 254 150 89 253 63 195 114 109 96 26 216 125 129 228 246 60 54 26 223 203 38 60 109 222 33 246 188 186 20 43 188 54 95 159 54 254 7 246 127 150 31 227 251 187 45 184 125 3 114 109 126 205 188 186 30 191 91 153 95 153
split_gain=1275.68 723.37 618.069 566.124 765.441 492.027 441.526 440.643 440.3 430.03 347.553 340.263 303.153 314.005 383.834 337.328 290.707 290.607 458.594 419.586 286.789 296.588 297.189 282.756 274.088 270.327 268.497 236.987 227.247 223.622 192.45 214.081 189.738 169.384 160.978 206.263 178.81 159.896 159.133 152.424 148.366 148.12 146.216 146.023 141.265 138.708 138.456 137.476 130.676 126.409 126.307 125.369 125.264 124.556 116.153 133.105 110.295 108.844 104.947 114.088 100.171 100.025
threshold=0.84346503019332897 0.97804051637649547 1.1878980994224551 1.0000000180025095e-35 3515.5000000000005 -0.69607844948768605 1.3387970924377444 -1.5974230170249937 1.2356179952621462 0.19226711988449099 1.0761528611183169 -0.51976743340492237 1.4553843140602114 -0.23440970480442044 1.0041362047195437 0.18469780683517459 0.3996261358261109 23.500000000000004 0.41666667163372045 -1.1165697574615476 -0.11481414362788199 -0.073086291551589952 -0.42314144968986506 7.5000000000000009 -0.081769503653049455 1.6553649902343752 0.064971921965479865 -0.38058269023895258 0.63299253582954418 -0.58034798502922047 0.30198019742965704 0.64285713434219371 0.7294808328151704 -0.74999999999999989 0.045466672629117973 -0.042754627764224999 -0.72619047760963429 0.99044588208198558 -0.55236488580703724 -0.21169865876436231 -0.72861281037330616 -0.35960917174816126 0.40740741789340978 -0.34323698282241816 -0.39709292352199549 0.088874757289886488 -0.44974873960018152 0.93994683027267467 -0.42554637789726252 -0.0094147273339331133 -0.585679531097412 0.60322389006614696 0.8137652873992921 0.27458095550537115 -0.33574149012565607 -0.78313031792640675 1.0000000180025095e-35 -0.044947432354092591 0.57186159491539013 -0.2392289340496063 0.43381527066230779 -1.1695347428321836
decision_type=10 10 10 10 2 8 10 8 10 10 10 10 10 10 10 8 10 2 2 8 8 10 8 2 10 8 8 8 10 10 10 8 10 2 10 10 2 10 10 10 8 8 8 10 10 10 10 8 10 10 10 10 8 10 10 10 10 10 10 10 10 10
left_child=1 2 3 8 5 53 -2 -7 9 17 12 23 13 15 34 58 32 18 27 -20 21 22 -11 -8 38 -6 49 -1 47 -26 31 52 -12 -13 35 45 -36 61 -17 -10 -38 -4 -21 -31 48 -15 -23 -28 -27 60 -37 -25 -22 -5 55 -40 -32 -16 59 -9 -19 -29
right_child=6 -3 41 4 25 7 11 10 39 20 16 33 -14 14 57 24 -18 26 19 42 30 46 -24 51 29 44 28 37 -30 43 56 -33 -34 -35 36 50 40 -39 54 -41 -42 -43 -44 -45 -46 -47 -48 -49 -50 -51 -52 -53 -54 -55 -56 -57 -58 -59 -60 -61 -62 -63
leaf_value=0.0062417683501113999 -0.014649405396004183 0.010600204703101326 0.0040043410464052267 -0.0076278343821141762 0.011323118545351604 -0.015557930263439063 -0.009271834935267554 0.0004703813264583512 -0.003779492002250388 -0.010518255109907448 -0.01188250290140529 0.0014885213299314498 -0.010856281053047813 -0.0015398813855084235 -0.001164773590643067 -0.0017481577023645428 0.003669156413740052 0.0079938745553503505 -0.010896268475485927 0.0082879465636918372 0.0028250186237001613 0.00078575178708867777 0.0029536995136989208 0.0015680862484999641 0.00080469590819445705 0.0024091987891080974 -0.0052399725738203973 -6.8875218405224347e-05 0.0082245237693555455 -0.009444213450441526 -0.004567202229517028 0.008538168509451478 0.00067093236093614507 -0.013969166106725281 0.0024131360048983606 -0.011890272553938269 -0.00050269301093058924 -0.01665989853779529 0.0065983326234285338 -0.016194283046076313 -0.010328203781322313 -0.015132082484663663 0.0030748793320744838 -0.0021497944218093145 0.0043652577081900283 0.0050052417870753933 -0.010649771151658122 0.0060611543034911489 -0.0070883824706090819 0.010620464770352118 -0.003588140470100747 -0.0072043693114177271 -0.0034423120017433866 -0.017554418741622807 0.0077114997630111336 -0.00060352323854508659 0.00090612817029072398 0.0085717304268991806 0.0011322753760060558 0.010428286526615595 0.004052061118705725 -0.0062272325758331729
leaf_weight=241.7613372951746 538.63622610270977 706.71706771850586 45.933082580566406 535.39292474091053 438.25477814674377 214.29909445345402 427.72842007875443 143.00616550445557 318.79192474484444 205.28037421405315 640.6598489433527 83.962750926613808 277.61889161169529 1106.550292134285 163.99501137435436 619.81564280390739 210.91956712305546 1196.3928672373295 163.90879967808723 1066.2753193825483 1829.8363145887852 131.26140721142292 793.08438396453857 1023.2447179853916 1116.8595849871635 360.49043117463589 475.17794544994831 477.35210378468037 275.83445046842098 512.16864588856697 605.00661973655224 583.84552870690823 147.90013971924782 444.21990045905113 186.0722314864397 222.37907534837723 193.98399591445923 99.858158156275749 420.20456784963608 143.17498800158501 744.67730431258678 312.1371595710516 1090.4933439493179 592.54271987080574 1448.4715754389763 456.53237622976303 540.26158006489277 138.10647934675217 240.72232645750046 714.71480052173138 1035.4261549711227 192.71599712967873 385.15239752829075 166.46685089170933 597.72877483069897 655.86136391758919 936.91046659648418 378.85091176629066 262.69651298224926 594.25459404289722 1409.6586268395185 589.35708697140217
leaf_count=991 2180 2907 188 2179 1803 868 1735 586 1299 835 2598 343 1127 4519 670 2530 864 4915 665 4381 7498 537 3248 4178 4567 1475 1935 1951 1134 2085 2469 2400 603 1799 761 902 791 405 1722 579 3026 1262 4467 2419 5939 1871 2196 566 982 2940 4220 784 1573 673 2452 2679 3833 1555 1075 2447 5781 2402
internal_value=1.8808e-05 0.000609477 0.000369377 0.000530311 -0.000851456 -0.00188269 -0.00655127 -0.00138583 0.00193831 0.00225665 -0.00111516 -0.00453661 -0.000567472 -0.000280782 -0.0022445 0.00131732 -0.00674182 0.00378425 0.00175029 0.0044816 0.000238521 -0.00328185 0.000174888 -0.00228894 0.000152717 0.00420241 0.00558479 -0.00274972 0.000701949 -0.00234995 0.00159348 0.00315604 -0.00952888 -0.0115119 -0.00332953 -0.00205228 -0.00652738 -0.00461774 0.00257718 -0.00765597 -0.00830142 -0.0126702 0.00565525 -0.00553804 0.00267462 0.000373103 -0.00841516 -0.0026877 -0.00139738 0.00689125 -0.00506503 0.000172152 0.00173371 -0.0100053 0.00417957 0.00221139 -0.00124238 0.00563174 0.00656951 0.00850136 0.00586443 -0.00347495
internal_weight=32871.6 30161.1 29454.4 29096.3 14684.8 12196.9 2710.51 11495 14411.5 13949.5 11280.7 2171.87 10281.2 10003.6 4488.47 5515.14 999.48 7938.89 3729.01 2320.68 6010.64 1669.89 998.365 1643.69 4515.18 2487.94 4209.89 1408.33 889.119 2221.57 4340.75 2798.83 788.56 528.183 3945.62 2820.89 1124.73 1166.57 2293.61 461.967 938.661 358.07 2156.77 1104.71 2049.68 1563.08 671.523 613.284 601.213 3320.77 1257.81 1215.96 2214.99 701.86 1673.79 1076.07 1541.92 542.846 999.957 737.261 2606.05 1066.71
internal_count=134364 123345 120438 118988 59988 49789 11019 46937 59000 57122 46069 8839 42004 40877 18315 22562 4065 32533 15262 9513 24589 6816 4083 6697 18454 10199 17271 5749 3635 9071 17773 11471 3201 2142 16090 11512 4578 4758 9383 1878 3817 1450 8848 4504 8396 6390 2733 2501 2457 13636 5122 4962 9071 2852 6853 4401 6302 2225 4108 3033 10696 4353
is_linear=0
shrinkage=0.01


Tree=7
num_leaves=63
num_cat=0
split_feature=9 90 65 102 32 96 254 203 90 156 46 102 23 117 102 45 215 188 38 135 54 39 63 32 32 249 90 60 67 174 34 254 113 119 133 161 139 205 131 121 139 19 155 30 97 7 188 54 69 233 3 240 39 100 28 41 119 217 54 186 105 74
split_gain=1365 910.405 728.24 886.785 511.378 566.871 553.472 492.319 505.619 383.024 370.391 366.055 364.72 330.328 330.2 329.701 294.892 425.552 281.857 234.493 416.73 292.589 214.75 212.616 292.373 261.878 293.264 206.724 204.947 194.297 184.219 175.311 168.095 164.941 154.47 153.097 150.948 145.144 141.217 138.516 134.503 134.057 133.477 130.807 129.772 122.003 120.765 119.793 115.832 113.028 112.096 111.202 105.506 105.377 104.046 102.94 99.8219 96.2513 96.0594 95.5291 95.1016 91.9566
threshold=0.94230768084526073 0.79219499230384838 0.32176470756530767 1.2525492310523989 0.92311805486679088 1.0237910747528078 1.1878980994224551 -0.3092974573373794 -0.70237588882446278 -0.44476050138473505 -1.6428571343421934 0.41068834066390997 -0.11835749074816702 2.8564583063125615 0.25879350304603582 -1.1658291220664976 0.60758572816848766 0.50349161028862011 1.5614793896675112 -0.33005432784557337 0.13095238804817202 -3.6265963315963741 -0.072012182325124727 0.18368882685899737 0.53793594241142284 -0.14300353080034253 0.44042418897151953 25.500000000000004 -0.41304346919059748 0.53191787004470836 0.56726565957069408 1.0923566818237307 0.14150270819664004 1.5288136005401614 -0.24879585206508634 -0.1562709957361221 -0.54954764246940602 -0.12431155890226363 -0.11804870888590811 -0.44098024070262903 -0.15734609961509702 0.60130721330642711 10.522288322448732 0.60416665673255932 -0.0054112824145704499 -0.53885135054588307 -0.31435953080654139 -0.019841270521283146 -0.90267899632453907 1.6608598232269289 -0.10721995681524275 1.1768234968185427 0.098268989473581328 -1.4578561186790464 0.39255474507808691 -0.027467969805002209 0.25880602002143865 0.74599239230155956 -0.84523808956146229 -0.56137171387672413 0.32505151629447943 -0.19724332541227338
decision_type=10 10 8 10 10 8 10 8 8 8 10 10 10 10 10 10 10 10 8 8 2 8 10 10 10 8 10 2 8 10 8 10 10 10 10 10 10 10 10 8 8 10 10 8 8 10 10 2 10 10 8 10 8 10 8 10 10 10 2 10 10 2
left_child=1 2 3 4 5 6 9 32 12 30 -2 44 53 18 -7 27 34 -18 19 20 52 -22 54 25 39 37 40 -12 -23 50 -1 43 35 -8 -13 -4 -32 -21 -17 -25 60 -3 48 -28 45 -10 -30 -39 -29 -48 -5 -6 -11 -9 -16 -40 -19 -41 -42 -37 -27 -26
right_child=10 41 7 29 51 14 33 8 11 13 15 16 -14 -15 22 38 17 56 -20 23 21 28 -24 24 61 26 31 42 46 -31 36 -33 -34 -35 -36 59 -38 47 55 57 58 -43 -44 -45 -46 -47 49 -49 -50 -51 -52 -53 -54 -55 -56 -57 -58 -59 -60 -61 -62 -63
leaf_value=-0.0006395984115944031 0.0030847033886995134 -0.0078643582749619474 0.0018841794218492291 0.0053453811583557519 -0.0032152173901724974 -0.0008699787078482906 -0.013748936388877709 0.0022908045166873865 0.0046230325989666185 0.0077853284906682857 -0.012152176033502675 0.0093995932593320293 0.0030149993780248532 -0.013055755654159999 -0.015834382072518582 -0.0042025257676703686 -0.015536416614004128 0.0057008615809589569 0.0083440887886438251 0.0011033316842104142 0.0088431023297240972 0.0048042411582931285 -0.0015199489900861094 -0.012568234086210217 0.003126283655529975 0.0078699170171058486 -0.0045004744776545444 0.0023714231067048933 -0.011436187121497446 -0.011421120815925452 -0.015329993558200548 -0.014217524046688957 0.0072480879676927647 0.007678706466392151 0.0023381364245881756 -0.0012666284784422239 -0.0051344063533766519 -0.0072310280826521703 -0.015377367836333174 -0.0030377661291617936 0.012251082171859195 -0.018458636000782905 -0.01485627967118818 0.0017185640243626704 0.0046588204411676668 0.0095263887257707337 -0.0010392819109847828 -0.0010311438720848345 -0.007104226879249052 -0.0095471983161098447 0.01141656436791276 -0.011084713501277941 0.0030257447927950227 -0.012665047543732993 -0.0068083743749039203 -0.0086600571847836212 -0.0012576493678723303 -0.011865410930816764 0.0018456154347762288 -0.0065253048246501954 0.0012475145827691627 -0.0014528801126632177
leaf_weight=518.01411125063896 319.45320858061314 676.67895798385143 775.81066469848156 569.4772625118494 269.11770251393318 631.68305672705173 352.82436552643776 55.021342322230339 673.60231849551201 1252.0160553455353 236.0532963424921 553.03248435258865 448.66877122223377 167.35456199944019 457.1180694848299 208.50898453593254 182.68043069541454 314.19467560946941 507.72333180904388 892.36188022792339 264.50631532073021 292.81243915855885 205.23218536376953 243.32459571957588 742.11094404757023 1000.8738646805286 522.25470434129238 499.43367925286293 208.372868090868 49.495327934622765 221.28720857203007 98.160265684127808 232.8673377931118 39.282215490937233 705.86469215154648 762.52833786606789 425.2348934262991 631.98179110884666 723.56589072942734 932.59211967885494 91.957773298025131 145.50227253139019 66.163820430636406 955.18991221487522 1469.6460716277361 2106.5199988335371 685.124028891325 615.51041723787785 172.81010910868645 201.50006920099258 661.83039262890816 547.63954100012779 745.65353471040726 311.36520041525364 180.90230737626553 341.57369974255562 594.74977298080921 141.79270002245903 1989.8842002749443 632.37747733294964 277.76600553095341 1068.7955130934715
leaf_count=2114 1304 2745 3176 2336 1096 2578 1426 225 2765 5145 955 2276 1842 678 1847 846 739 1289 2087 3652 1088 1200 838 988 3034 4111 2131 2039 845 201 896 398 956 161 2891 3114 1733 2574 2924 3804 379 587 268 3910 6036 8673 2797 2515 705 818 2735 2220 3054 1261 735 1385 2433 576 8150 2576 1137 4367
internal_value=1.86234e-05 0.000611972 0.000901635 -0.000209167 -0.000770072 -0.000410035 0.000134096 0.0031255 0.00440022 0.000427688 -0.00698062 0.00531783 -0.0030268 0.000870143 -0.00634131 -0.00841207 0.00214939 -0.00165299 0.00103338 0.000764812 0.00293974 -0.000775028 -0.0104328 -1.32357e-05 -0.00218371 0.000946467 0.00221309 -0.00402637 -0.00261394 0.00783268 -0.00508786 -0.00134557 -0.000806936 -0.0115856 0.00544602 -0.00167445 -0.00864391 -0.00197451 -0.011761 -0.00576553 0.00388182 -0.0097606 -0.00141444 -0.000480654 0.00706913 0.00834079 -0.00460112 -0.00417609 -6.98803e-05 -0.00298255 0.00861608 -0.00850008 0.00601166 -0.0104162 -0.0132914 -0.0132343 0.00115022 -0.00421368 0.00231138 -0.00365432 0.00643418 0.000423803
internal_weight=32867.4 30299.9 29477.7 19658.8 18378 17561.2 16086.3 9818.93 7415.35 15694.2 2567.56 6600.29 815.055 14529.6 1474.94 2248.11 2350.52 1091.62 14362.3 13854.5 3649.99 1652.32 843.253 10204.6 3128.62 7075.94 4936.09 974.461 1387.81 1280.8 1164.54 1575.6 2403.58 392.107 1258.9 2170.72 646.522 2139.85 1273.65 1317.71 3360.48 822.181 738.408 1477.44 4249.77 2780.12 1095 1247.49 672.244 886.624 1231.31 816.757 1997.67 366.387 638.02 1065.14 908.944 1074.38 2081.84 1394.91 1278.64 1810.91
internal_count=134364 123938 120606 80354 75082 71766 65768 40252 30430 64181 10426 27102 3328 59438 5998 9122 9628 4461 58760 56673 14947 6748 3420 41726 12769 28957 20216 3967 5660 5272 4743 6439 9822 1587 5167 8866 2629 8741 5155 5368 13777 3332 3012 6041 17474 11438 4460 5089 2744 3615 5071 3316 8199 1486 2582 4309 3722 4380 8529 5690 5248 7401
is_linear=0
shrinkage=0.01


Tree=8
num_leaves=63
num_cat=0
split_feature=9 192 65 11 254 96 126 132 25 11 168 114 117 46 253 45 187 109 114 187 54 5 259 211 259 187 120 186 54 251 181 32 132 156 192 38 5 41 16 9 246 139 35 131 33 15 107 201 95 107 124 54 101 166 69 211 109 168 23 147 225 174
split_gain=1337.07 760.041 666.059 637.681 579.704 616.625 555.278 445.446 427.247 471.981 408.924 374.462 368.889 362.574 325.162 322.336 296.905 290.579 269.455 236.557 234.806 219.206 210.264 206.667 197.882 237.159 192.809 190.365 180.682 178.945 176.822 171.496 169.275 181.262 166.907 160.511 181.186 157.672 157.111 156.56 154.543 145.811 142.541 138.015 137.028 289.287 136.958 134.93 131.546 131.114 123.556 118.508 111.894 123.684 110.981 109.456 105.395 104.239 103.864 103.522 101.757 101.654
threshold=0.94230768084526073 -0.38149812817573542 0.54764705896377575 -0.360182374715805 1.1878980994224551 1.0761528611183169 -0.64068821072578419 0.25083751976490026 0.066668955609202399 1.0000000180025095e-35 0.36931748688220983 -1.0263159275054929 2.8564583063125615 -1.6428571343421934 0.80065360665321361 -1.1658291220664976 -0.42647056281566614 0.27157355844974523 0.67411255836486828 0.027493623085319999 0.94047617912292492 0.56666669249534618 -0.38010203838348383 0.87526172399520885 -0.043367346748709672 -0.19373404234647748 0.50619286298751842 0.37159533798694616 0.091269843280315413 0.20357898622751239 0.19757834821939471 0.29290197789669042 0.33232834935188299 0.1599550470709801 0.75598633289337169 0.18866974860429767 -0.23333334177732465 -0.39833164215087885 -0.60655739903450001 0.73964497447013866 -0.21726323664188382 0.33297786116600042 0.57845085859298717 -0.11804870888590811 -1.8514481782913206 0.49652777612209326 -0.67230528593063343 -0.031578194350004189 3.441867589950562 -0.22465793043375012 0.16531175374984744 0.30555556714534765 0.96621158719062816 -0.37323585152626032 -0.86518839001655568 0.34235423803329473 0.76212725043296825 0.43539145588874822 0.045893719419837005 -1.2582512497901914 0.029160266742110256 -0.32170543074607844
decision_type=10 8 8 10 10 8 8 8 8 10 10 8 10 10 10 10 10 10 8 8 2 10 8 10 8 10 10 10 2 10 10 8 8 8 10 10 8 10 8 10 10 10 8 10 10 10 10 10 10 10 10 2 10 10 10 10 10 10 8 8 8 10
left_child=1 3 4 31 5 6 40 -7 9 27 14 42 17 -2 16 28 58 19 30 -11 23 -9 50 32 25 55 49 46 48 61 41 -1 -13 35 -6 -34 -37 -24 -25 -16 -3 -19 -10 -17 -21 52 -8 -43 54 -18 -12 -35 53 -46 -15 -5 -27 60 -4 -33 -38 -20
right_child=13 2 10 24 34 7 8 21 11 12 22 20 -14 15 39 43 26 18 29 44 -22 -23 37 38 -26 56 -28 -29 -30 -31 -32 59 33 51 -36 36 57 -39 -40 -41 -42 47 -44 -45 45 -47 -48 -49 -50 -51 -52 -53 -54 -55 -56 -57 -58 -59 -60 -61 -62 -63
leaf_value=-0.00094171806580822782 0.0030552920771160026 -0.0043391977272170344 -0.010860164526366149 -0.0009640167586642633 -0.0027306594843388128 0.00016518441165812772 0.012535509137916257 -0.015193900951819179 -0.0096758314728623094 0.0068523751572503238 0.0087558423709317174 0.0048697842710688421 -0.01290768620313501 0.0015792746512324376 -0.011787083185385136 -0.0041586463012218021 0.0036359427692548296 0.0029348542281057623 0.0019159771866793802 0.0059828716954611772 -0.010726576362549485 -0.0026904125291242532 -0.0022787399612235176 -0.00041059206258416484 -0.0063267417785595834 0.0042534293180739348 -0.0023089781571552699 -0.00028682921640757524 -0.012350629541910761 -0.010868392792077739 0.0070322984726850944 -0.0020581802211241938 0.0025976102017849921 -0.00681438452661947 -0.016166633033938015 -0.0055545288821865534 -0.0036668714441165495 0.0093725017646068692 0.0089169871195047597 0.0065939771993490746 -0.014887381771187496 -0.0091925386884768451 -0.002366781363276746 -0.013084731959021103 -0.0015725377343244016 -0.0092195165215108385 0.0062422569906336704 -0.0004830463575750227 -0.017369549876718106 0.0083225117303421352 -0.009827414099532937 0.00053823829129678381 0.0092235155055809918 0.0035744091938768952 -0.0074751581725788331 -0.012214499214284334 -0.0044815578419577827 0.0088074517126261517 -0.00085836832050831485 -0.01140149498228594 0.0014159480505940268 -0.0062401199635817618
leaf_weight=229.99515515565872 319.31341721117496 344.9068295955658 122.40998016297817 193.20276917517185 143.00920274853706 601.1812618970871 615.41120930016041 489.9154681712389 514.34333455562592 1578.6314516961575 53.692508488893509 671.58252595365047 167.59186983108521 542.93171736598015 226.89091989398003 208.61196367442608 1504.0738208889961 1148.2111631780863 355.36033026874065 695.19995313882828 182.03088736534119 197.25695094466209 123.66782879829407 280.81071943044662 424.5737312734127 1176.4716348946095 360.89325316250324 262.05748310685158 203.21393011510372 311.00259307026863 479.67972891032696 134.1047093719244 1916.0821142345667 650.35094012320042 264.04089412093163 701.57893228530884 587.18012624979019 1793.0150507092476 503.48860827088356 57.392860934138298 233.39468005299568 215.33778250217438 556.02633720636368 1066.5556355267763 810.28188139200211 249.84768898785114 799.77078773081303 1002.991156116128 49.511820122599602 993.53264012932777 102.57309234142303 329.83765423297882 200.73960027098656 1098.6652836799622 179.20505841076374 156.13235196471214 155.55830352008343 135.40621545910835 657.60822623968124 1076.6077069193125 1191.1204488128424 266.50652272999287
leaf_count=938 1304 1402 498 789 582 2457 2546 1978 2086 6493 221 2755 678 2216 918 846 6176 4710 1455 2858 738 803 506 1147 1727 4825 1471 1073 821 1263 1973 546 7847 2648 1064 2855 2394 7391 2072 236 942 876 2268 4309 3311 1014 3292 4104 200 4092 417 1348 825 4503 730 632 635 557 2686 4361 4871 1085
internal_value=1.84219e-05 0.000605981 0.00118284 -0.00374312 0.000334457 0.000571186 0.00102404 -0.00612155 0.00132627 0.00268743 0.0041183 -0.000372279 0.00173839 -0.0069062 0.00221853 -0.00832106 0.00302408 0.00203179 -2.59461e-05 0.00370999 0.000453717 -0.0116153 0.0077101 0.000747453 -0.000234623 0.00130599 0.00451609 0.00753778 -0.00398476 -0.00468744 0.00150265 -0.00886722 0.000133531 -0.000444178 -0.0114669 0.000399334 -0.00121122 0.00861942 0.00557979 -0.0080626 -0.00861638 0.000378916 -0.00588568 -0.0116296 0.00208402 0.000932813 0.00898659 -0.00202953 -0.00176718 0.00550322 -0.00342082 -0.00434115 0.00213941 0.00138951 -0.000673515 -0.00601569 0.00322999 0.000382613 -0.00244115 -0.01037 -0.000262912 -0.00158219
internal_weight=32862.6 30293.2 26746.6 3546.65 20750.8 20343.8 19055.4 1288.35 18477.1 10257.3 5995.75 8219.84 8580.05 2569.34 3922.8 2250.03 3638.52 8412.46 3779.09 4633.37 7149.47 687.172 2072.95 6967.44 2105.94 1681.37 2858.5 1677.24 974.863 932.869 2846.22 1440.71 6183.14 5511.56 407.05 4531.37 2615.29 1916.68 784.299 284.284 578.302 2366.54 1070.37 1275.17 3054.73 2359.53 1415.18 1218.33 771.649 2497.61 156.266 980.189 2109.69 1908.95 722.137 349.335 1332.03 1913.71 780.018 1210.71 1778.3 621.867
internal_count=134364 123938 109485 14453 84873 83227 77989 5238 75645 42059 24612 33586 35148 10426 16077 9122 14923 34470 15466 19004 29232 2781 8535 28494 8608 6881 11739 6911 3967 3803 11663 5845 25275 22520 1646 18524 10677 7897 3219 1154 2344 9690 4354 5155 12511 9653 5838 4980 3146 10268 638 3996 8639 7814 2946 1421 5460 7822 3184 4907 7265 2540
is_linear=0
shrinkage=0.01


Tree=9
num_leaves=63
num_cat=0
split_feature=11 21 254 150 89 175 101 225 186 163 258 38 163 113 156 198 26 54 96 174 108 33 144 51 111 89 115 247 156 95 54 101 95 107 103 197 175 5 54 95 186 103 187 210 8 161 38 54 54 109 95 153 62 76 234 49 150 5 74 238 195 160
split_gain=1200.45 695.55 580.603 535.535 727.701 727.461 464.171 397.22 398.106 383.864 378.49 518.004 458.383 409.081 556.726 436.111 341.638 289.975 347.905 315.319 328.626 325.148 276.358 273.93 263.226 341.525 223.886 203.835 201.871 200.215 188.702 172.611 166.022 160.072 153.553 153.236 146.77 138.886 138.36 137.297 131.69 130.858 139.21 136.45 117.216 116.979 113.487 112.515 112.412 111.874 107.05 104.662 103.702 100.28 98.4867 95.41 93.0285 95.7438 92.8192 89.706 87.6593 87.2571
threshold=0.84346503019332897 0.97804051637649547 1.1878980994224551 1.0000000180025095e-35 3515.5000000000005 -0.26395791769027704 0.79867029190063488 -0.29175087809562678 -0.78313031792640675 -0.19210173934698102 1.5536912679672243 -0.42314144968986506 0.086804658174514784 -0.10479213669896124 0.33473047614097601 -0.076113447546958909 -0.51976743340492237 -0.79761904478073109 1.0237910747528078 -0.4487654566764831 0.049881352111697204 0.61111447215080272 -0.10605403408408164 0.68454936146736156 0.3279163539409638 76.500000000000014 0.71840035915374767 0.16693260520696643 0.38899700343608862 0.43381527066230779 0.76587301492691051 0.86626839637756359 -0.2148523926734924 0.47320340573787695 0.24143599718809131 -0.53364279866218556 0.003961781971156598 0.56666669249534618 -0.73412698507308949 0.96550497412681591 1.6207196116447451 -1.7447328567504881 0.41304339468479162 -0.69438838958740223 -0.094202898442745195 0.35240626335144049 1.5614793896675112 0.94047617912292492 0.73412698507308971 0.51494812965393078 -0.27371078729629511 0.076528005301952376 2.1727273464202885 -0.37998193502426142 0.13409951329231265 0.89062500000000011 -0.05120407231152057 0.26666667312383657 0.59352654218673717 -0.72367063164710987 -0.69400042295455922 0.14678268134593966
decision_type=10 10 10 10 2 8 10 8 10 8 10 8 10 10 8 10 10 2 10 10 2 10 8 8 8 2 8 10 10 10 2 10 10 10 10 8 10 10 2 10 10 10 8 10 10 8 8 2 2 10 10 10 10 10 10 10 10 10 2 10 10 10
left_child=1 2 3 10 5 6 40 33 34 16 11 13 24 14 -1 29 30 32 19 20 55 45 46 -6 25 -13 -12 31 -25 35 49 -24 -10 37 -9 -15 -4 -7 -18 61 -5 -31 -43 53 -29 51 -14 -22 -20 -2 -42 -21 -11 -44 -26 -19 57 -27 -23 -58 -53 -16
right_child=9 -3 36 4 23 7 -8 8 17 52 26 12 22 15 39 -17 38 18 48 21 47 58 27 28 54 56 -28 44 -30 41 -32 -33 -34 -35 -36 -37 -38 -39 -40 -41 50 42 43 -45 -46 -47 -48 -49 -50 -51 -52 60 -54 -55 -56 -57 59 -59 -60 -61 -62 -63
leaf_value=0.0091702250390668649 0.0017220406259899682 0.010409016080038507 0.002708538700476193 -0.0084665479283414589 0.011691838800627028 0.0020396078760733052 0.0025363380771128347 0.0054582595467043884 -0.0046033405284435286 -0.014429905297076676 -0.00017360908785559251 -0.006206404660910411 0.001945449973206146 -0.0036031820495236863 -0.013754856171545456 -0.015250765917919323 -0.00038600118807051421 0.0094498912773432527 -0.011740060122618865 -0.010553272959542179 -0.0017387980740068501 0.0030165020407753513 -0.0050372684941251966 0.0037008030068446458 0.0035186929352271361 0.0096109688715716526 -0.011301838876323181 0.0061434311122917805 -0.0065297524972401282 0.0083597395258932297 -0.007892362261021954 0.0018137198656184581 0.0054548720961145724 -0.0040038914325907574 -0.0013863952540423574 0.0069199727774226904 -0.014971803508866028 0.0076660789884662548 -0.013940215273842947 -0.0023807060951342406 0.0033259399599737177 0.006817502087961981 0.0037425299067858674 -0.0053558903282764003 -0.0013555376408533634 -0.0038150759427399666 0.0087344876938868967 -0.012876302084679356 0.0088844878802240707 -0.0063223498819080324 -0.016892239055451105 5.7323019324625355e-05 -0.0039699185617313336 -0.0015207013684229113 -0.0027454336203872761 0.0017030010104956918 -0.0081894734853323499 0.0058298642859056183 -0.0058060858214828938 0.0056988162616338342 -0.0073772634192829836 -0.0060108599073047456
leaf_weight=205.81978224217892 934.6650882512331 703.86163854598999 55.04956841468811 1034.8050080239773 398.34383137524128 1448.9998929053545 349.32597902417183 888.96209201216698 226.21387873589993 585.07214918732643 407.22783508896828 179.50391475856304 480.39068438112736 160.63776949048042 459.83524741232395 153.14955776929855 93.107564434409142 385.45219939947128 585.86721810698509 760.31658639013767 854.46871066093445 613.59220635890961 1137.571853607893 1871.0429980307817 1399.7045973986387 2072.8239264339209 324.44841693341732 519.73177315294743 214.04952752590179 188.43967738747597 379.43841305375099 542.32630521059036 590.07338613271713 304.66134405136108 517.98921401798725 968.80607813596725 304.21620202064514 629.44498027861118 397.74512411653996 233.7728067189455 27.889501437544823 246.46537086367607 570.74727168679237 556.26197363436222 346.74454988539219 1287.3405532985926 506.71354945003986 100.60937534272671 26.918600231409073 211.05161856114864 349.72286587953568 217.54788924753666 114.51061072945595 985.60255977511406 304.81876391172409 271.57708097994328 64.297680407762527 1001.4225308448076 146.93537759780884 160.58746762573719 581.44010910391808 217.01570914685726
leaf_count=849 3818 2907 225 4194 1647 5931 1430 3647 922 2361 1664 730 1970 655 1860 617 380 1594 2369 3083 3487 2511 4632 7680 5748 8552 1314 2137 872 775 1535 2224 2424 1240 2116 3984 1225 2594 1604 956 114 1013 2341 2270 1417 5242 2089 407 111 858 1409 888 463 4034 1245 1113 262 4118 601 660 2362 884
internal_value=1.82234e-05 0.00059206 0.000356955 0.000513287 -0.000830321 -0.00183481 -0.00777683 -0.000831203 -0.0018923 -0.00634855 0.00188388 0.00225927 0.00372593 -0.000325256 -0.00564908 0.0012274 -0.00412933 -0.00291502 -0.0036964 -0.00285799 0.000817856 -0.00450084 0.000947803 0.0041027 0.0056191 0.00719652 -0.00511827 -0.000793425 0.00264746 0.00191797 -0.0017901 -0.00282519 0.00266404 0.00275434 0.0029384 0.00542054 -0.0122599 0.0037469 -0.0113772 -0.00900603 -0.0103282 0.000363184 -0.000278417 -0.00110956 0.00314325 -0.00605229 0.00543681 -0.00292533 -0.0108194 0.000235096 -0.0153915 -0.00789504 -0.0127273 0.000409961 0.00239694 0.00625676 0.00792773 0.00838191 0.00130526 0.00170486 -0.00535419 -0.0112859
internal_weight=32857.2 30141.6 29437.7 29078.5 14683.6 12200.2 1761.74 10438.4 8055.3 2715.59 14394.9 13663.2 8716.64 4946.55 1116.44 3830.11 2016.01 6648.35 5832.07 5219.28 1612.11 3607.17 3533.48 2483.44 5183.16 3478.64 731.676 2546.37 2085.09 3676.96 1525.16 1679.9 816.287 2383.11 1406.95 1129.44 359.266 2078.44 490.853 910.624 1412.42 2547.52 2359.08 2112.61 866.476 2846.65 987.104 955.078 612.786 1145.72 377.612 1559.3 699.583 1556.35 1704.52 657.029 3299.13 3074.25 760.528 224.885 798.988 676.851
internal_count=134364 123345 120438 118988 59988 49789 7147 42642 32877 11019 59000 56022 35784 20238 4549 15689 8195 27114 23768 21288 6601 14687 14469 10199 21315 14322 2978 10410 8552 15072 6211 6856 3346 9765 5763 4639 1450 8525 1984 3700 5717 10433 9658 8645 3554 11575 4059 3894 2480 4676 1523 6333 2824 6375 6993 2707 13592 12670 3112 922 3250 2744
is_linear=0
shrinkage=0.01


Tree=10
num_leaves=63
num_cat=0
split_feature=9 192 65 210 254 96 126 102 8 204 64 8 64 42 246 96 29 155 109 54 108 41 35 198 7 213 38 108 159 94 234 192 89 25 137 141 109 7 23 7 7 99 161 239 43 80 114 221 101 93 9 125 111 253 199 239 240 114 5 143 204 18
split_gain=1336.57 720.032 673.784 579.743 550.833 588.597 600.069 459.423 466.54 416.623 393.483 368.312 336.186 346.837 323.509 315.882 247.358 240.51 238.411 240.371 311.048 217.181 216.182 215.259 214.18 209.652 236.656 351.085 217.15 205.436 204.154 192.433 178.343 215.638 218.758 176.677 168.395 166.214 164.46 156.818 155.299 138.971 137.883 127.072 124.499 122.62 136.224 120.06 116.721 112.369 107.594 121.61 105.761 111.999 103.67 102.128 101.385 100.673 94.4219 92.5185 91.9929 91.147
threshold=0.94230768084526073 -0.38149812817573542 0.81705880165100109 0.092325050383806243 1.1878980994224551 1.0237910747528078 -0.60087686777114857 1.2525492310523989 0.74202898144721996 0.4018277525901795 -0.62550607323646534 1.3826087117195132 -0.22469635307788846 0.98188406229019176 -0.22465951740741727 1.6840329170227053 -0.3314970582723617 1.4195300340652468 -0.045090204104781144 0.16269841790199283 0.049881352111697204 -0.39833164215087885 -0.46797418594360346 1.0824769735336306 -0.2229729741811752 1.4738267064094546 -0.42314144968986506 0.032653521746397025 -0.13900890201330182 inf 0.99066656827926647 0.75598633289337169 3333.5000000000005 0.53836566209793102 -0.025549959391355511 0.45419920980930334 -1.1559647321701048 -0.555743247270584 2.0096617937088017 -0.49493242800235743 0.29560810327529913 0.85784640908241283 -0.64760255813598622 0.22342197597026828 -0.43233083188533777 -0.54692453145980824 -0.40361088514327997 -0.063283726572990404 2.2264952659606938 -0.45651485025882715 0.69082841277122509 0.62998351454734813 0.065207350999116911 -0.33006536960601801 0.51468446850776683 0.19497749954462054 1.1552762985229494 0.49969401955604559 -0.56666669249534596 3.3982590436935429 -0.066857576370239244 0.092105261981487288
decision_type=10 8 10 10 10 8 8 10 8 8 8 10 10 8 10 10 10 10 10 2 2 10 8 10 10 10 8 2 8 8 10 10 2 8 10 8 10 8 10 8 10 10 10 10 10 10 10 10 10 10 8 10 10 8 8 10 10 10 8 10 10 10
left_child=1 3 4 17 5 6 14 8 10 15 43 16 -4 21 44 -7 48 24 19 20 40 -14 42 52 45 26 28 38 -20 -18 37 -6 33 34 55 -10 -15 41 -28 56 -12 -29 -9 -8 -3 -1 60 49 -2 -39 -37 -52 53 -22 -30 -21 -5 -17 -32 -23 -47 -24
right_child=11 2 12 39 31 9 7 22 35 -11 18 -13 13 36 -16 57 29 -19 25 32 23 59 61 -25 -26 -27 27 30 54 -31 58 -33 -34 -35 -36 50 -38 47 -40 -41 -42 -43 -44 -45 -46 46 -48 -49 -50 -51 51 -53 -54 -55 -56 -57 -58 -59 -60 -61 -62 -63
leaf_value=-0.0084607256138382707 -0.0071391970545511474 0.011541914946051366 -2.0415297759975019e-05 3.5124468548267742e-05 -0.0016896636757200779 0.00071809323056552311 -0.0038394750960427122 0.0059506342303537862 0.0066329437072765287 -0.01337023060333745 0.0086641210282366217 0.0028006023941223247 -0.0074106275923281253 0.0062712866130987237 -0.012963772481805335 -0.0026113807907837557 -0.012825218833390451 0.0061470049480090222 0.0042209525400537309 0.0049926157671928983 -0.0063903029766171947 0.0091859512070444019 0.011667535751948012 0.0051247509136770073 0.0036423043383954725 0.0063385376191658262 0.0039016947640188749 -0.011007237634314371 -0.008626651978765219 -0.0020322478095195886 -0.0042537986993408106 -0.015884485487489629 0.006510156832646068 -0.0061203952966011497 -0.0035402282309373572 -0.018201647969349827 -0.0067385987890715461 -0.0088052750048714743 -0.0085527492747584071 -0.01486620417840733 0.0032958026494503997 0.0090942847105234849 -0.011522096754519554 -0.015628882897547273 -0.0031157889287263597 -0.0040243623429436319 -0.0064181106857549583 0.0011389645640084596 0.00015517294026692102 -0.0023432189530555128 0.0052725157307867325 -0.0014435485649795974 -0.010800965658849183 0.0010102408980552306 -0.0030665437816189038 -0.003901491977339524 -0.009049888018904861 -0.015898230945568595 0.0028427713950203832 -0.010086168858506382 0.003334524037293752 0.0060133155924290294
leaf_weight=450.93690793216228 576.62339918315411 64.216996446251869 940.37393896281719 161.68092034757137 148.7612856477499 947.05592679977417 184.47143204510212 87.803673520684242 1902.8922329843044 436.10977843403816 1194.4042305201292 341.8246738165617 83.118622660636902 164.61136236786842 423.53698866069317 84.572474122047424 1111.1316719800234 397.01392763853073 256.74406000971794 863.57164135575294 274.29599311947823 2237.5480899810791 576.23184423148632 689.82212921977043 467.32164262235165 438.37297216057777 2139.1041983515024 361.01705564558506 660.30076479911804 210.36177340149879 225.1101128757 267.9193758815527 347.34854246675968 637.5364897698164 718.75485795736313 25.767629101872444 248.16802497208118 336.01843170821667 110.58216443657875 388.24114824831486 986.12438203394413 37.198254406452179 90.942237287759781 182.51790107786655 518.56934721767902 278.44076071679592 485.53352992236614 763.92836970090866 353.1960176974535 1346.3634484410286 568.40337036550045 511.09532150626183 118.91021879017353 793.89090412855148 685.38024526834488 150.87334056198597 507.28427635133266 178.27020178735256 1096.2557873278856 24.36230531334877 432.17390096187592 574.18454258143902
leaf_count=1836 2335 264 3849 659 605 3873 749 360 7842 1760 4928 1400 339 677 1709 343 4478 1633 1053 3547 1114 9247 2396 2831 1920 1806 8790 1464 2683 856 918 1077 1427 2589 2933 104 1008 1364 449 1564 4045 153 369 736 2114 1133 1970 3126 1440 5492 2339 2089 482 3248 2796 615 2053 718 4495 99 1765 2362
internal_value=2.6579e-05 0.000616922 0.00118078 -0.00360118 0.000543749 0.000754168 0.00120683 0.00158729 0.00118128 -0.0050018 0.000485721 -0.00686223 0.00514204 0.0069021 -0.00632343 -0.00197601 -0.0083304 -0.000984357 0.000732591 0.00213015 0.00367146 0.0083895 0.00726506 0.00068584 -0.00232613 -0.000387177 -0.000755765 0.000102892 -0.00419209 -0.0111107 -0.00161595 -0.0108353 -0.00017081 -0.00115243 0.00067688 0.00478644 -0.00154538 -0.00312452 0.00328553 -0.00980975 0.00623943 -0.00910892 -0.00294821 -0.00973206 -0.00148195 -0.00402132 -0.0023412 -0.00214663 -0.00437013 -0.00363893 0.00160336 0.00209343 -0.00189491 -0.000893383 -0.00579991 0.00366632 -0.00685588 -0.0116529 0.00163073 0.00897357 0.000448077 0.008854
internal_weight=32865.2 30272 26703.4 3568.63 23005.2 22588.6 20942.5 19936.2 18607.1 1646.01 15598.9 2593.14 3698.18 2757.81 1006.32 1209.9 2251.31 2511.42 15231.9 6775.53 4057.45 2345.03 1329.16 1876.92 2114.41 8456.38 8018 6415.58 1602.43 1321.49 4165.89 416.681 2718.08 2370.74 1733.2 3008.16 412.779 2844.53 2249.69 1057.21 2180.53 398.215 178.746 366.989 582.786 1647.09 1196.15 2446.31 929.819 1682.38 1105.27 1079.5 1187.1 1068.19 1345.68 1014.44 668.965 262.843 1321.37 2261.91 710.615 1150.42
internal_count=134418 123909 109376 14533 94157 92475 85781 81694 76207 6694 63833 10509 15219 11370 4087 4934 9109 10257 62348 27759 16648 9685 5487 7675 8624 34589 32783 26251 6532 5334 17012 1682 11111 9684 7095 12374 1685 11599 9239 4276 8973 1617 729 1485 2378 6704 4868 9982 3775 6856 4532 4428 4844 4362 5479 4162 2712 1061 5413 9346 2898 4758
is_linear=0
shrinkage=0.01


Tree=11
num_leaves=63
num_cat=0
split_feature=9 192 65 11 254 126 258 27 38 33 257 8 115 215 203 155 114 9 108 192 14 209 5 29 108 27 188 80 120 107 126 111 192 35 13 109 33 15 228 80 67 259 126 89 22 50 131 108 145 150 80 209 49 53 109 129 108 119 49 100 209 54
split_gain=1309.31 705.678 661.203 551.617 539.565 529.449 435.867 512.287 499.227 418.188 394.084 360.574 344.269 330.117 319.344 314.375 293.313 285.594 280.172 279.802 270.968 252.187 247.628 242.001 238.556 360.564 233.867 243.755 231.764 220.371 218.204 232.307 188.275 184.661 175.568 166.188 165.063 160.298 158.4 155.928 152.335 141.17 140.887 134.293 131.05 126.624 125.163 122.687 121.906 118.24 116.102 113.57 113.009 146.583 128.81 110.383 106.134 103.196 102.613 101.371 101.08 97.7007
threshold=0.94230768084526073 -0.38149812817573542 0.81705880165100109 -0.360182374715805 1.1878980994224551 -0.60087686777114857 1.5268456339836123 0.0098980204202234762 -0.48255163431167597 -1.8514481782913206 0.81578949093818676 1.3826087117195132 0.30050593614578253 0.0096503524109721201 -0.38809353113174433 0.70475921034812938 0.73806607723236095 0.73964497447013866 0.9199262559413911 0.90960675477981578 -0.10416666790843009 0.22530090808868411 0.36666667461395269 -0.3314970582723617 0.049881352111697204 0.51019796729087841 0.88982525467872631 -0.53579112887382496 0.25206713378429418 0.12618784606456759 -0.26551941037178034 0.3279163539409638 0.75598633289337169 -0.25347566604614252 -0.46518987417221064 -0.1948205158114433 0.18326187878847125 -0.35590277612209315 -0.24982195347547528 0.43874092400074011 4.5000000000000009 -0.29846939444541926 0.52800300717353832 76.500000000000014 -0.14805825799703595 -0.42561984062194819 0.30346497893333441 -0.35681664943695063 -0.040175896137952798 1.7629003524780276 0.36457391083240515 -0.40208771824836725 1.4375000000000002 1.0000000180025095e-35 0.01761683635413647 -0.45212706923484797 0.37197861075401312 0.094310142099857344 -1.0000000180025095e-35 0.028558460995554927 -0.70454981923103321 0.091269843280315413
decision_type=10 8 10 10 10 8 10 8 8 10 10 10 8 8 10 10 10 8 2 10 8 10 8 10 2 8 10 10 10 10 8 10 10 10 10 8 10 10 10 10 10 10 10 2 10 8 10 2 8 10 10 10 8 2 10 8 2 10 10 10 10 2
left_child=1 3 4 34 5 17 7 8 9 -7 13 23 -8 21 -4 49 52 44 20 -11 46 24 59 40 33 28 27 -5 60 61 -22 43 -6 -9 56 -24 50 51 -18 41 -2 -30 -38 -32 -3 -19 -10 -37 -23 -15 -27 -29 54 -54 -16 -31 -1 -17 -53 -21 -26 -25
right_child=11 2 14 26 32 6 12 10 18 19 -12 -13 -14 15 16 57 38 45 -20 22 30 48 35 29 25 36 -28 37 39 55 31 -33 -34 -35 -36 47 42 -39 -40 -41 -42 -43 -44 -45 -46 -47 -48 -49 -50 -51 -52 58 53 -55 -56 -57 -58 -59 -60 -61 -62 -63
leaf_value=-0.0014022315257014762 -0.0083682196615882838 -0.016955132554266821 -0.0014728293594987918 -0.0080194096340975331 -0.0016725277720509744 0.0049520025279093747 0.0012060306089146462 -0.001765496786338559 0.0070293231666213518 -0.0078930917320680465 -0.015530801105902421 0.0027738719636316834 -0.011190184585217963 0.0057345622356293645 0.010204064214393764 -0.0076630984476078945 0.006437188161856987 -0.0022273553696954456 -0.005448443640916417 -0.001309693833934301 0.0091744148720783111 -0.013242856579172031 0.0048798296100786946 0.00045797844170861467 -0.012616430551117471 0.0073644040840546059 0.00602714978263504 0.0064034266062953293 -0.003197460063127917 -0.0036712064741394159 -0.0067899414160308849 0.0021236772014307597 -0.015709685608802277 0.0075344509550041919 -0.014467827221657006 -6.7677373294686621e-05 -0.0056288253801645184 0.0083693913518671659 -0.0070427406514092994 -0.0056404679964984295 -0.00027629150704649774 0.0056153722793578047 0.00074899944415328032 0.0070912108414387118 -0.0071042033669851332 0.011425054616446401 -0.012586007722020089 -0.01119815077325792 0.003793013572611202 -0.008872922944320313 -0.00066181089438857176 0.00096958720180079162 0.0073701687266758964 -0.014396971065955807 0.0057265635256717722 -0.014092620712926704 -0.0082680822950866525 0.0017946804180820931 -0.0061895214041388456 -0.011542183446915955 -0.0052190326282867414 -0.015129841728363303
leaf_weight=314.69475828111172 464.72301170229912 176.30416288971901 616.12881395220757 482.08012150228024 148.79263253509998 1388.1603311151266 402.13310721516609 337.31353937089443 43.443510860204697 581.08857038617134 165.15919011831284 341.67788565158844 503.98381279408932 1729.9007907956839 1309.4198406785727 285.3659727871418 139.14603398740292 231.36562046408653 257.91464993357658 162.96445928514004 1286.1027320325375 234.93731896579266 761.44791914522648 204.77052909135818 208.54427167773247 564.23840741813183 457.64240474998951 158.68586231768131 293.25555442273617 114.98498862981796 71.056705951690674 2151.5269457995892 268.20113343000412 578.50060549378395 349.14560391008854 1309.4878353923559 419.08773583173752 207.69768857955933 229.61968974769115 370.69400134682655 465.53290641307831 474.52169898152351 1972.0020292252302 2286.7438756525517 585.5772001594305 94.999201506376266 121.80815429985523 106.15141449868679 50.530185520648956 56.331986486911774 264.04361276328564 376.53825210034847 73.222666010260582 52.045927911996841 1275.0245645195246 953.98130561411381 797.72512133419514 192.42868688702583 425.46277561783791 239.41794782876968 1624.1121950298548 48.984570145606995
leaf_count=1281 1879 709 2515 1965 605 5716 1645 1376 178 2359 665 1400 2036 7118 5424 1158 573 945 1048 664 5327 948 3128 834 842 2318 1886 650 1196 464 289 8835 1077 2382 1406 5357 1702 855 931 1514 1896 1943 8070 9439 2372 392 493 429 207 229 1084 1536 302 211 5263 3839 3228 787 1726 971 6604 197
internal_value=2.63026e-05 0.000610903 0.00116936 -0.00356417 0.00053843 0.000746816 0.00109149 0.00139037 0.00289677 0.000378701 -0.000261221 -0.00678967 -0.0056924 1.437e-06 0.00509556 0.00334166 0.00641054 -0.00605478 0.00473815 -0.00163057 0.00517992 -0.00102182 -0.000216884 -0.00824107 -0.000650744 -0.00135572 -0.000289718 -0.00204446 -0.00386739 -0.0109895 0.00554036 0.00450187 -0.0107193 0.00410981 -0.00828301 0.00111567 0.000962439 0.000424723 -0.00195001 -0.000322226 -0.00432445 0.00224819 -0.000370313 0.00666975 -0.00940432 0.00176633 -0.007412 -0.000910315 -0.0102212 0.00526862 0.00480685 -0.00129877 0.007549 -0.001708 0.00799856 -0.012977 -0.00632969 -0.00385616 -0.00283006 -0.00741404 -0.00606777 -0.00259473
internal_weight=32858.6 30263.9 26694.2 3569.67 22999.6 22582.6 21494.4 20588.3 10767.3 4548.72 9820.97 2594.66 906.117 9655.81 3694.61 2264.03 3078.48 1088.25 6218.6 3160.56 5960.68 7391.78 2579.47 2252.98 7106.31 6190.5 2108.11 1650.46 2971.13 1322.72 5795.43 4509.33 416.994 915.814 1461.57 2177.09 3219.37 1168.38 368.766 1138.47 930.256 767.777 2391.09 2357.8 761.881 326.365 165.252 1415.64 285.468 1786.23 828.282 960.687 2709.71 125.269 2584.44 1068.97 1112.42 477.795 802.001 402.382 1832.66 253.755
internal_count=134418 123909 109376 14533 94157 92475 88057 84376 44233 18624 40143 10509 3681 39478 15219 9292 12704 4418 25609 12908 24561 30186 10549 9109 29031 25273 8618 6732 12099 5334 23890 18563 1682 3758 5915 8914 13174 4767 1504 4653 3775 3139 9772 9728 3081 1337 671 5786 1155 7347 3402 3912 11200 513 10687 4303 4509 1945 3262 1635 7446 1031
is_linear=0
shrinkage=0.01


Tree=12
num_leaves=63
num_cat=0
split_feature=9 90 256 108 32 32 90 239 8 45 102 188 213 216 3 108 161 90 9 9 108 33 5 162 101 29 135 30 161 97 58 58 13 39 178 119 127 90 231 137 221 187 249 67 114 205 137 96 210 64 67 62 186 165 229 5 161 197 129 133 75 241
split_gain=1282.72 816.153 718.026 770.024 602.928 557.463 467.199 454.926 353.046 350.183 307.616 513.205 316.306 296.157 276.417 272.935 284.429 270.999 236.508 305.635 234.28 274.552 272.027 266.122 214.588 214.086 213.784 184.497 180.191 181.992 178.966 197.796 172.292 165.118 162.534 160.265 149.785 150.421 147.024 142.316 140.092 134.834 131.612 130.422 136.014 128.277 122.87 122.199 121.577 118.798 118.103 118.01 110.071 103.614 94.1187 92.4917 86.926 86.8763 86.7224 86.7023 83.5289 79.8153
threshold=0.94230768084526073 0.81824815273284923 -0.52777779102325428 -0.37351679801940912 -1.0697918534278867 -0.25778821110725397 0.45091830193996435 -0.20428946614265439 1.3826087117195132 -0.42462311685085291 -0.3523042351007461 0.84852144122123729 0.67610666155815136 -0.1427512243390083 -1.5562884807586668 0.058187542483210571 -0.52424776554107655 -0.87807902693748463 -0.39792899787425989 -0.33727811276912684 -0.68379199504852284 -0.40347805619239802 0.56666669249534618 -0.18826531618833539 -0.49792961776256556 -0.3314970582723617 -0.31237603724002833 0.60416665673255932 2.1205811500549321 0.024112957529723648 8.5000000000000018 4.5000000000000009 0.74208861589431774 -2.1642245054244991 0.33465658128261572 2.7050738334655766 1.7652844190597536 0.21079280972480777 -0.1657445430755615 -0.2199885547161102 -0.25497250258922571 2.8011505603790288 -0.61980503797531117 -0.45652173459529871 0.72031819820404064 -0.01549079082906246 0.011073606088757517 -0.66519027948379505 -0.69438838958740223 -0.54048582911491383 4.5652172565460214 1.5545454621315005 0.94041648507118236 -0.86793774366378773 0.51785582304000866 -0.1000000052154064 -0.022462280467152592 0.73074597120285045 -0.08206618949770926 -0.68169668316841114 -0.15391983836889264 0.64230221509933483
decision_type=10 10 8 2 8 10 10 10 10 8 10 10 10 10 8 2 8 10 8 8 2 10 10 8 10 10 10 8 10 10 2 2 8 10 8 10 10 10 8 10 10 10 10 8 10 8 10 10 10 10 10 10 10 10 10 10 10 10 10 10 10 8
left_child=1 2 6 5 54 14 28 15 17 -9 11 12 27 53 52 26 61 -2 -12 59 22 32 40 -24 38 50 -6 49 29 36 31 34 33 48 -18 41 57 -38 -21 -28 -16 46 -26 56 47 -3 -25 -45 -22 -11 -19 -42 -4 -8 -5 -14 -44 -1 -31 -20 -48 -17
right_child=8 45 3 4 7 -7 13 9 -10 10 18 -13 55 -15 20 16 30 25 19 24 21 -23 23 35 42 -27 39 -29 -30 58 -32 -33 -34 -35 -36 -37 37 -39 -40 -41 51 -43 43 44 -46 -47 60 -49 -50 -51 -52 -53 -54 -55 -56 -57 -58 -59 -60 -61 -62 -63
leaf_value=0.0066651051508653334 -0.00053965802169781828 -0.0065158441041210735 -0.011547789510125635 -0.012823527129285346 0.010026277444640092 0.010514104923743771 0.0058460578637755225 -0.013802814024735212 0.0027473953976035405 -0.01209728786081684 0.0072891948501785991 0.0075861718378302089 -0.00052473147161355763 -0.014630423583417063 0.0028286448407307484 -0.011508973677404026 0.004601356018162305 -0.0089458366519714391 -0.0019664154194019216 0.00057240081394852114 0.0024164435457282012 -0.0097252432483074542 -0.015629463212289817 0.0072234416618706318 0.0053451744112297311 -0.012473514003894317 0.0050488349844617364 -0.015269587684092456 -0.0090731948361393328 0.0041845764994486575 0.0034767872380489953 -0.0030793070150757201 0.0070103312433847141 0.0025614727231428659 -0.0018626776766587745 -0.0069201767940515789 0.008201462245995569 -0.01347438230204533 -0.0075764671864245719 -0.0018618418717191579 0.0091583057361134604 0.0083216487745234637 -0.0089307109463668786 -0.0081861881905217655 -0.0097260145105308102 -0.015325752674515518 0.0031766943220057574 0.0019920273803242291 -0.0068555742927849175 -0.0052911407829827764 -0.00084766341254142964 -0.010862462384616179 0.002874641003738279 -0.0020428775923542856 -0.0041039769926551834 0.010763591811511384 -0.00037184244369614726 0.010940514806657996 -0.0015764945144686243 -0.0084685403795977561 -0.0016924378098139036 -0.00093305279991507046
leaf_weight=2364.0042426586151 387.57131259143353 403.62695840001106 208.33639466762543 476.2032258361578 516.67360359430313 829.57922285795212 234.56578822433949 250.53952841460705 341.5312672406435 307.22884902358055 360.05080200731754 309.19382654130459 280.54986822605133 159.0003873705864 650.9551765024662 255.32266075909138 919.4318887591362 426.85490070283413 308.51990903913975 365.95661284029484 198.1200195401907 277.29881779849529 87.337659418582916 324.0507335960865 592.3192802965641 1128.1403540819883 771.80340602993965 269.10009795427322 82.725901380181313 990.24696238338947 1570.0975279062986 1636.0435964465141 371.00465919077396 770.43004409968853 672.68920235335827 182.16352574527264 58.274339139461517 68.66998927295208 558.19593624770641 484.07464972138405 1124.2601388990879 368.38904523849487 234.59463669359684 122.75462757050991 111.21312016248703 282.9762190580368 619.64203698933125 2513.9465685635805 488.26360443234444 1567.8872229903936 311.88235612213612 29.383114069700241 70.220556184649467 566.64942426979542 169.33553202450275 96.810004860162735 239.77984608709812 599.97601173818111 353.92059668898582 617.77192370593548 813.7688185274601 99.44349879026413
leaf_count=9765 1577 1632 840 1919 2139 3453 966 1009 1400 1239 1485 1277 1145 640 2679 1030 3775 1724 1255 1495 813 1125 353 1335 2432 4539 3181 1084 334 4081 6447 6665 1529 3157 2747 738 241 278 2264 1982 4652 1522 949 497 450 1138 2541 10298 1987 6373 1269 119 287 2314 688 401 981 2490 1451 2503 3333 406
internal_value=2.6024e-05 0.000604952 0.000855411 0.000112219 -0.0010797 0.00279362 0.00412294 -0.000697774 -0.00671846 -0.00216674 -0.00183591 -0.0045544 -0.00604588 -0.00220906 0.00181918 0.00123366 6.88881e-05 -0.00815349 -0.000557979 -0.00105809 0.00225042 -0.000471803 0.00361488 0.00140437 -3.04806e-05 -0.00973248 0.00461727 -0.00753129 0.00546916 0.00574262 0.000708605 -0.000638119 0.000936043 -0.000613949 0.00187015 0.00205587 0.00707856 -0.00352985 -0.00435137 0.00238498 0.00654608 0.00282839 0.00101693 0.000219595 0.00105619 -0.0101652 0.00167227 0.00151487 -0.00417819 -0.00641268 -0.00553404 0.00863855 -0.00791123 0.000269869 -0.0105477 0.00238939 -0.00461649 0.00753428 0.00266689 -0.00630841 0.000412465 -0.00855823
internal_weight=32851.4 30255.4 29568.8 24090.7 16677.5 7413.2 5478.03 16032 2595.98 9106.41 8855.87 2830.77 2521.58 960.216 6583.62 6925.58 5153.03 2254.45 6025.1 5665.05 6305.07 2105.12 4199.95 2395.35 4738.76 1866.88 1772.55 2144.22 4517.82 4435.09 4798.26 3228.16 1827.82 1456.81 1592.12 2308.01 3090.92 126.944 924.153 1255.88 1804.6 2125.85 3814.61 3222.29 2747.91 686.603 1757.46 2636.7 686.384 1875.12 738.737 1153.64 278.557 801.215 645.539 377.36 474.374 2963.98 1344.17 926.292 1433.41 354.766
internal_count=134418 123909 121139 98579 68116 30463 22560 65509 10509 37137 36128 11519 10242 3920 27010 28372 21070 9109 24609 23124 25883 8611 17272 9822 19366 7532 7302 8696 18640 18306 19634 13187 7486 5957 6522 9469 12774 519 3759 5163 7450 8731 15607 13175 11245 2770 7209 10795 2800 7612 2993 4771 1127 3280 2607 1546 1930 12255 5532 3758 5874 1436
is_linear=0
shrinkage=0.01


end of trees

feature_importances:
Column_54=28
Column_108=19
Column_109=17
Column_96=16
Column_254=16
Column_9=15
Column_114=15
Column_161=15
Column_90=13
Column_192=13
Column_102=12
Column_101=11
Column_126=11
Column_188=11
Column_5=10
Column_33=10
Column_38=10
Column_65=10
Column_8=9
Column_11=9
Column_30=9
Column_60=9
Column_95=9
Column_156=9
Column_168=9
Column_63=8
Column_111=8
Column_174=8
Column_3=7
Column_7=7
Column_21=7
Column_32=7
Column_39=7
Column_44=7
Column_66=7
Column_89=7
Column_107=7
Column_119=7
Column_181=7
Column_186=7
Column_187=7
Column_197=7
Column_203=7
Column_49=6
Column_64=6
Column_113=6
Column_139=6
Column_155=6
Column_159=6
Column_162=6
Column_222=6
Column_246=6
Column_256=6
Column_258=6
Column_35=5
Column_45=5
Column_69=5
Column_125=5
Column_150=5
Column_209=5
Column_253=5
Column_257=5
Column_29=4
Column_67=4
Column_80=4
Column_91=4
Column_129=4
Column_132=4
Column_198=4
Column_210=4
Column_211=4
Column_221=4
Column_228=4
Column_234=4
Column_249=4
Column_15=3
Column_23=3
Column_25=3
Column_26=3
Column_31=3
Column_41=3
Column_43=3
Column_47=3
Column_48=3
Column_62=3
Column_74=3
Column_75=3
Column_85=3
Column_117=3
Column_131=3
Column_133=3
Column_137=3
Column_143=3
Column_153=3
Column_163=3
Column_172=3
Column_195=3
Column_204=3
Column_205=3
Column_213=3
Column_216=3
Column_237=3
Column_239=3
Column_240=3
Column_259=3
Column_2=2
Column_6=2
Column_13=2
Column_14=2
Column_16=2
Column_27=2
Column_28=2
Column_34=2
Column_46=2
Column_58=2
Column_97=2
Column_99=2
Column_100=2
Column_103=2
Column_115=2
Column_120=2
Column_121=2
Column_127=2
Column_135=2
Column_138=2
Column_144=2
Column_149=2
Column_164=2
Column_169=2
Column_175=2
Column_178=2
Column_184=2
Column_191=2
Column_193=2
Column_215=2
Column_225=2
Column_227=2
Column_233=2
Column_251=2
Column_255=2
Column_1=1
Column_18=1
Column_19=1
Column_20=1
Column_22=1
Column_37=1
Column_40=1
Column_42=1
Column_50=1
Column_51=1
Column_53=1
Column_76=1
Column_87=1
Column_88=1
Column_93=1
Column_94=1
Column_105=1
Column_112=1
Column_123=1
Column_124=1
Column_141=1
Column_145=1
Column_147=1
Column_151=1
Column_160=1
Column_165=1
Column_166=1
Column_167=1
Column_176=1
Column_180=1
Column_182=1
Column_199=1
Column_201=1
Column_217=1
Column_223=1
Column_229=1
Column_231=1
Column_236=1
Column_238=1
Column_241=1
Column_245=1
Column_247=1
Column_250=1
Column_252=1

parameters:
[boosting: gbdt]
[objective: binary]
[metric: binary_logloss]
[tree_learner: serial]
[device_type: cpu]
[data_sample_strategy: bagging]
[data: ]
[valid: ]
[num_iterations: 3000]
[learning_rate: 0.01]
[num_leaves: 63]
[num_threads: -1]
[seed: 0]
[deterministic: 0]
[force_col_wise: 0]
[force_row_wise: 0]
[histogram_pool_size: -1]
[max_depth: -1]
[min_data_in_leaf: 100]
[min_sum_hessian_in_leaf: 0.001]
[bagging_fraction: 0.8]
[pos_bagging_fraction: 1]
[neg_bagging_fraction: 1]
[bagging_freq: 5]
[bagging_seed: 3]
[bagging_by_query: 0]
[feature_fraction: 0.6]
[feature_fraction_bynode: 1]
[feature_fraction_seed: 2]
[extra_trees: 0]
[extra_seed: 6]
[early_stopping_round: 0]
[early_stopping_min_delta: 0]
[first_metric_only: 0]
[max_delta_step: 0]
[lambda_l1: 0.1]
[lambda_l2: 1]
[linear_lambda: 0]
[min_gain_to_split: 0]
[drop_rate: 0.1]
[max_drop: 50]
[skip_drop: 0.5]
[xgboost_dart_mode: 0]
[uniform_drop: 0]
[drop_seed: 4]
[top_rate: 0.2]
[other_rate: 0.1]
[min_data_per_group: 100]
[max_cat_threshold: 32]
[cat_l2: 10]
[cat_smooth: 10]
[max_cat_to_onehot: 4]
[top_k: 20]
[monotone_constraints: ]
[monotone_constraints_method: basic]
[monotone_penalty: 0]
[feature_contri: ]
[forcedsplits_filename: ]
[refit_decay_rate: 0.9]
[cegb_tradeoff: 1]
[cegb_penalty_split: 0]
[cegb_penalty_feature_lazy: ]
[cegb_penalty_feature_coupled: ]
[path_smooth: 0]
[interaction_constraints: ]
[verbosity: -1]
[saved_feature_importance_type: 0]
[use_quantized_grad: 0]
[num_grad_quant_bins: 4]
[quant_train_renew_leaf: 0]
[stochastic_rounding: 1]
[linear_tree: 0]
[max_bin: 255]
[max_bin_by_feature: ]
[min_data_in_bin: 3]
[bin_construct_sample_cnt: 200000]
[data_random_seed: 1]
[is_enable_sparse: 1]
[enable_bundle: 1]
[use_missing: 1]
[zero_as_missing: 0]
[feature_pre_filter: 1]
[pre_partition: 0]
[two_round: 0]
[header: 0]
[label_column: ]
[weight_column: ]
[group_column: ]
[ignore_column: ]
[categorical_feature: ]
[forcedbins_filename: ]
[precise_float_parser: 0]
[parser_config_file: ]
[objective_seed: 5]
[num_class: 1]
[is_unbalance: 0]
[scale_pos_weight: 1]
[sigmoid: 1]
[boost_from_average: 1]
[reg_sqrt: 0]
[alpha: 0.9]
[fair_c: 1]
[poisson_max_delta_step: 0.7]
[tweedie_variance_power: 1.5]
[lambdarank_truncation_level: 30]
[lambdarank_norm: 1]
[label_gain: ]
[lambdarank_position_bias_regularization: 0]
[eval_at: ]
[multi_error_top_k: 1]
[auc_mu_weights: ]
[num_machines: 1]
[local_listen_port: 12400]
[time_out: 120]
[machine_list_filename: ]
[machines: ]
[gpu_platform_id: -1]
[gpu_device_id: -1]
[gpu_use_dp: 0]
[num_gpu: 1]

end of parameters

pandas_categorical:null
