tree
version=v4
num_class=1
num_tree_per_iteration=1
label_index=0
max_feature_idx=259
objective=regression
feature_names=Column_0 Column_1 Column_2 Column_3 Column_4 Column_5 Column_6 Column_7 Column_8 Column_9 Column_10 Column_11 Column_12 Column_13 Column_14 Column_15 Column_16 Column_17 Column_18 Column_19 Column_20 Column_21 Column_22 Column_23 Column_24 Column_25 Column_26 Column_27 Column_28 Column_29 Column_30 Column_31 Column_32 Column_33 Column_34 Column_35 Column_36 Column_37 Column_38 Column_39 Column_40 Column_41 Column_42 Column_43 Column_44 Column_45 Column_46 Column_47 Column_48 Column_49 Column_50 Column_51 Column_52 Column_53 Column_54 Column_55 Column_56 Column_57 Column_58 Column_59 Column_60 Column_61 Column_62 Column_63 Column_64 Column_65 Column_66 Column_67 Column_68 Column_69 Column_70 Column_71 Column_72 Column_73 Column_74 Column_75 Column_76 Column_77 Column_78 Column_79 Column_80 Column_81 Column_82 Column_83 Column_84 Column_85 Column_86 Column_87 Column_88 Column_89 Column_90 Column_91 Column_92 Column_93 Column_94 Column_95 Column_96 Column_97 Column_98 Column_99 Column_100 Column_101 Column_102 Column_103 Column_104 Column_105 Column_106 Column_107 Column_108 Column_109 Column_110 Column_111 Column_112 Column_113 Column_114 Column_115 Column_116 Column_117 Column_118 Column_119 Column_120 Column_121 Column_122 Column_123 Column_124 Column_125 Column_126 Column_127 Column_128 Column_129 Column_130 Column_131 Column_132 Column_133 Column_134 Column_135 Column_136 Column_137 Column_138 Column_139 Column_140 Column_141 Column_142 Column_143 Column_144 Column_145 Column_146 Column_147 Column_148 Column_149 Column_150 Column_151 Column_152 Column_153 Column_154 Column_155 Column_156 Column_157 Column_158 Column_159 Column_160 Column_161 Column_162 Column_163 Column_164 Column_165 Column_166 Column_167 Column_168 Column_169 Column_170 Column_171 Column_172 Column_173 Column_174 Column_175 Column_176 Column_177 Column_178 Column_179 Column_180 Column_181 Column_182 Column_183 Column_184 Column_185 Column_186 Column_187 Column_188 Column_189 Column_190 Column_191 Column_192 Column_193 Column_194 Column_195 Column_196 Column_197 Column_198 Column_199 Column_200 Column_201 Column_202 Column_203 Column_204 Column_205 Column_206 Column_207 Column_208 Column_209 Column_210 Column_211 Column_212 Column_213 Column_214 Column_215 Column_216 Column_217 Column_218 Column_219 Column_220 Column_221 Column_222 Column_223 Column_224 Column_225 Column_226 Column_227 Column_228 Column_229 Column_230 Column_231 Column_232 Column_233 Column_234 Column_235 Column_236 Column_237 Column_238 Column_239 Column_240 Column_241 Column_242 Column_243 Column_244 Column_245 Column_246 Column_247 Column_248 Column_249 Column_250 Column_251 Column_252 Column_253 Column_254 Column_255 Column_256 Column_257 Column_258 Column_259
feature_infos=[-1.250902533531189:0.88718414306640625] [-1.2554347515106201:0.79981881380081177] [-1.5587085485458374:1.0256147384643555] [-1.6022627353668213:1.0474134683609009] [-0.76470589637756348:1.5882352590560913] [-0.80000001192092896:1.5333333015441895] [-1.0921502113342285:1.3651877641677856] [-1.1283783912658691:1.287162184715271] [-0.68115943670272827:1.4289854764938354] [-0.72781062126159668:1.4408284425735474] [-0.88235294818878174:1.3777090311050415] [-0.88753801584243774:1.3039513826370239] [-0.96835440397262573:1.3386075496673584] [-0.99683547019958496:1.2310127019882202] [-1.2361111640930176:2.3645832538604736] [-1.2569444179534912:2.3541667461395264] [-0.99016392230987549:2.019672155380249] [-1.0097087621688843:2.1229772567749023] [-1.1546052694320679:2.1973683834075928] [-1.156862735748291:2.4575164318084717] [-1.1716171503067017:1.2607260942459106] [-1.2364864349365234:1.4966216087341309] [-0.15048544108867645:2.3689320087432861] [-0.14975845813751221:2.3574879169464111] [-0.96039795875549316:0.89258593320846558] [-1.0134623050689697:0.89098650217056274] [-1.1238372325897217:0.79244184494018555] [-1.1829633712768555:0.80923813581466675] [-0.63837593793869019:1.4239979982376099] [-0.74046391248703003:1.3537071943283081] [-3.4166667461395264:1.625] [-2.9629628658294678:1.5185185670852661] [-2.8594062328338623:0.96730238199234009] [-2.9060242176055908:0.9895738959312439] [-1.1597863435745239:1.4443905353546143] [-1.1713008880615234:1.4910625219345093] [-1.5409183502197266:0.92085170745849609] [-1.5682165622711182:0.95492249727249146] [-5.6507716178894043:2.561553955078125] [-5.6057062149047852:2.5799438953399658] [-0.55105453729629517:1.2741800546646118] [-0.54143238067626953:1.2856484651565552] [-1.3260869979858398:1.6956521272659302] [-1.3759398460388184:1.7593984603881836] [-1.375:0.81499999761581421] [-1.4974874258041382:0.81909549236297607] [-1.8571428060531616:1.5714285373687744] [-1.8571428060531616:1.5714285373687744] [-0.5:1.5] [-0.5:1.53125] [-1.1074379682540894:0.77272725105285645] [-1.2231760025024414:0.79399138689041138] [0:4] [-1:1.2000000476837158] [-0.99206346273422241:1.0158730745315552] [0:1] [0:1] [0:1] [1:12] [1:4] [1:53] [2005:2019] [-9.0363636016845703:12.545454978942871] [-0.80437177419662476:8.2048149108886719] [-0.89878541231155396:6.9595141410827637] [-5.2047057151794434:4.4858822822570801] [-0.99247801303863525:1.1775785684585571] [-1:18.521739959716797] [-0.56154495477676392:20.70490837097168] [-6.4470024108886719:0.57756608724594116] [-1.1832152605056763:93.543632507324219] [-82.410438537597656:24.42182731628418] [-23.532052993774414:12.03809928894043] [-38.896713256835938:16.91400146484375] [-7.9027047157287598:3.2907173633575439] [-17.034276962280273:13.117715835571289] [-37.830825805664062:16.741264343261719] [-10.505268096923828:10.867977142333984] [-4.5772151947021484:30.493967056274414] [-10.342681884765625:20.700494766235352] [-3.1713721752166748:47.632534027099609] [-6.2497339248657227:16.2579345703125] [-1.3530431985855103:152.73310852050781] [-1.3276957273483276:36.486152648925781] [-1.2299575805664062:65.755889892578125] [-1.2117211818695068:22.353860855102539] [-1.6510566473007202:35.054656982421875] [-302.2386474609375:301.95462036132812] [-0.56110376119613647:54.742702484130859] [0:3781] [-1.126220703125:1.0352717638015747] [-8.1291913986206055:3.9815788269042969] [-11.191259384155273:9.9645681381225586] [-8.2463169097900391:3.209526538848877] [-10.387009620666504:6.0357494354248047] [-0.73262137174606323:5.7138266563415527] [-2.4754712581634521:1.9692631959915161] [-8.6359395980834961:3.3353359699249268] [-12.301551818847656:13.503410339355469] [-10.030886650085449:2.994603157043457] [-11.428383827209473:8.0678262710571289] [-0.88653707504272461:11.138689994812012] [-1.0592280626296997:1.6021285057067871] [-8.1699552536010742:3.6011812686920166] [-9.4442462921142578:10.905125617980957] [-8.1814289093017578:3.1119589805603027] [-10.127852439880371:5.8649678230285645] [-1.1340641975402832:12.910944938659668] [-1.8467967510223389:1.4216403961181641] [-5.8039441108703613:3.0855684280395508] [-8.3700742721557617:5.3243212699890137] [-5.4159431457519531:3.5283749103546143] [-7.2285294532775879:4.9332847595214844] [-1.0374341011047363:6.4807710647583008] [-2.1682989597320557:1.9632805585861206] [-6.5136899948120117:5.6240735054016113] [-6.8520550727844238:6.8756513595581055] [-7.4888114929199219:4.8054323196411133] [-6.5351366996765137:4.642054557800293] [-1.0053757429122925:6.6511058807373047] [-1.0663919448852539:2.2564122676849365] [-4.528724193572998:2.8902411460876465] [-5.5467209815979004:5.257744312286377] [-5.6871976852416992:2.3969604969024658] [-4.6754426956176758:3.8909835815429688] [-1.2185938358306885:4.5825901031494141] [-0.9237513542175293:1.2327938079833984] [-5.1258120536804199:3.8666448593139648] [-5.036344051361084:4.6782293319702148] [-3.8182153701782227:4.5275635719299316] [-6.1902542114257812:4.048856258392334] [-1.5654515027999878:4.4771990776062012] [-2.3073701858520508:1.3487436771392822] [-7.4597277641296387:3.7414500713348389] [-8.9216117858886719:8.9397792816162109] [-6.334078311920166:2.6285004615783691] [-10.328147888183594:7.1330628395080566] [-1.107439398765564:8.4302473068237305] [-2.0357146263122559:1.6252480745315552] [-4.4426107406616211:3.2878069877624512] [-8.925623893737793:7.7907857894897461] [-3.9597220420837402:3.2832584381103516] [-4.9944071769714355:6.2578134536743164] [-1.1890513896942139:5.1120977401733398] [-0.98426544666290283:1.9428280591964722] [-8.8193931579589844:4.2578668594360352] [-10.463391304016113:11.943221092224121] [-8.5063762664794922:4.5490059852600098] [-9.7116069793701172:5.9591522216796875] [-0.9298863410949707:7.9128460884094238] [-2.3823018074035645:2.1604068279266357] [-7.6307611465454102:3.7099967002868652] [-10.282492637634277:10.054934501647949] [-7.8237771987915039:3.8801119327545166] [-9.6624650955200195:7.5855727195739746] [-1.2038989067077637:12.381999015808105] [-0.70898199081420898:1.5416167974472046] [-3.8389017581939697:4.3642787933349609] [-25.350629806518555:23.258190155029297] [-2.4980876445770264:2.1499311923980713] [-9.4105911254882812:8.9435644149780273] [-0.94410431385040283:2.5602991580963135] [-1.0469387769699097:6.5064635276794434] [-0.97248846292495728:1.0031051635742188] [-6.7219266891479492:3.1553082466125488] [-12.718597412109375:6.8183674812316895] [-7.428154468536377:3.0101637840270996] [-8.5844640731811523:5.3507523536682129] [-1.1538286209106445:8.7812128067016602] [-0.95383995771408081:1.4603757858276367] [-3.9496066570281982:2.972590446472168] [-5.3942785263061523:6.6779446601867676] [-4.7204103469848633:2.5806591510772705] [-6.1981134414672852:6.2408151626586914] [-1.2577050924301147:5.5625357627868652] [-1.8992078304290771:5.8688054084777832] [-4.458125114440918:4.123466968536377] [-10.813165664672852:6.6655302047729492] [-3.6132571697235107:3.1470379829406738] [-6.7788991928100586:4.7348928451538086] [-1.0769661664962769:4.8030462265014648] [-1.8958737850189209:3.4569270610809326] [-4.5055313110351562:3.6911571025848389] [-6.5081377029418945:6.2507791519165039] [-4.5579943656921387:3.2501280307769775] [-6.7046279907226562:4.8687105178833008] [-1.1942888498306274:3.7773139476776123] [-0.82480812072753906:8.3465471267700195] [-0.79978764057159424:6.7594099044799805] [-4.5610880851745605:10.259617805480957] [-1.625831127166748:12.370974540710449] [-1.7594540119171143:5.7340340614318848] [-0.74907994270324707:1.749661922454834] [-4.9736018180847168:4.0086274147033691] [-6.1091465950012207:8.5186319351196289] [-5.9022583961486816:3.9153778553009033] [-6.3827548027038574:5.5207457542419434] [-1.0849379301071167:5.7513236999511719] [-1.0846290588378906:1.5173118114471436] [-6.7263026237487793:4.4884047508239746] [-9.5026407241821289:9.2912931442260742] [-8.6376934051513672:4.3974432945251465] [-8.1317939758300781:6.3436112403869629] [-1.0913305282592773:7.8611559867858887] [-1.8642940521240234:1.4933617115020752] [-6.7242422103881836:2.7763915061950684] [-9.3532896041870117:9.0619716644287109] [-6.105039119720459:2.2422554492950439] [-7.5903654098510742:5.0292925834655762] [-1.293832540512085:9.602147102355957] [-1.2300747632980347:1.2016496658325195] [-9.5224428176879883:7.2516984939575195] [-13.670286178588867:11.336268424987793] [-8.4882373809814453:7.5027093887329102] [-12.290436744689941:9.4095945358276367] [-0.84037995338439941:9.5527544021606445] [-0.83692842721939087:1.7304461002349854] [-7.0480375289916992:4.5783920288085938] [-8.6149415969848633:8.7114295959472656] [-7.6057891845703125:4.6318464279174805] [-6.283503532409668:5.5064849853515625] [-1.0498855113983154:6.7924981117248535] [-0.62572264671325684:2.5630173683166504] [-6.2152667045593262:3.3810155391693115] [-8.1203098297119141:11.461871147155762] [-6.6371617317199707:3.6268472671508789] [-6.8850412368774414:4.5162501335144043] [-1.1091222763061523:8.8271360397338867] [-0.58676451444625854:1.1696947813034058] [-7.4611063003540039:3.169459342956543] [-7.285914421081543:7.6408786773681641] [-6.413121223449707:2.7555499076843262] [-9.0820951461791992:5.2803277969360352] [-1.1725237369537354:6.9729628562927246] [-0.65329450368881226:1.6937421560287476] [-8.564692497253418:3.0878362655639648] [-7.1713218688964844:10.35795783996582] [-7.4014801979064941:2.7688305377960205] [-9.7468175888061523:4.3004851341247559] [-1.2301589250564575:10.973478317260742] [-0.48115769028663635:1.5245074033737183] [-7.6809487342834473:2.2492554187774658] [-10.377435684204102:11.314580917358398] [-6.7077536582946777:2.9510018825531006] [-8.9834623336791992:3.5976033210754395] [-1.1391757726669312:8.6837987899780273] [-0.65745192766189575:1.6670964956283569] [-8.0099420547485352:4.9953522682189941] [-10.799098968505859:8.0085048675537109] [-8.6606683731079102:5.172081470489502] [-8.4142074584960938:6.3354358673095703] [-0.88547194004058838:7.4337863922119141] [-0.69230771064758301:1.307692289352417] [-0.99346405267715454:1.0326797962188721] [-1.5286624431610107:1.3121019601821899] [-4.7142858505249023:2.9285714626312256] [-5.8333334922790527:4.2777776718139648] [-1.3333333730697632:1.5789474248886108] [-0.8657718300819397:1.7449663877487183] [-0.41836735606193542:2.1989796161651611]
tree_sizes=3064 3148 3178 3172 3152 3173 3168 3142 3146 3155 3156 3160 3156 3146 3140 3139 3151 3137 3153 3152 3150 3141 3153 3148 3156 3157 3129 3124 3159 3160 3155 3147 3157 3162 3160 3144 3147 3155 3161 3152 3150 3155 3139 3150 3145 3149 3167 3162 3153 3158 3163 3156 3145 3170 3171 3149 3157 3146 3169 3170 3158 3133 3152 3145 3165 3157 3123 3152 3151 3147 3157 3145 3168 3166 3145 3146 3131 3155 3151 3151 3150 3157 3153 3155 3161 3151 3168 3119 3144 3129 3167 3157 3140 3147 3161 3151 3144 3149 3161 3167 3163 3158 3152 3156 3140 3151 3121 3165 3127 3121 3171 3159 3151 3170 3137 3149 3160 3153 3151 3178 3140 3159 3162 3149 3140 3144 3166 3167 3146 3151 3158 3164 3166 3164 3169 3153 3172 3164 3150 3160 3148 3151 3172 3139 3145

Tree=0
num_leaves=31
num_cat=0
split_feature=9 39 29 85 85 192 15 255 257 188 162 135 96 198 60 188 33 101 51 37 180 35 75 69 150 188 197 141 78 233
split_gain=27.0543 12.432 9.20311 13.3445 7.24583 5.91188 6.32442 6.09514 5.711 5.20738 5.18402 4.91764 4.56613 4.29803 4.00243 3.97148 3.32208 3.15709 2.67452 2.65954 2.5833 2.56748 2.54531 2.47067 2.29636 2.02854 2.02292 1.97158 1.87468 1.84062
threshold=0.94230768084526073 -4.3644902706146231 -0.3314970582723617 4.1869037151336679 2.121915459632874 -0.38841052353382105 0.37847222387790685 -0.62499999999999989 0.30701753497123724 0.76877254247665416 2.2105445861816411 -1.1802642345428465 1.3341150879859927 -0.057264931499958031 8.5000000000000018 0.99058541655540477 -2.690125465393066 0.28410676121711737 1.0000000180025095e-35 0.24137742817401889 2.6102181673049931 -0.25347566604614252 -1.3485131263732908 -2.4184221029281612 -0.1090518794953823 0.35330645740032202 -0.1547010391950607 1.552189886569977 -1.2061764597892759 1.3802599310874941
decision_type=10 8 10 10 8 8 10 8 8 10 10 8 10 10 2 10 10 8 8 8 10 8 10 10 8 10 10 10 10 10
left_child=1 4 14 10 16 9 7 26 -8 19 15 -6 17 25 -2 29 -1 18 20 -3 -9 -20 -16 -11 -14 -10 -7 -12 -18 -4
right_child=2 5 3 -5 11 6 8 12 13 23 27 -13 24 -15 22 -17 28 -19 21 -21 -22 -23 -24 -25 -26 -27 -28 -29 -30 -31
leaf_value=0.0095355956877239186 0.0088513124358007012 0.0091621793025519638 0.0088030555654254935 0.0078224943907821802 0.010327018942554353 0.0092825865693860476 0.0089409985180878473 0.0092983339992996454 0.0091187234257552978 0.0098429967302269238 0.0086799185098391518 0.0096151587167842556 0.0092400701313606077 0.0089552723191109462 0.0095171113346012269 0.0092789891729769137 0.0096981935829629773 0.0093236694131309424 0.0089936450354016744 0.0090116557309807138 0.0090693908252288142 0.0092203437623530286 0.009165767724971274 0.0093003758705454079 0.008881128509039873 0.0092575249638510541 0.0094176653422781663 0.0091231563124265641 0.0092273405361169656 0.0091105024421183761
leaf_weight=1788 877 6628 1383 295 305 4379 2512 19136 3447 230 2154 1199 685 1645 621 1114 224 13073 1289 5288 1311 36077 2914 2017 1254 11080 7633 290 2781 765
leaf_count=1788 877 6628 1383 295 305 4379 2512 19136 3447 230 2154 1199 685 1645 621 1114 224 13073 1289 5288 1311 36077 2914 2017 1254 11080 7633 290 2781 765
internal_value=0.00922375 0.00924431 0.00897902 0.00885162 0.00946067 0.00923272 0.00924583 0.00926417 0.00916257 0.00913693 0.0089061 0.00976303 0.00924695 0.0091971 0.00915264 0.00903724 0.00936522 0.00925351 0.00923763 0.00909528 0.0092836 0.00921248 0.00922767 0.00935739 0.00900791 0.00922453 0.00936851 0.00873199 0.00926333 0.0089118
internal_weight=134394 123981 10413 6001 6297 117684 103521 84837 18684 14163 5706 1504 72825 16172 4412 3262 4793 70886 57813 11916 20447 37366 3535 2247 1939 14527 12012 2444 3005 2148
internal_count=134394 123981 10413 6001 6297 117684 103521 84837 18684 14163 5706 1504 72825 16172 4412 3262 4793 70886 57813 11916 20447 37366 3535 2247 1939 14527 12012 2444 3005 2148
is_linear=0
shrinkage=1


Tree=1
num_leaves=31
num_cat=0
split_feature=9 39 175 68 90 192 90 69 45 188 69 47 256 6 96 38 102 32 33 37 26 66 69 163 49 107 117 81 164 121
split_gain=26.786 12.3091 8.96046 7.54651 6.04674 6.5839 6.03791 6.26834 7.70253 5.15584 4.72686 4.39171 4.09285 4.72141 4.25644 3.49362 3.2651 3.1593 2.96701 2.63301 2.4769 2.4482 2.44659 2.40863 2.13451 2.14505 2.87814 2.22839 1.92346 1.80451
threshold=0.94230768084526073 -4.3644902706146231 0.13488123565912249 -0.51498931646347035 0.81824815273284923 -0.38841052353382105 -0.87807902693748463 -2.9921171665191646 -1.1658291220664976 0.76877254247665416 -2.6205701828002925 -1.4999999999999998 -0.52777779102325428 0.80375427007675182 1.6235568523406985 -0.068227574229240404 1.2341602444648745 -1.7305269837379453 -2.690125465393066 0.24137742817401889 -0.51976743340492237 -0.97598987817764271 -2.4184221029281612 -0.21476028859615323 1.4843750000000002 0.29367952048778539 2.8564583063125615 3.0483018159866337 1.3953396677970888 -0.010920741595327852
decision_type=10 8 10 2 10 8 10 10 10 10 10 10 8 10 10 8 10 10 10 8 10 8 10 10 10 8 10 10 10 8
left_child=1 3 6 -1 5 9 -2 8 -8 19 -5 -10 14 16 15 -7 21 -15 -12 -3 29 -14 -11 -4 25 27 -27 28 -23 -9
right_child=2 4 23 10 -6 12 7 20 11 22 18 -13 13 17 -16 -17 -18 -19 -20 -21 -22 24 -24 -25 -26 26 -28 -29 -30 -31
leaf_value=0.0010183980312059018 -3.1746654335929038e-05 -6.1577655165305021e-05 0.00014120055692033894 0.00055380491342369614 -0.00022058131347720046 3.1824636843140626e-05 -0.00028201327937622068 -0.00011258357626643954 -0.00070325093109754021 0.00061590177411946685 0.00029956954656102736 -0.0017227544373238876 -0.00033017789366481155 4.1315975002473384e-05 -0.00041712830367441939 0.00016908346382651435 0.00011655041715824241 -0.00041559257678988907 5.1162077431887774e-05 -0.0002113493781199315 -0.00052327133199072859 -4.7945600559910695e-06 7.5929106297155171e-05 -0.00031756298488714885 -0.00023701458998052975 6.4535205443634982e-05 -0.00027135081741321032 0.00035261989107032233 -0.00031202422475211437 -0.00032898545303378579
leaf_weight=289 1548 6628 1619 800 2804 8677 419 1352 222 230 1887 224 526 585 393 9982 7666 1052 3321 5288 1206 48003 2017 342 855 21389 652 427 510 3481
leaf_count=289 1548 6628 1619 800 2804 8677 419 1352 222 230 1887 224 526 585 393 9982 7666 1052 3321 5288 1206 48003 2017 342 855 21389 652 427 510 3481
internal_value=-3.17962e-07 2.01392e-05 -0.000243829 0.000235429 8.60577e-06 1.42135e-05 -0.000314453 -0.000377699 -0.000775543 -8.6699e-05 0.000196867 -0.00122982 2.84125e-05 1.30078e-05 9.43969e-05 0.000105306 1.8458e-05 -0.000252378 0.000141464 -0.000128145 -0.000320037 8.05193e-06 0.000132667 6.03333e-05 1.05583e-05 1.3564e-05 5.45173e-05 -4.87359e-06 -8.06648e-06 -0.000268731
internal_weight=134394 123981 10413 6297 117684 114880 8452 6904 865 14163 6008 446 100717 81665 19052 18659 80028 1637 5208 11916 6039 72362 2247 1961 71836 70981 22041 48940 48513 4833
internal_count=134394 123981 10413 6297 117684 114880 8452 6904 865 14163 6008 446 100717 81665 19052 18659 80028 1637 5208 11916 6039 72362 2247 1961 71836 70981 22041 48940 48513 4833
is_linear=0
shrinkage=0.005


Tree=2
num_leaves=31
num_cat=0
split_feature=11 21 138 90 90 85 256 69 45 85 254 156 54 96 67 254 33 197 66 66 60 208 108 204 5 90 129 259 31 33
split_gain=24.9597 18.6415 10.5169 7.03706 6.09253 5.72351 5.40847 4.51877 6.62869 4.06273 3.60557 3.8394 3.464 3.11565 3.09941 3.09472 2.85538 2.71195 2.68576 2.62755 2.50965 2.35865 2.20762 2.15473 2.08262 2.08155 1.95739 2.02465 1.95432 1.88798
threshold=0.84346503019332897 0.97804051637649547 -0.80282750725746144 -0.87807902693748463 0.81824815273284923 1.5913056135177615 3.7007432742450314e-15 -2.9921171665191646 -1.1658291220664976 4.1869037151336679 1.1878980994224551 -0.45276945829391474 0.47222222387790685 1.6235568523406985 4.1956522464752206 1.0000000180025095e-35 0.9389932155609132 0.6626645326614381 -0.96536886692047108 -0.63602718710899342 19.500000000000004 -0.88817206025123585 -0.37351679801940912 0.19495438039302829 -0.56666669249534596 0.21079280972480777 -0.88360136747360218 -0.36479592323303217 0.85185185074806224 -0.9067387282848357
decision_type=10 10 10 10 10 10 10 10 10 10 10 8 2 10 10 8 10 10 8 10 2 10 2 10 8 10 10 10 10 10
left_child=1 4 3 29 6 -3 12 8 -5 -10 11 24 13 15 21 23 18 -14 -13 -9 25 -4 -20 -1 -8 -17 -24 -28 -29 -2
right_child=2 5 14 7 -6 -7 10 19 9 -11 -12 16 17 -15 -16 20 -18 -19 22 -21 -22 -23 26 -25 -26 -27 27 28 -30 -31
leaf_value=8.9128547898759299e-05 -0.00034245314632465703 0.00026566045805157792 0.00010108459692958815 -0.0003054218423695296 -0.00021948036930781892 0.00074888907572613433 -0.00036313523874039556 -0.00052794302447390859 -0.00067647829751796718 -0.001689852357638437 -0.00027475302096270968 -0.00028845378775600619 8.2342055766673267e-05 -0.00027746960079145919 0.00020768028901117016 -1.2857027669971566e-05 -0.00020390823497506896 0.00025846094186009259 6.8717654835933172e-05 -0.00027894622637963126 8.9470136917002725e-06 -0.00022550547098184074 -0.00013725605896551697 -3.9221018129199377e-05 -9.7584573910791252e-05 -0.00028295391066448974 -0.0003700475789139627 1.416726072528183e-05 -0.00017600297097522619 3.4521920088952392e-05
leaf_weight=21331 435 1947 864 417 2804 900 971 1582 208 210 1355 759 12989 824 1166 1413 1680 2631 12023 3334 18974 1511 2772 3853 3098 1445 358 29785 1410 1345
leaf_count=21331 435 1947 864 417 2804 900 971 1582 208 210 1355 759 12989 824 1166 1413 1680 2631 12023 3334 18974 1511 2772 3853 3098 1445 358 29785 1410 1345
internal_value=-3.16999e-07 2.00998e-05 -0.000227674 -0.000333283 1.06369e-05 0.00041964 1.61337e-05 -0.000418267 -0.000758686 -0.00120073 -2.05346e-05 -1.39827e-05 4.74648e-05 2.63371e-05 -2.77218e-06 3.17012e-05 -1.65841e-06 0.000112112 5.56479e-06 -0.000359632 -1.18473e-05 -0.000106523 1.04211e-05 6.94681e-05 -0.000161445 -0.000149848 -9.99094e-06 1.19371e-06 5.5288e-06 -5.80251e-05
internal_weight=134394 123322 11072 7531 120475 2847 117671 5751 835 418 54211 52856 63460 47840 3541 47016 48787 15620 47107 4916 21832 2375 46348 25184 4069 2858 34325 31553 31195 1780
internal_count=134394 123322 11072 7531 120475 2847 117671 5751 835 418 54211 52856 63460 47840 3541 47016 48787 15620 47107 4916 21832 2375 46348 25184 4069 2858 34325 31553 31195 1780
is_linear=0
shrinkage=0.005


Tree=3
num_leaves=31
num_cat=0
split_feature=9 64 29 85 9 68 107 192 254 96 8 222 65 96 51 222 203 77 126 44 65 249 44 35 234 63 75 108 75 19
split_gain=26.2776 11.6462 8.98416 13.0463 8.1465 7.23008 6.87064 6.59373 5.0496 7.55636 4.52632 3.85778 3.69895 4.95969 3.10822 3.0242 2.94185 2.86173 2.73113 2.64403 2.63947 2.54601 2.44401 2.35047 2.16103 2.00142 1.84552 1.81885 1.65362 1.57365
threshold=0.94230768084526073 1.5040485858917239 -0.3314970582723617 4.1869037151336679 0.76923078298568737 -0.50078126788139332 0.11070440337061883 -0.38841052353382105 0.7165605127811433 -0.095380693674087511 1.2869565486907961 0.48050196468830114 0.54764705896377575 1.3341150879859927 0.11158798262476922 -0.22048258036375043 -0.43577107787132258 -1.2027831077575681 -0.3437920063734054 -0.24999999254941938 0.47588235139846807 0.57830238342285167 -0.31249999999999994 -0.30958293378353113 -0.47233346104621882 -0.19513839483261106 -1.3930960297584531 -0.12446175143122672 -0.60092931985855091 -0.61601307988166798
decision_type=10 10 10 10 8 2 10 8 10 10 10 10 8 10 8 10 8 10 8 8 10 10 10 8 10 10 10 2 8 10
left_child=1 7 10 6 5 -3 27 11 12 -10 -2 25 13 14 19 -15 -14 -7 -18 22 -8 -11 -9 -16 -6 -1 -12 -4 -20 -25
right_child=2 4 3 -5 24 17 20 8 9 21 26 -13 16 15 23 -17 18 -19 28 -21 -22 -23 -24 29 -26 -27 -28 -29 -30 -31
leaf_value=-0.00021646881365248771 -0.00026950540416686416 0.0010698304936355271 5.9793807520536836e-05 -0.0013849446860468015 5.1935453462739577e-05 0.00072408478465883427 -0.00049472373848956895 2.9563394580009455e-05 2.8816645800099225e-05 -0.00013647312543972379 0.00031454861388751596 -0.00015977053233263828 -2.9987134494361811e-05 1.2328777081194172e-07 -0.00023832276253147358 -0.00035930698135684734 -1.847081198970577e-05 0.00024650301349416696 0.00025662605457025015 9.6384871192306491e-05 -0.00018564592689193548 -0.0003720679881517326 -0.00018790513524880663 3.1756756265132561e-05 -0.00035427943835564658 5.0871552810656533e-05 -8.4054344134945447e-06 -0.00030123209207429092 0.00012347164761512672 -3.9253872514648712e-05
leaf_weight=819 1725 315 1197 295 941 341 3118 14825 7501 3185 552 8468 3835 1019 1077 1361 2813 3740 2984 20138 905 1806 1410 16759 495 4644 2135 486 10917 14588
leaf_count=819 1725 315 1197 295 941 341 3118 14825 7501 3185 552 8468 3835 1019 1077 1361 2813 3740 2984 20138 905 1806 1410 16759 495 4644 2135 486 10917 14588
internal_value=-3.16476e-07 1.99456e-05 -0.000241506 -0.000367379 0.000237969 0.000344702 -0.000313517 9.16978e-06 2.28313e-05 -7.14465e-05 -6.99634e-05 -9.29682e-05 3.56795e-05 1.86073e-05 2.63829e-05 -0.000205529 9.47704e-05 0.000287368 0.000123426 5.81126e-05 -0.000425636 -0.000222111 1.05936e-05 -9.19938e-06 -8.84863e-05 1.05398e-05 5.82154e-05 -4.47469e-05 0.000152173 -1.27461e-06
internal_weight=134394 123981 10413 6001 5832 4396 5706 118149 104218 12492 4412 13931 91726 71177 68797 2380 20549 4081 16714 36373 4023 4991 16235 32424 1436 5463 2687 1683 13901 31347
internal_count=134394 123981 10413 6001 5832 4396 5706 118149 104218 12492 4412 13931 91726 71177 68797 2380 20549 4081 16714 36373 4023 4991 16235 32424 1436 5463 2687 1683 13901 31347
is_linear=0
shrinkage=0.005


Tree=4
num_leaves=31
num_cat=0
split_feature=11 64 20 85 68 22 181 222 65 182 101 21 228 22 113 39 69 35 117 203 245 164 205 54 156 65 38 13 168 108
split_gain=24.4747 19.0443 7.9656 12.7305 7.13265 6.7495 5.42942 4.62812 4.6234 4.40909 4.28055 4.02328 4.50456 3.78401 4.28075 3.3616 3.30769 3.2274 3.11017 2.45153 2.33042 2.31493 2.25827 2.34762 2.21667 2.16594 1.90901 1.87067 1.75091 1.7417
threshold=0.84346503019332897 1.5647773742675783 1.072607219219208 4.1869037151336679 -0.50078126788139332 0.78883495926857006 0.63351979851722728 -0.20208566635847089 0.85823529958724987 -0.35786136984825129 0.30143956840038305 0.40033784508705145 0.12184574455022813 -0.14805825799703595 -0.095291815698146806 0.81597399711608898 -2.6205701828002925 -0.30163852870464319 2.8564583063125615 -0.15625751018524167 -0.12212860956788062 1.3953396677970888 -1.6652216315269468 0.25000000745058065 0.87919160723686229 0.64411765336990368 -0.42314144968986506 0.74208861589431774 -0.30865336954593653 0.049881352111697204
decision_type=10 10 10 10 2 10 10 10 8 8 10 8 8 8 10 8 8 8 10 10 8 10 8 2 10 10 10 8 10 2
left_child=1 6 3 10 -3 9 8 28 11 -4 -2 12 18 -13 17 21 -6 24 26 -9 -10 29 -11 -24 -15 -12 -1 -16 -8 -14
right_child=2 4 5 -5 16 -7 7 19 20 22 25 13 15 14 27 -17 -18 -19 -20 -21 -22 -23 23 -25 -26 -27 -28 -29 -30 -31
leaf_value=1.5959933968959064e-05 -1.352689190817353e-05 0.0010700970272987506 -0.000445271175241855 -0.0015310315633724272 0.00064099337993449952 0.00012090930671133057 -6.6832384530402637e-05 -8.1771038786917634e-05 4.6291193054596402e-06 0.00024634273190562327 -0.0004737564089517913 -0.00040811776554920437 6.6488102697393291e-05 -0.00031539907393031484 -3.114887267138447e-05 -0.00021952587241973507 0.00022905869833978853 0.0001123177566569957 -0.00026913461995180314 -0.00025638156039697456 0.00014258623424961246 -0.00023557607623311296 -3.2362138039671029e-05 -0.00032306277593637021 -8.6889992093915308e-05 -0.00014395315533919861 0.00010560757204261738 0.00011399991257524564 0.00015153330288757592 -1.0883554191691374e-05
leaf_weight=8498 862 312 1503 228 569 2055 1662 4521 4360 373 2619 754 9225 2541 8088 1810 3413 873 652 3642 10334 1014 1529 1276 1841 627 19835 3053 2034 34291
leaf_count=8498 862 312 1503 228 569 2055 1662 4521 4360 373 2619 754 9225 2541 8088 1810 3413 873 652 3642 10334 1014 1529 1276 1841 627 19835 3053 2034 34291
internal_value=-3.15242e-07 1.99021e-05 -0.000225453 -0.000392553 0.000346842 -0.000117603 8.08933e-06 -9.33962e-05 1.93279e-05 -0.000222437 -0.00032746 6.22885e-06 2.19709e-05 -6.28696e-05 -4.68426e-05 -8.60004e-06 0.000288777 -0.000164409 7.08569e-05 -0.000159846 0.000101701 0 -0.000116359 -0.00016512 -0.000219718 -0.000410525 7.87445e-05 8.6151e-06 5.32469e-05 5.51281e-06
internal_weight=134394 123322 11072 4336 4294 6736 119028 11859 107169 4681 4108 92475 75325 17150 16396 46340 3982 5255 28985 8163 14694 44530 3178 2805 4382 3246 28333 11141 3696 43516
internal_count=134394 123322 11072 4336 4294 6736 119028 11859 107169 4681 4108 92475 75325 17150 16396 46340 3982 5255 28985 8163 14694 44530 3178 2805 4382 3246 28333 11141 3696 43516
is_linear=0
shrinkage=0.005


Tree=5
num_leaves=31
num_cat=0
split_feature=9 64 175 9 68 90 90 24 65 27 254 175 215 96 69 38 259 69 257 211 168 163 188 239 115 188 239 78 187 162
split_gain=24.1573 12.3069 8.1159 7.84308 7.19892 5.80283 5.56545 5.55849 4.37073 4.48412 4.95608 4.68762 3.72883 3.71018 3.57715 3.10651 3.00106 2.76619 2.6807 2.57153 2.44352 2.06736 2.04722 2.03522 1.99353 1.90718 1.88199 1.85592 1.84453 1.80966
threshold=0.94230768084526073 1.5040485858917239 0.13488123565912249 0.76923078298568737 -0.50078126788139332 -0.87807902693748463 0.79219499230384838 -0.49182152748107905 1.1105881929397585 0.0098980204202234762 1.1878980994224551 -0.3760825097560882 0.28121080994606024 1.7559700012207033 -2.7273360490798946 -0.48255163431167597 1.9617347121238711 -1.2133411169052122 0.83333334326744091 0.099933799356222167 0.43539145588874822 -0.21476028859615323 0.76877254247665416 0.03886473365128041 0.73291966319084179 0.35330645740032202 -0.50033950805664051 2.5293003320693974 -0.14386188238859174 1.9231294393539431
decision_type=10 10 10 8 2 10 10 10 8 8 10 8 10 10 10 10 10 10 10 10 10 10 10 10 8 10 10 10 10 10
left_child=1 6 5 4 -3 -2 8 19 9 10 13 22 18 15 -6 25 27 -9 -13 -7 -10 -4 23 -11 -18 26 -1 -17 -25 -16
right_child=2 3 21 -5 14 7 -8 17 20 11 -12 12 -14 -15 29 16 24 -19 -20 -21 -22 -23 -24 28 -26 -27 -28 -29 -30 -31
leaf_value=-2.9156352145314292e-05 -2.2674921852269921e-05 0.0010733179608484404 0.00013181323025411915 -8.4671004297554056e-05 0.0006686924982553141 -0.00036366826316404463 -0.00019178904142254678 -0.00079961106304618198 6.9441195150632336e-05 -4.5901634449714126e-05 -0.00024627306352422395 -1.8713871915929795e-05 0.00010376254710433663 -0.00038053188349844685 0.00012360697152813738 0.00010448877495534877 4.4827514054327605e-05 -0.00036186032955948672 -0.00034664069128336416 -0.00013322420844059124 0.00024961362639070708 -0.00030276463950461372 0.0001046979904662378 -0.00039546694808461876 -0.00016122818058616223 3.1296883640405177e-05 -0.00027320338427962816 0.00042049153850068648 -0.00016682278431831752 0.0003492155310275912
leaf_weight=3148 1573 313 1639 1374 541 3464 3332 917 7317 2359 1450 41350 6644 490 1863 23043 3783 625 628 1885 2538 323 772 1201 1695 13435 1053 471 3411 1727
leaf_count=3148 1573 313 1639 1374 541 3464 3332 917 7317 2359 1450 41350 6644 490 1863 23043 3783 625 628 1885 2538 323 772 1201 1695 13435 1053 471 3411 1727
internal_value=1.10417e-06 2.05564e-05 -0.000229984 0.000244959 0.000346968 -0.000297125 9.48933e-06 -0.000359639 1.53444e-05 5.88167e-06 4.10946e-05 -2.44524e-05 -6.23971e-06 4.99738e-05 0.000290582 5.45489e-05 8.63755e-05 -0.000624249 -2.36723e-05 -0.000282753 0.000115996 5.94276e-05 -0.000138676 -0.000165756 -1.89278e-05 2.19097e-06 -9.06988e-05 0.000110928 -0.000226836 0.000232612
internal_weight=134364 123938 10426 5818 4444 8464 118120 6891 114788 104933 48568 56365 48622 47118 4131 46628 28992 1542 41978 5349 9855 1962 7743 6971 5478 17636 4201 23514 4612 3590
internal_count=134364 123938 10426 5818 4444 8464 118120 6891 114788 104933 48568 56365 48622 47118 4131 46628 28992 1542 41978 5349 9855 1962 7743 6971 5478 17636 4201 23514 4612 3590
is_linear=0
shrinkage=0.005


Tree=6
num_leaves=31
num_cat=0
split_feature=11 21 46 18 69 258 150 258 114 69 216 187 191 94 54 66 89 69 5 96 63 254 38 188 180 239 66 246 114 164
split_gain=22.5151 18.2427 8.24728 6.42502 6.52271 5.01267 4.24094 4.23965 4.07449 3.85749 3.85596 3.50937 3.48694 3.13961 3.02012 2.97676 2.88349 2.77316 2.74845 2.7968 2.67781 2.5377 2.4156 3.40498 2.99451 2.5986 2.01523 1.75908 1.748 1.68571
threshold=0.84346503019332897 0.97804051637649547 -1.6428571343421934 1.2746710777282717 -3.1620037555694576 0.75503355264663707 -0.14603358507156369 0.21812080591917041 -0.72705024480819691 -3.5068719387054439 -0.15150843560695645 -0.079923264682292924 0.20520747452974322 -3.8927468061447139 0.83730158209800731 -0.97598987817764271 2671.5000000000005 -3.7965571880340572 -0.63333335518836964 0.99079665541648876 -0.093115743249654756 1.1878980994224551 -0.48255163431167597 0.61192947626113903 2.6102181673049931 -0.4041552990674972 -0.63602718710899342 -0.60685187578201283 1.6165852546691897 0.45100888609886175
decision_type=10 10 10 10 10 10 10 10 8 10 10 10 10 10 2 8 2 8 10 10 10 10 8 10 10 10 10 10 10 8
left_child=1 6 -2 4 5 -4 15 8 16 -3 21 18 29 -6 28 -1 -8 -17 -10 -20 -21 -9 23 25 -24 -19 -15 -14 -13 -5
right_child=2 9 3 12 13 -7 7 10 11 -11 -12 14 27 26 -16 17 -18 22 19 20 -22 -23 24 -25 -26 -27 -28 -29 -30 -31
leaf_value=-0.00032318352647868649 0.00015725478490183459 0.0010659982639462003 -0.0015050468389465963 8.8578357461394989e-05 -7.286664181717985e-05 -0.00050425735959759978 -0.00048965946879577632 2.4564217198010747e-05 0.00013126697922703323 0.00035952564473327406 -0.00018862871326823756 6.1540771316659384e-05 3.5750442708078802e-05 -0.00054661641149940181 0.00027115098776923788 0.00055238135277840296 -8.8250840067380205e-05 -3.9190785581636488e-05 -8.9522044838076246e-06 -0.0002300460079099373 0.0001346517972208072 -0.00033244126521545853 7.9715697396873152e-05 4.3224661952999242e-05 -0.00015661021550123641 -0.00029587041385534051 -0.00030470465231830732 -0.00039949785043492416 -0.00031182295297205653 -0.00017801836482178205
leaf_weight=536 1304 206 205 1707 1048 336 485 5322 3083 2701 6058 14744 288 1272 1782 268 5306 3211 28531 2701 613 544 33159 10966 1391 1423 2823 1134 315 902
leaf_count=536 1304 206 205 1707 1048 336 485 5322 3083 2701 6058 14744 288 1272 1782 268 5306 3211 28531 2701 613 544 33159 10966 1391 1423 2823 1134 315 902
internal_value=1.09838e-06 2.04506e-05 -0.000215393 -0.000265519 -0.000373787 -0.00089471 1.0991e-05 -1.44111e-05 3.35964e-06 0.000411505 -0.000100202 1.74418e-05 -0.000112455 -0.000318077 7.67202e-05 4.56386e-05 -0.000122349 4.96012e-05 -1.11327e-05 -2.49529e-05 -0.000162335 -8.71345e-06 4.68496e-05 -4.76275e-06 7.01653e-05 -0.000118353 -0.000380545 -0.00031118 5.35968e-05 -3.56408e-06
internal_weight=134364 123345 11019 9715 5684 541 120438 69484 57560 2907 11924 51769 4031 5143 16841 50954 5791 50418 34928 31845 3314 5866 50150 15600 34550 4634 4095 1422 15059 2609
internal_count=134364 123345 11019 9715 5684 541 120438 69484 57560 2907 11924 51769 4031 5143 16841 50954 5791 50418 34928 31845 3314 5866 50150 15600 34550 4634 4095 1422 15059 2609
is_linear=0
shrinkage=0.005


Tree=7
num_leaves=31
num_cat=0
split_feature=9 64 46 255 45 69 68 90 65 102 54 60 254 28 175 96 69 96 245 64 180 168 168 43 102 144 51 19 69 17
split_gain=23.6889 12.0954 8.83398 8.09848 6.95871 9.68503 6.49603 5.4755 4.30544 4.00208 3.94165 3.58925 3.46465 3.3695 4.41821 4.05103 3.30001 3.05106 3.04342 3.03436 2.8605 2.57255 2.4086 2.23297 2.18799 1.98537 1.83836 1.70606 1.69001 1.62461
threshold=0.94230768084526073 1.5040485858917239 -1.6428571343421934 1.2321428656578066 -1.1658291220664976 -2.9921171665191646 -0.50078126788139332 0.79219499230384838 1.1105881929397585 1.2525492310523989 -0.52777779102325428 25.500000000000004 1.1878980994224551 -0.35314586758613581 -0.3760825097560882 1.7559700012207033 -2.6205701828002925 1.0416824221611025 4.3890686035156259 1.0000000180025095e-35 2.6102181673049931 1.0278553366661074 0.43539145588874822 -0.19924812018871305 0.34232594072818762 0.51248601078987133 -0.64163091778755177 0.60130721330642711 -2.1528594493865962 0.43689320981502539
decision_type=10 10 10 10 10 10 2 10 8 10 2 2 10 8 8 10 8 10 8 10 10 10 10 8 8 10 10 10 10 10
left_child=1 7 -2 6 11 10 -3 8 9 12 -6 -4 13 15 25 20 -8 21 -13 -19 -1 23 -10 -16 -7 -15 -5 -9 -27 -11
right_child=2 3 4 26 5 24 16 27 22 29 -12 18 -14 14 17 -17 -18 19 -20 -21 -22 -23 -24 -25 -26 28 -28 -29 -30 -31
leaf_value=7.9319510686259357e-05 0.0001564715096083661 0.00106842046682102 -0.00039124835020710411 -0.00031929767972035744 -0.00059159545084007544 -0.00051148730236186062 0.00064084356606418163 -0.00013718479937131038 6.8866492406546094e-05 0.00016473779449578709 -0.0015027577318459503 6.3420472436964813e-06 -0.0002440907413788375 -2.630556301123865e-05 -6.3650689614381796e-05 -0.0004112114907883663 0.00023971684351496418 -0.00025001036325438962 -0.00058375083361980737 3.9570521385297331e-05 -0.00015712820561853468 0.00010208691695689619 0.00024774800757855909 1.3150226195334704e-05 -0.00026549191934359834 -0.0005826984469514048 5.0105465577400426e-05 -0.00043436673379247204 -0.00016331766978814398 -5.7227880601859532e-05
leaf_weight=20806 1304 295 955 474 245 1252 608 2745 7317 5177 252 2780 1450 3260 12046 451 3315 2336 232 1468 1357 6447 2538 44076 3406 250 1126 587 4835 974
leaf_count=20806 1304 295 955 474 245 1252 608 2745 7317 5177 252 2780 1450 3260 12046 451 3315 2336 232 1468 1357 6447 2538 44076 3406 250 1126 587 4835 974
internal_value=1.09223e-06 2.0355e-05 -0.000227745 0.000242821 -0.000282779 -0.000403903 0.000357619 9.38342e-06 1.5191e-05 5.79919e-06 -0.00106496 -0.000124946 -1.90399e-06 1.71119e-06 -1.44686e-05 5.51836e-05 0.000302749 -8.2409e-07 -3.98364e-05 -0.000138222 6.47875e-05 7.53165e-06 0.000115088 -3.32958e-06 -0.000332197 -0.000122866 -5.96725e-05 -0.000190262 -0.000184587 0.000129491
internal_weight=134364 123938 10426 5818 9122 5155 4218 118120 114788 104933 497 3967 98782 97332 74718 22614 3923 66373 3012 3804 22163 62569 9855 56122 4658 8345 1600 3332 5085 6151
internal_count=134364 123938 10426 5818 9122 5155 4218 118120 114788 104933 497 3967 98782 97332 74718 22614 3923 66373 3012 3804 22163 62569 9855 56122 4658 8345 1600 3332 5085 6151
is_linear=0
shrinkage=0.005


Tree=8
num_leaves=31
num_cat=0
split_feature=9 7 46 255 45 69 68 192 254 96 168 54 168 96 69 54 66 95 223 132 180 38 65 69 37 137 18 69 54 234
split_gain=23.4544 11.0197 8.74649 6.90491 6.8897 9.59111 6.5359 5.59268 5.96106 5.20835 4.6339 3.90287 3.69718 3.97681 3.51048 3.43902 3.29241 2.91892 2.81272 2.53104 2.74798 3.24081 2.52204 2.46854 2.45786 2.34668 2.30571 2.1479 1.75384 1.71653
threshold=0.94230768084526073 0.79054054617881786 -1.6428571343421934 1.303571403026581 -1.1658291220664976 -2.9921171665191646 -0.51498931646347035 -0.38149812817573542 0.69745221734046947 -0.095380693674087511 1.6393072605133059 -0.52777779102325428 0.49213972687721258 1.3341150879859927 -2.6205701828002925 0.091269843280315413 -0.96536886692047108 3.441867589950562 0.32390445470809942 0.28123956918716436 2.6102181673049931 -0.48255163431167597 0.42235293984413153 -1.6279260516166685 0.24350579082965854 0.10077480599284173 0.54111841320991527 -0.94260612130165089 0.32142858207225805 -0.378994271159172
decision_type=10 10 10 10 10 10 2 8 10 10 10 2 8 8 10 2 8 10 8 8 10 8 8 10 8 10 10 10 2 10
left_child=1 7 -2 6 15 11 -3 10 12 -10 24 -6 13 16 -8 17 -9 -4 -15 20 21 -18 -14 -12 -1 -21 -11 28 -7 -28
right_child=2 3 4 -5 5 27 14 8 9 26 23 -13 22 18 -16 -17 19 -19 -20 25 -22 -23 -24 -25 -26 -27 29 -29 -30 -31
leaf_value=-5.5708431963877634e-05 0.00015569214126239428 0.0011395486590533477 -8.3478500829415171e-06 -7.2402040862298316e-05 -0.00058869662876163422 -0.00059628264475308681 0.00061894176780088182 -0.00028003908355487108 9.3544568654170804e-06 -0.00011018572221731154 0.00051144557557473069 -0.0014953901334357692 5.817935110642393e-05 -5.0453027953194724e-05 0.00021794570541171208 -0.00041155411886478277 -1.7588384376461044e-05 -0.00062560657932289598 -0.000394385858276067 -1.4582580911943628e-05 -0.00022939817716453187 9.8931151914069735e-05 0.00018219489969438279 5.7132266594578269e-05 -0.00019705590583034695 9.8797671734292833e-05 -4.1577799628975392e-05 -0.00024519309507719888 -0.00027065439547623049 -0.00039168658573114515
leaf_weight=6985 1304 225 2946 1501 245 1067 633 857 6745 3028 365 252 12573 1700 3973 821 7933 200 914 30973 780 23981 6098 1586 5517 5347 441 2883 708 1783
leaf_count=6985 1304 225 2946 1501 245 1067 633 857 6745 3028 365 252 12573 1700 3973 821 7933 200 914 30973 780 23981 6098 1586 5517 5347 441 2883 708 1783
internal_value=1.08594e-06 2.02532e-05 -0.000226615 0.00022336 -0.000281377 -0.000401899 0.000315337 9.30449e-06 2.22157e-05 -8.25221e-05 -8.27855e-05 -0.00105974 3.60094e-05 1.98364e-05 0.000273774 -0.000124327 2.70107e-05 -4.86778e-05 -0.000171425 3.08508e-05 6.27624e-05 6.99535e-05 9.87479e-05 0.000143473 -0.000118177 2.1067e-06 -0.000200508 -0.00033054 -0.000467804 -0.000322736
internal_weight=134364 123938 10426 6332 9122 5155 4831 117606 103153 11997 14453 497 91156 72485 4606 3967 69871 3146 2614 69014 32694 31914 18671 1951 12502 36320 5252 4658 1775 2224
internal_count=134364 123938 10426 6332 9122 5155 4831 117606 103153 11997 14453 497 91156 72485 4606 3967 69871 3146 2614 69014 32694 31914 18671 1951 12502 36320 5252 4658 1775 2224
is_linear=0
shrinkage=0.005


Tree=9
num_leaves=31
num_cat=0
split_feature=11 21 29 85 107 85 54 150 175 33 101 22 102 85 102 38 113 108 255 33 180 89 75 225 74 125 249 3 80 254
split_gain=21.8941 17.7979 9.43369 10.5615 6.85074 5.55503 4.2209 4.10594 4.72916 4.41088 3.82063 3.73489 3.86391 3.19598 3.16312 2.89872 3.67508 2.8234 2.7898 2.78423 2.69996 2.49323 2.29739 2.18917 2.09437 2.01866 1.88101 1.86966 2.10627 1.82979
threshold=0.84346503019332897 0.97804051637649547 -0.3314970582723617 4.1869037151336679 0.11070440337061883 1.5913056135177615 0.76587301492691051 -0.14603358507156369 -0.3760825097560882 0.8794456720352174 0.79867029190063488 -0.11893203854560851 0.86831456422805797 2.0420763492584233 1.2421205043792727 -0.42314144968986506 -0.10479213669896124 0.058187542483210571 -1.0892856717109678 -0.3501600176095962 1.8752788305282595 3515.5000000000005 -1.6062431335449217 -0.44901642203330988 -0.33061222732067103 0.7569689452648164 0.65677112340927135 0.22405453026294711 -0.45723268389701838 1.0923566818237307
decision_type=10 10 10 10 10 10 2 10 8 10 10 10 10 10 10 8 10 2 8 10 10 2 10 8 2 10 10 8 8 10
left_child=1 7 6 4 -4 -3 22 13 10 11 21 12 17 15 23 16 19 -10 -6 -1 -17 -9 -2 -13 -7 -15 -14 -19 -29 -25
right_child=2 5 3 -5 18 24 -8 8 9 -11 -12 14 26 25 -16 20 -18 27 -20 -21 -22 -23 -24 29 -26 -27 -28 28 -30 -31
leaf_value=-0.00020006070964712026 0.00030572134493237065 0.0002577432100538111 -3.1692472988588401e-05 -0.0012542960115372525 -0.00017045155004657674 0.0011046429123531603 -0.00031660561828577427 -0.00022472581963199745 5.378776067693666e-05 0.00018627037905179642 8.1048948665000329e-05 0.00011032289097748853 -0.00013841196030269011 0.00010032611387292625 0.00019962863920674451 7.8085172924843073e-05 3.0897011898978743e-05 -3.8963060418028774e-05 -0.0004845845848923381 6.182588435984562e-05 -0.00012552066369300209 8.7663816785742873e-05 -2.6418875519835535e-05 -4.5767191475983715e-07 0.00056545397086665199 0.00042385780039704213 -0.00039744124404952343 -0.00044721855200022546 -0.00011829754079859077 -0.00027696628289831617
leaf_weight=3655 614 2000 1703 300 937 268 1161 5409 6293 3033 1676 4662 2358 1114 2337 28964 13246 9078 3041 1398 1719 719 3263 28993 639 858 1005 592 2723 606
leaf_count=3655 614 2000 1703 300 937 268 1161 5409 6293 3033 1676 4662 2358 1114 2337 28964 13246 9078 3041 1398 1719 719 3263 28993 639 858 1005 592 2723 606
internal_value=1.07978e-06 2.01633e-05 -0.000212406 -0.000346609 -0.000297527 0.00040642 -5.27974e-05 1.08197e-05 -1.41748e-05 4.93867e-07 -0.0001301 -9.12032e-06 -6.05257e-05 4.49114e-05 2.184e-05 3.69402e-05 -1.28422e-05 -3.23873e-05 -0.000411024 -0.000127517 6.66434e-05 -0.00018795 2.63793e-05 9.67078e-06 0.000730504 0.000242061 -0.000216444 -7.61902e-05 -0.000177773 -6.18153e-06
internal_weight=134364 123345 11019 5981 5681 2907 5038 120438 69484 61680 7804 58647 22049 50954 36598 48982 18299 18686 3978 5053 30683 6128 3877 34261 907 1972 3363 12393 3315 29599
internal_count=134364 123345 11019 5981 5681 2907 5038 120438 69484 61680 7804 58647 22049 50954 36598 48982 18299 18686 3978 5053 30683 6128 3877 34261 907 1972 3363 12393 3315 29599
is_linear=0
shrinkage=0.005


Tree=10
num_leaves=31
num_cat=0
split_feature=9 64 46 68 45 69 192 51 54 254 96 69 60 258 256 27 192 163 38 257 24 108 69 66 249 34 192 64 68 186
split_gain=25.7368 11.0654 9.5329 8.2475 7.58943 12.1541 7.20928 5.97586 5.82607 4.73532 6.34939 4.34514 3.84759 3.32306 3.33487 3.45397 3.34401 3.17904 2.88077 2.76896 2.61813 2.65953 2.54877 2.54759 2.54092 2.44827 2.24516 2.08266 2.05143 1.90509
threshold=0.94230768084526073 1.3481781482696535 -1.6428571343421934 -0.50078126788139332 -1.1658291220664976 -2.9921171665191646 -0.38149812817573542 -0.64163091778755177 -0.52777779102325428 0.69745221734046947 -0.095380693674087511 -2.7273360490798946 25.500000000000004 1.573825538158417 -0.52777779102325428 0.0098980204202234762 0.56237968802452099 0.54135274887084972 -0.48255163431167597 0.83333334326744091 -0.95134130120277394 0.058187542483210571 -1.0763781070709226 -0.72583946585655201 0.57830238342285167 -1.1444876194000242 0.42757336795330053 -0.050607288256287568 -0.26841250061988825 1.0990182757377627
decision_type=10 10 10 2 10 10 8 8 2 10 10 8 2 10 8 8 8 10 8 10 8 2 10 10 10 8 8 8 2 10
left_child=1 6 -2 29 12 8 17 28 -6 13 -11 -9 -4 14 16 18 27 -1 -16 20 -17 -22 -7 -14 -12 -13 -15 -8 -5 -3
right_child=2 3 4 7 5 22 9 11 -10 10 24 25 23 26 15 19 -18 -19 -20 -21 21 -23 -24 -25 -26 -27 -28 -29 -30 -31
leaf_value=-4.6355660267039698e-05 0.00015671641644594641 0.00055338880982518492 -0.00040421084349662271 -0.00075876886118998428 -0.0005997770762358628 -0.00049758295620726636 0.00010483868663565595 0.00057092640905895753 -0.0016691187205112579 2.6549408361238514e-05 -0.00012014310900576942 0.00035093579345793431 -0.00049422796846982752 -1.0840199481133365e-05 -1.0477603115549845e-05 -0.00028277948167259052 -1.0411241905612958e-05 -0.00020875250621210566 9.9844197863252558e-05 -0.00033378294463461383 0.00010262915754550119 -9.3349523025867401e-06 -0.00025212075973615126 6.5582759472614736e-06 -0.00035198326509042118 9.8348637566604262e-05 -0.00028994029046296269 0.0002483703495805496 -7.6577417875640092e-05 0.0012176804553969327
leaf_weight=9345 1333 269 956 200 267 1644 8224 722 259 7368 3413 1256 275 1704 8280 785 4519 4454 20656 617 6259 34570 3064 2711 1819 4084 1249 3669 245 202
leaf_count=9345 1333 269 956 200 267 1644 8224 722 259 7368 3413 1256 275 1704 8280 785 4519 4454 20656 617 6259 34570 3064 2711 1819 4084 1249 3669 245 202
internal_value=-1.6089e-07 1.99878e-05 -0.000237673 0.000213338 -0.000295074 -0.000419843 8.43646e-06 0.000166623 -0.00113802 2.28025e-05 -6.79824e-05 0.000207803 -0.000128963 3.54462e-05 4.10156e-05 2.61856e-05 0.000105265 -9.88665e-05 6.82621e-05 -2.63746e-06 2.29985e-06 7.82713e-06 -0.000338377 -4.01443e-05 -0.000201101 0.000158125 -0.000129348 0.000149246 -0.000389315 0.000849135
internal_weight=134418 123909 10509 6978 9176 5234 116931 6507 526 103132 12600 6062 3942 90532 87579 71167 16412 13799 28936 42231 41614 40829 4708 2986 5232 5340 2953 11893 445 471
internal_count=134418 123909 10509 6978 9176 5234 116931 6507 526 103132 12600 6062 3942 90532 87579 71167 16412 13799 28936 42231 41614 40829 4708 2986 5232 5340 2953 11893 445 471
is_linear=0
shrinkage=0.005


Tree=11
num_leaves=31
num_cat=0
split_feature=9 15 46 9 45 81 68 192 188 254 9 80 62 258 256 27 120 14 257 50 108 66 80 38 37 80 192 2 108 80
split_gain=25.482 9.60801 9.43847 7.71193 7.5142 8.20057 6.99464 5.57464 5.12349 4.9266 4.67431 4.5076 3.74675 3.32038 3.21866 3.57554 3.50319 3.07234 2.74598 2.59704 2.70325 2.51232 2.50583 2.48263 2.46317 2.32485 2.22282 2.11366 2.024 1.86761
threshold=0.94230768084526073 1.0590277910232546 -1.6428571343421934 0.86686390638351452 -1.1658291220664976 -2.369918584823608 -0.50838720798492421 -0.38149812817573542 0.74627524614334118 0.69745221734046947 0.69082841277122509 -0.97404438257217396 0.0090909088030461556 1.573825538158417 -0.52777779102325428 0.0098980204202234762 0.50127375125885021 0.49652777612209326 0.83333334326744091 -1.0888429284095762 0.058187542483210571 -0.72583946585655201 -1.0392147302627561 -0.48255163431167597 0.24350579082965854 -1.3319151401519773 0.42757336795330053 -0.51740539073944081 -0.33343604207038874 -0.53579112887382496
decision_type=10 10 10 10 10 10 2 8 10 10 8 10 10 10 8 8 8 10 10 8 2 8 10 8 8 10 8 10 2 10
left_child=1 7 -2 6 12 -6 -3 8 24 13 17 -7 -4 14 16 23 -9 -11 19 -17 -21 -14 -10 -16 29 -8 -15 -13 -12 -1
right_child=2 3 4 -5 5 11 25 9 22 10 28 27 21 26 15 18 -18 -19 -20 20 -22 -23 -24 -25 -26 -27 -28 -29 -30 -31
leaf_value=-0.00019869814141114324 0.00015593576317839624 0.0010998576034351322 -0.00040050546629421884 -9.6592737469538791e-05 -0.001356231659441359 -0.00061773804452894027 0.0005285482948462764 0.00013739434688009718 0.00047356882869258407 -0.00010844729806896675 3.87082693553806e-05 -0.00024229961926791821 -0.00049180095726540976 -1.0786157857504811e-05 -8.7452426645095059e-07 -0.00028137453237244168 -5.8475733267234196e-05 -0.00038158210779403335 -0.00033212744476284254 0.00010331874137431298 -9.2882844732422865e-06 5.477426948172695e-06 5.4285174371995941e-05 9.9345097197880704e-05 -0.00020244769488276385 0.00021565642094762479 -0.00028849636910763509 -0.00066011212696659276 -0.00021136545101516917 -1.0828188037198727e-05
leaf_weight=1780 1333 272 953 1409 219 1389 736 13679 439 3598 6753 3293 275 1704 8802 785 2733 1446 617 6295 34570 2714 1834 20656 5343 3158 1249 333 914 5137
leaf_count=1780 1333 272 953 1409 219 1389 736 13679 439 3598 6753 3293 275 1704 8802 785 2733 1446 617 6295 34570 2714 1834 20656 5343 3158 1249 333 914 5137
internal_value=-1.60735e-07 1.98879e-05 -0.000236494 0.000222644 -0.000293611 -0.00041776 0.000330721 1.03224e-05 -8.13695e-05 2.31681e-05 -6.90127e-05 -0.000375368 -0.000128324 3.60399e-05 4.15723e-05 2.71053e-05 0.000104739 -0.000187148 -2.35625e-06 2.55623e-06 8.05641e-06 -4.08521e-05 0.000136345 6.93876e-05 -0.000121814 0.000275526 -0.000128705 -0.000281664 8.71293e-06 -5.93549e-05
internal_weight=134418 123909 10509 5575 9176 5234 4166 118334 14533 103801 12711 5015 3942 91090 88137 71725 16412 5044 42267 41650 40865 2989 2273 29458 12260 3894 2953 3626 7667 6917
internal_count=134418 123909 10509 5575 9176 5234 4166 118334 14533 103801 12711 5015 3942 91090 88137 71725 16412 5044 42267 41650 40865 2989 2273 29458 12260 3894 2953 3626 7667 6917
is_linear=0
shrinkage=0.005


Tree=12
num_leaves=31
num_cat=0
split_feature=9 39 46 45 69 135 120 90 256 169 96 62 129 156 259 96 39 65 31 47 155 96 64 69 69 3 117 102 69 80
split_gain=25.2297 10.9206 9.34496 7.43968 11.9583 5.85163 5.1608 5.13951 5.37792 4.71824 4.00301 3.7095 3.15541 3.03151 3.84204 2.77325 2.99902 2.88159 2.63648 2.63394 2.48771 2.48393 3.45434 2.46627 2.32888 2.27927 2.32793 2.17617 1.85155 1.82992
threshold=0.94230768084526073 -4.3644902706146231 -1.6428571343421934 -1.1658291220664976 -2.9921171665191646 -1.1802642345428465 0.71539220213890087 0.81824815273284923 -0.52777779102325428 0.60978350043296825 1.6235568523406985 0.0090909088030461556 -0.38687801361083979 -0.45464071631431574 0.88520407676696788 0.0091172503307461756 0.13669078052043918 -0.8911764621734618 0.75925925374031078 0.6428571641445161 10.522288322448732 0.85951232910156261 0.026315789669752124 -2.3295768499374385 -2.3295768499374385 -1.5562884807586668 2.8564583063125615 1.2341602444648745 -1.026388883590698 0.46782824397087103
decision_type=10 8 10 10 10 8 8 10 8 8 10 10 8 10 10 10 10 10 8 10 10 10 10 10 10 8 10 8 10 10
left_child=1 5 -2 11 6 24 -5 8 10 13 18 -4 -6 15 21 17 -17 -10 -3 23 29 -15 -23 -7 -1 -11 27 -27 -14 -13
right_child=2 7 3 4 12 19 -8 -9 9 25 -12 20 28 14 -16 16 -18 -19 -20 -21 -22 22 -24 -25 -26 26 -28 -29 -30 -31
leaf_value=0.00097947042537428362 0.00015515899795189069 0.0001201467633054389 -0.00039851339177968202 -0.0006213886978889921 -0.00011651754003949322 0.00036897411720624893 -0.0016306283329290377 -0.00020368198275986485 -0.00031865608844032126 -0.00018277049815360193 -0.00041077145095066346 4.4601230044387499e-05 -0.00055038632995274388 1.4592849282187972e-05 -0.00021303679239474148 -0.00031481367095816256 -7.2277838835171814e-05 6.8885425596991318e-06 -3.1642201476548898e-05 0.00035243136263417269 -0.00048938586558672659 -0.0001736513240600878 9.0243817852296815e-05 4.4234597903257507e-05 0.00040835608066340615 1.9972186249227779e-05 -0.00024033021069167642 9.6899223986536141e-05 -0.00031317408576663863 -0.00042519943636122972
leaf_weight=291 1333 17462 953 268 1234 703 258 2770 773 1127 393 2493 1436 33556 2279 2520 2595 5361 3413 1390 275 4213 1750 3399 498 23662 698 15056 2038 221
leaf_count=291 1333 17462 953 268 1234 703 258 2770 773 1127 393 2493 1436 33556 2279 2520 2595 5361 3413 1390 275 4213 1750 3399 498 23662 698 15056 2038 221
internal_value=-1.60647e-07 1.97885e-05 -0.000235321 -0.000292154 -0.000415686 0.000222841 -0.00112805 8.9328e-06 1.40734e-05 -2.23253e-06 8.58348e-05 -0.000127688 -0.000334879 -3.32728e-05 -1.36452e-05 -0.00010612 -0.000192056 -3.42809e-05 9.53041e-05 0.000164535 -4.0651e-05 -2.10841e-06 -9.61098e-05 0.000100392 0.000624466 3.83677e-05 4.47256e-05 4.99078e-05 -0.000412021 5.45009e-06
internal_weight=134418 123909 10509 9176 5234 6281 526 117628 114858 93590 21268 3942 4708 53047 41798 11249 5115 6134 20875 5492 2989 39519 5963 4102 789 40543 39416 38718 3474 2714
internal_count=134418 123909 10509 9176 5234 6281 526 117628 114858 93590 21268 3942 4708 53047 41798 11249 5115 6134 20875 5492 2989 39519 5963 4102 789 40543 39416 38718 3474 2714
is_linear=0
shrinkage=0.005


Tree=13
num_leaves=31
num_cat=0
split_feature=8 29 39 107 81 207 13 192 90 188 254 96 168 66 34 83 80 37 80 33 67 83 254 96 222 117 67 108 38 42
split_gain=22.0865 11.7519 11.0879 10.982 6.98227 5.84566 5.08044 5.34747 5.748 5.04536 4.04702 3.5783 2.94221 3.0676 2.56631 3.40176 2.48111 2.41973 2.35884 2.3582 2.27111 2.25836 2.04449 2.6868 2.24939 2.09973 1.98686 1.97751 4.36271 1.88237
threshold=1.0724638104438784 -0.3314970582723617 -4.3644902706146231 0.19052014499902728 -2.369918584823608 -1.4218399524688718 0.94620254635810863 -0.38149812817573542 0.81824815273284923 0.74627524614334118 1.1878980994224551 1.7559700012207033 0.42344214022159582 -0.96536886692047108 -1.1444876194000242 2.343345165252686 -1.0392147302627561 0.24350579082965854 -0.97404438257217396 0.8794456720352174 2.6739131212234502 1.4686001539230349 -1.2770700454711912 1.0102026462554934 -0.17886283993721006 2.8564583063125615 3.8913043737411503 0.049881352111697204 -0.42314144968986506 -0.59420287609100331
decision_type=10 10 8 10 10 8 10 8 10 10 10 10 8 8 8 10 10 8 10 10 8 10 8 8 8 10 10 2 8 8
left_child=2 26 5 20 -5 21 7 9 10 17 11 12 13 -9 -7 -16 -11 -4 -6 -14 -3 -1 -15 25 -25 27 -2 28 -24 -29
right_child=1 3 6 4 18 14 -8 8 -10 16 -12 -13 19 22 15 -17 -18 -19 -20 -21 -22 -23 23 24 -26 -27 -28 29 -30 -31
leaf_value=0.00038879851460157363 -0.00024405233820858974 -0.00047892521252759009 -5.8818914641689954e-05 -0.0013862906693229474 -0.00063564197785606928 0.00037386318086556644 -0.00035713591858323868 -0.00028136473044553878 -0.00020266540582988439 0.00047101236971207691 -0.00023124425932338934 -0.00031376960659955556 6.9798702368441292e-05 0.00011111769701525824 4.4765040782008998e-05 0.00041350483107627066 5.3802085618962086e-05 -0.00020064552186616102 -0.00037260831811058602 0.0002777503984124312 2.0518618161477978e-05 0.00094969591958874084 -6.2433836979656657e-06 -4.2788911301417792e-07 -0.00023424212955741648 -0.00025605051984745086 7.235539397839969e-05 -0.00013008524563900504 0.00011555132120016039 1.006619300139817e-05
leaf_weight=436 613 260 6917 214 1328 1157 949 836 2770 439 1478 738 22809 5951 3613 753 1834 5343 2538 1448 1601 322 14515 2225 1915 664 2509 2593 14879 30771
leaf_count=436 613 260 6917 214 1328 1157 949 836 2770 439 1478 738 22809 5951 3613 753 1834 5343 2538 1448 1601 322 14515 2225 1915 664 2509 2593 14879 30771
internal_value=-1.60663e-07 -0.000238458 1.70727e-05 -0.000368889 -0.000513942 0.000221737 6.26394e-06 9.20267e-06 2.18079e-05 -8.05905e-05 2.79899e-05 3.18631e-05 3.44708e-05 1.8859e-05 0.000164766 0.000108876 0.000135457 -0.000120725 -0.000463796 8.22875e-05 -5.0087e-05 0.000632386 2.22989e-05 1.44605e-05 -0.000108854 2.25259e-05 9.77842e-06 2.55015e-05 5.54002e-05 -8.29042e-07
internal_weight=134418 9063 125355 5941 4080 6281 119074 118125 103592 14533 100822 99344 98606 74349 5523 4366 2273 12260 3866 24257 1861 758 73513 67562 4140 63422 3122 62758 29394 33364
internal_count=134418 9063 125355 5941 4080 6281 119074 118125 103592 14533 100822 99344 98606 74349 5523 4366 2273 12260 3866 24257 1861 758 73513 67562 4140 63422 3122 62758 29394 33364
is_linear=0
shrinkage=0.005


Tree=14
num_leaves=31
num_cat=0
split_feature=8 29 85 39 85 101 15 256 27 174 175 96 96 63 17 30 33 215 117 119 162 188 64 17 67 44 85 26 74 49
split_gain=21.8678 11.6354 13.2087 10.9784 6.47071 5.50183 5.10434 6.09524 6.00039 5.3838 4.63424 4.36828 4.03078 3.69451 3.07891 2.89988 2.80335 2.65227 2.62327 2.60038 2.53497 2.33134 2.00301 1.98734 1.96718 1.79019 1.6818 1.63462 1.61652 1.57062
threshold=1.0724638104438784 -0.3314970582723617 4.1869037151336679 -4.3644902706146231 2.121915459632874 -0.21992062777280805 0.37847222387790685 -0.52777779102325428 0.0098980204202234762 0.82020363211631786 -0.36198623478412623 1.6235568523406985 -0.1394456401467323 6.5679845809936532 0.43689320981502539 -1.8958333134651182 -2.690125465393066 0.13529460132122043 2.8564583063125615 0.52011811733245861 1.4384356141090395 0.78965428471565258 1.2206478118896487 0.1860841438174248 3.8913043737411503 -0.47250001132488245 0.37297923862934118 -0.99854654073715199 -0.69999423623085011 1.4843750000000002
decision_type=10 10 10 8 8 10 10 8 8 10 8 10 10 10 10 10 10 8 10 8 10 10 10 10 10 8 10 10 2 10
left_child=3 24 5 4 16 22 7 11 18 12 15 26 25 28 -14 -10 -1 19 23 -12 -7 -17 -3 -9 -2 -8 -5 -28 -6 -16
right_child=1 2 -4 6 13 20 9 8 10 -11 17 -13 14 -15 29 21 -18 -19 -20 -21 -22 -23 -24 -25 -26 -27 27 -29 -30 -31
leaf_value=0.00028906931821100993 -0.00024284194949746859 -0.00021532952442784877 -0.0013531140565072473 8.9903683250583589e-05 0.00073735331981926932 -0.00013157243701043578 5.5041772667167218e-05 0.00014155083396597798 9.411439061360609e-05 -0.00029963923438932569 -1.8875885473298794e-05 -0.00040731628604693073 0.00012121580528866776 0.0011340981776303634 -0.00012954111944454117 -0.0002031484071098908 3.7545384244264343e-05 7.4419095411051584e-05 -0.00023795475005652532 -0.00031337578392022096 -0.00045306807879230796 0.0001188620560895335 0.00017187345918065366 4.5178063702887427e-05 7.1994337294335815e-05 -0.00012532167985025656 -3.7690169037910886e-05 0.00024124412437673165 0.00030880100352804622 -0.00033193261985885815
leaf_weight=1750 613 687 317 11197 286 753 8700 7345 1163 2199 37938 393 1079 200 5302 6390 3024 8166 698 760 3544 611 640 19789 2509 1628 601 3939 1021 1176
leaf_count=1750 613 687 317 11197 286 753 8700 7345 1163 2199 37938 393 1079 200 5302 6390 3024 8166 698 760 3544 611 640 19789 2509 1628 601 3939 1021 1176
internal_value=-1.60272e-07 -0.000237275 -0.000367057 1.69876e-05 0.000220638 -0.000310236 6.23225e-06 2.09822e-05 3.66282e-06 -6.64297e-05 -2.65904e-05 0.000109893 -3.76524e-05 0.000505879 -0.000125375 -0.00013649 0.000130057 -7.422e-06 6.349e-05 -2.47123e-05 -0.000397064 -0.000174909 -2.82655e-05 7.13053e-05 9.72736e-06 2.65159e-05 0.000122966 0.000204208 0.000405411 -0.000166588
internal_weight=134418 9063 5941 125355 6281 5624 119074 98990 82860 20084 55028 16130 17885 1507 7557 8164 4774 46864 27832 38698 4297 7001 1327 27134 3122 10328 15737 4540 1307 6478
internal_count=134418 9063 5941 125355 6281 5624 119074 98990 82860 20084 55028 16130 17885 1507 7557 8164 4774 46864 27832 38698 4297 7001 1327 27134 3122 10328 15737 4540 1307 6478
is_linear=0
shrinkage=0.005


Tree=15
num_leaves=31
num_cat=0
split_feature=9 64 68 175 192 255 67 14 188 58 255 69 62 35 102 163 162 191 96 66 64 69 102 101 186 163 257 255 138 69
split_gain=22.2261 10.7753 8.2607 7.94337 6.44731 5.30258 4.74924 4.15052 4.88043 4.65261 4.44945 4.06669 3.82528 3.26961 3.2353 3.20462 3.1449 2.91848 2.57129 2.47296 2.40458 2.22663 4.47982 2.11671 2.03444 1.9738 1.97008 1.95992 1.87156 1.73927
threshold=0.94230768084526073 1.3481781482696535 -0.50078126788139332 0.13488123565912249 -0.38841052353382105 1.4821428656578066 8.260869503021242 0.22743055969476703 0.46130883693695074 3.5000000000000004 -0.44642856717109675 -1.7925142049789426 5.690908908843995 -0.69041708111762989 1.2525492310523989 0.54135274887084972 1.7156465053558352 -1.2637939453124998 1.3341150879859927 -0.97598987817764271 -0.20445343852043149 -3.3266772031784053 -0.59648719429969776 0.30143956840038305 1.0990182757377627 -0.26564987003803248 -0.62280699610710133 -1.196428596973419 -0.22110623866319654 -1.2133411169052122
decision_type=10 10 2 10 8 10 10 10 10 2 8 8 10 8 10 10 8 8 10 8 8 10 10 8 10 8 10 10 10 10
left_child=1 4 24 6 15 11 12 10 9 -9 20 -4 16 -11 18 -1 -2 -18 19 -12 -6 22 -19 -21 -3 -5 -8 -23 -17 -28
right_child=3 2 5 25 7 -7 26 8 -10 13 14 -13 -14 -15 -16 28 17 21 -20 23 -22 27 -24 -25 -26 -27 29 -29 -30 -31
leaf_value=-4.1669567274015329e-05 -0.00012235671226661031 0.00053736892105820614 0.00048438464698224152 0.0002108788160456383 5.1676487629432985e-05 -0.00013351968550568964 -0.00027019372982878227 7.9956805131633176e-06 2.2967613629085829e-05 -0.00040903800647812665 -0.00031721836363091365 0.00015546242804763023 0.00012140614352910486 -0.00013876348831598473 0.00017155453728811369 -0.00041575196608135213 7.2163571809368159e-05 -0.00021218369698845982 -0.0003070936841141845 6.1221156783404951e-06 0.00017783683576024056 -0.00018411899867802568 -0.0012685066367147443 8.9868231261526382e-05 0.0012191332258434163 -0.00010454594404912207 -0.00094252727502130236 -0.00043338778876834982 -0.00015473834005746176 -0.0004542767751325412
leaf_weight=9003 2216 267 1222 1057 7314 1218 352 4538 16329 1461 546 4094 659 4823 3385 863 365 204 617 47901 7849 1191 200 8955 206 924 432 2450 3432 352
leaf_count=9003 2216 267 1222 1057 7314 1218 352 4538 16329 1461 546 4094 659 4823 3385 863 365 204 617 47901 7849 1191 200 8955 206 924 432 2450 3432 352
internal_value=1.0119e-06 1.96385e-05 0.000210024 -0.000220928 8.22533e-06 0.000163371 -0.000287921 2.15199e-05 -3.15813e-05 -0.000113907 4.03571e-05 0.000231551 -0.000240604 -0.000201956 2.1402e-05 -9.53971e-05 -0.000276748 -0.000353989 1.2619e-05 1.60907e-05 0.000117052 -0.000392608 -0.000745453 1.93279e-05 0.000844982 6.36103e-05 -0.000588537 -0.000352351 -0.000207723 -0.000728214
internal_weight=134425 124023 7007 10402 117016 6534 8421 103718 27151 10822 76567 5316 7285 6284 61404 13298 6626 4410 58019 57402 15163 4045 404 56856 473 1981 1136 3641 4295 784
internal_count=134425 124023 7007 10402 117016 6534 8421 103718 27151 10822 76567 5316 7285 6284 61404 13298 6626 4410 58019 57402 15163 4045 404 56856 473 1981 1136 3641 4295 784
is_linear=0
shrinkage=0.005


Tree=16
num_leaves=31
num_cat=0
split_feature=9 64 175 192 51 85 90 90 69 44 62 65 96 163 66 7 42 168 38 108 49 38 234 34 78 163 192 6 19 180
split_gain=22.0062 10.6688 7.86474 6.38316 5.82201 6.52983 5.58261 5.29913 5.80367 6.16437 4.00614 3.89785 3.4363 3.17278 2.84825 2.65215 2.63704 2.56351 2.52782 2.59199 4.27553 2.80522 2.4305 2.40744 2.22832 1.95422 1.8345 1.78736 1.67505 1.61871
threshold=0.94230768084526073 1.3481781482696535 0.13488123565912249 -0.38841052353382105 -0.64163091778755177 2.3167549371719365 0.79219499230384838 -0.87807902693748463 -2.9921171665191646 -0.74999999999999989 -0.027272726409137246 0.54764705896377575 1.3341150879859927 0.54135274887084972 -0.96536886692047108 0.48817567527294164 0.63768115639686596 0.42344214022159582 0.94040340185165416 -0.37351679801940912 1.4843750000000002 -0.42314144968986506 -0.13058092445135114 -1.1444876194000242 -1.2061764597892759 -0.26564987003803248 -0.58121958374977101 1.2406143546104433 0.60130721330642711 3.4102073907852177
decision_type=10 10 10 8 8 10 10 10 10 10 10 8 10 10 10 10 10 8 8 2 10 10 8 8 8 8 10 10 10 10
left_child=1 3 7 13 -3 23 11 -2 9 27 -7 12 14 -1 -5 -14 22 -13 19 21 29 -16 -10 -6 -25 -4 -15 -9 -8 -21
right_child=2 4 25 6 5 10 28 8 16 -11 -12 17 15 26 18 -17 -18 -19 -20 20 -22 -23 -24 24 -26 -27 -28 -29 -30 -31
leaf_value=-4.1461335320975022e-05 -1.7627001793765863e-05 -0.00030939897714606503 0.00020982938540491921 -0.00026809202585859228 0.00035870306473779828 0.00036149442837177346 -0.00012809268744337139 -0.00068770414672262334 -0.00013703382522970502 -0.0014165352342782299 0.00094070558159064773 5.1490682529361984e-05 -0.00032273249545950068 -0.00041864808818475028 1.1856708676269961e-05 3.22124531824217e-05 -0.00049802341084309956 0.00016986086421279223 0.00010914678011365881 -6.8888600298626465e-07 -0.00034542755488952282 0.00012307697512330088 -0.00036347788570765345 0.00044940822139992128 6.3798100456058241e-05 -0.00010402602920134774 -0.00015569615608288794 -0.00013763878584946386 -0.00042471363008704098 -0.00025061840527912496
leaf_weight=9003 1509 498 1057 859 1239 914 2729 359 2708 234 451 15100 1331 824 15599 863 1222 6574 7279 42306 935 8913 2131 416 3489 924 3471 258 577 653
leaf_count=9003 1509 498 1057 859 1239 914 2729 359 2708 234 451 15100 1331 824 15599 863 1222 6574 7279 42306 935 8913 2131 416 3489 924 3471 258 577 653
internal_value=1.00628e-06 1.95405e-05 -0.000219833 8.18391e-06 0.000208983 0.000248927 2.14121e-05 -0.000286494 -0.000345065 -0.000731396 0.000555967 2.80761e-05 1.17222e-05 -9.49217e-05 1.73255e-05 -0.000183133 -0.000290181 8.74478e-05 2.0589e-05 1.11511e-05 -1.18398e-05 5.23356e-05 -0.000237131 0.000166894 0.000105527 6.32924e-05 -0.000206688 -0.000461452 -0.000180576 -4.52831e-06
internal_weight=134425 124023 10402 117016 7007 6509 103718 8421 6912 851 1365 100412 78738 13298 76544 2194 6061 21674 75685 68406 43894 24512 4839 5144 3905 1981 4295 617 3306 42959
internal_count=134425 124023 10402 117016 7007 6509 103718 8421 6912 851 1365 100412 78738 13298 76544 2194 6061 21674 75685 68406 43894 24512 4839 5144 3905 1981 4295 617 3306 42959
is_linear=0
shrinkage=0.005


Tree=17
num_leaves=31
num_cat=0
split_feature=9 64 46 68 192 90 65 51 41 80 69 65 96 163 66 113 7 102 38 66 80 245 108 34 54 85 14 197 68 15
split_gain=21.7884 10.5632 8.27192 8.15354 6.31962 5.52718 5.34164 5.07945 4.64145 5.0045 3.96243 3.85904 3.40209 3.14126 2.81999 2.78476 2.62584 2.60028 2.98163 2.40495 2.27268 2.23449 2.3854 2.22276 2.16689 1.888 1.88526 1.8368 1.69027 1.6585
threshold=0.94230768084526073 1.3481781482696535 -1.6428571343421934 -0.50078126788139332 -0.38841052353382105 0.79219499230384838 -0.9288235306739806 -0.64163091778755177 -0.039266290143132203 -1.3760218024253843 -2.7273360490798946 0.54764705896377575 1.3341150879859927 0.54135274887084972 -0.96536886692047108 -0.11049111559987067 0.48817567527294164 1.2525492310523989 0.94040340185165416 -0.59932002425193776 8.3389477729797381 4.3890686035156259 -0.22303797304630277 -1.1444876194000242 0.42460317909717565 3.8084663152694707 0.45486111938953405 0.71043920516967785 -0.25825163722038263 0.50694444775581371
decision_type=10 10 10 2 8 10 10 8 10 10 8 8 10 10 10 8 10 10 8 10 8 10 2 8 2 10 10 10 2 10
left_child=1 4 -2 -3 13 11 25 28 19 -10 -9 12 14 -1 -6 26 -14 18 20 21 -16 22 -8 -12 -17 -4 -13 -15 -5 -7
right_child=2 3 6 7 5 29 8 10 9 -11 23 15 16 27 17 24 -18 -19 -20 -21 -22 -23 -24 -25 -26 -27 -28 -29 -30 -31
leaf_value=-4.1254143178246665e-05 0.00015008358241902622 0.00083877056339065452 -0.00046150933183793617 -0.0006840094768524556 -0.00026675932102832831 -0.00012745339513142392 0.00011919363653705986 0.00055046255456871153 -0.0010989584513288195 -0.00031915550910300124 0.00033463196883288431 3.4849574127519246e-05 -0.00032112487121939599 -0.00015738196974041934 -9.4680780209409904e-06 9.4357879732457785e-05 3.205231824507842e-05 0.00012446723421258833 0.00010828208081034185 -0.00030711182530516806 8.6224862742116239e-05 -0.00050413687029404242 -0.0001472884527620533 9.5717735925203445e-05 0.00024096798510168485 -0.00097756779449509118 -0.00031632051868678442 -0.00042990876266562619 -6.911197841567233e-05 -0.00042260830498172877
leaf_weight=9003 1322 473 1460 200 859 2729 1551 708 224 2223 1280 8507 1331 3543 55907 9301 863 5566 7238 1341 6974 257 1818 4093 3471 206 395 752 253 577
leaf_count=9003 1322 473 1460 200 859 2729 1551 708 224 2223 1280 8507 1331 3543 55907 9301 863 5566 7238 1341 6974 257 1818 4093 3471 206 395 752 253 577
internal_value=1.00052e-06 1.94428e-05 -0.000218743 0.000207945 8.14249e-06 2.13047e-05 -0.00027255 0.000161597 -0.000214684 -0.000392838 0.000199759 2.79356e-05 1.16632e-05 -9.44486e-05 1.72386e-05 8.7011e-05 -0.00018222 2.04859e-05 1.22165e-05 -0.000126508 1.14309e-06 -5.92469e-05 -2.4464e-05 0.000152985 0.000134319 -0.000528353 1.90425e-05 -0.000205659 -0.000346185 -0.000179679
internal_weight=134425 124023 10402 7007 117016 103718 9080 6534 7414 2447 6081 100412 78738 13298 76544 21674 2194 75685 70119 4967 62881 3626 3369 5373 12772 1666 8902 4295 453 3306
internal_count=134425 124023 10402 7007 117016 103718 9080 6534 7414 2447 6081 100412 78738 13298 76544 21674 2194 75685 70119 4967 62881 3626 3369 5373 12772 1666 8902 4295 453 3306
is_linear=0
shrinkage=0.005


Tree=18
num_leaves=31
num_cat=0
split_feature=9 64 46 68 51 95 63 69 78 44 181 7 21 188 63 59 21 41 47 28 172 14 181 22 161 178 44 135 62 68
split_gain=21.5727 10.4583 8.19001 8.0732 5.02977 5.00752 6.17056 6.95385 4.32793 4.18432 4.16633 4.43227 3.63623 4.82168 4.59651 3.49984 3.33898 3.62405 3.15787 3.05642 2.51655 2.37838 2.31892 2.15533 2.1227 2.04801 1.87178 2.34005 1.71223 1.67377
threshold=0.94230768084526073 1.3481781482696535 -1.6428571343421934 -0.50078126788139332 -0.64163091778755177 -0.082252599298953996 6.5679845809936532 -2.9921171665191646 -1.276531934738159 -0.74999999999999989 0.63351979851722728 0.48817567527294164 0.40033784508705145 0.66604724526405346 -0.093115743249654756 1.5000000000000002 0.089527025818824782 1.1074753403663637 1.0000000180025095e-35 1.0000000180025095e-35 -1.2548106908798216 0.46701389551162725 0.28396706283092504 0.78155338764190685 -0.27675202488899225 -0.010041822679340838 0.38750000298023229 -0.074244815856218324 -0.90000000596046437 -0.25825163722038263
decision_type=10 10 10 2 8 10 10 10 8 10 10 10 10 10 8 2 10 8 8 8 10 10 10 10 8 8 8 8 10 2
left_child=1 10 -2 28 29 23 7 9 -6 -7 12 20 14 15 16 -14 17 18 -1 -20 -12 -17 -10 -4 -16 -9 27 -21 -3 -5
right_child=2 3 5 4 8 6 -8 25 22 -11 11 -13 13 -15 24 21 -18 -19 19 26 -22 -23 -24 -25 -26 -27 -28 -29 -30 -31
leaf_value=-0.00014968283498772997 0.00014933598981355873 0.00055112568399753338 -0.00028056330526839558 -0.00068067285100374502 0.00054215320903290348 -0.00059365995398238773 2.685306940766387e-05 -0.00045548892583791571 9.871659974063291e-05 -0.0014275311609830315 -0.0002848384524058163 6.0680577885601854e-05 -5.8689713503910756e-06 3.1468328657332751e-05 0.00013226750148103773 -0.00014263338865854716 0.00012412012498797358 6.7888281229690317e-05 -0.00030524973146639532 2.428387117793611e-05 -8.9536405107593472e-05 -0.00037583551066916915 0.00037691239169495655 5.0271538613652011e-05 4.8915657853220725e-05 -0.0002509615352138793 2.3499585015153237e-05 -0.00011798517426789038 0.0011809110701150661 -6.8773116320127969e-05
leaf_weight=5303 1322 268 740 200 794 508 993 2073 4384 221 2417 3623 3148 8899 10750 3386 4901 10657 891 5011 5235 1627 903 1443 26525 3102 17839 6804 205 253
leaf_count=5303 1322 268 740 200 794 508 993 2073 4384 221 2417 3623 3148 8899 10750 3386 4901 10657 891 5011 5235 1627 903 1443 26525 3102 17839 6804 205 253
internal_value=9.94689e-07 1.93455e-05 -0.000217658 0.00020691 0.00016079 -0.000271199 -0.000337238 -0.00039853 0.000198765 -0.000855136 8.10142e-06 -8.32358e-05 1.78488e-05 -4.898e-05 3.07126e-05 -0.00013673 4.88491e-08 -1.30278e-05 -3.71028e-05 -1.75198e-05 -0.000151437 -0.000218719 0.000146637 -6.20322e-05 7.2982e-05 -0.000333348 -8.80767e-06 -5.76187e-05 0.000834621 -0.000344501
internal_weight=134425 124023 10402 7007 6534 9080 6897 5904 6081 729 117016 11275 105741 17060 88681 8161 51406 46505 35848 30545 7652 5013 5287 2183 37275 5175 29654 11815 473 453
internal_count=134425 124023 10402 7007 6534 9080 6897 5904 6081 729 117016 11275 105741 17060 88681 8161 51406 46505 35848 30545 7652 5013 5287 2183 37275 5175 29654 11815 473 453
is_linear=0
shrinkage=0.005


Tree=19
num_leaves=31
num_cat=0
split_feature=11 64 29 85 68 192 90 60 45 188 255 31 102 78 91 195 197 66 28 129 85 15 72 69 120 41 64 102 68 68
split_gain=20.2659 16.4488 8.83797 10.827 7.21149 5.23891 5.37747 5.07086 4.97472 3.71249 3.50289 3.49438 3.19836 3.13648 2.95057 2.28152 2.19726 2.17408 2.17012 2.10077 1.98786 1.95872 1.75824 1.71326 1.69243 3.00977 2.44266 3.21992 2.27922 1.6503
threshold=0.84346503019332897 1.5040485858917239 -0.3314970582723617 4.1869037151336679 -0.50078126788139332 -0.38841052353382105 0.79219499230384838 7.5000000000000009 -1.3894472122192381 0.74627524614334118 -0.37499999999999994 1.2222222089767458 1.2525492310523989 -1.5835175514221189 1.9985079765319826 -1.7097816467285154 -0.4022648930549621 -0.97598987817764271 -0.28154239058494562 -0.37730300426483149 2.9017442464828496 0.37847222387790685 -2.4533169269561763 -2.4184221029281612 0.11735623329877855 -0.41344824433326716 -0.01417004084214568 0.86831456422805797 -0.53606104850769032 -0.26841250061988825
decision_type=10 10 10 10 2 8 10 2 10 10 8 10 10 8 8 8 8 8 8 8 8 10 10 10 10 8 8 8 2 2
left_child=1 5 7 8 -3 9 10 29 -4 15 11 16 17 -6 19 -1 18 -12 -7 -10 -17 -18 -9 -11 28 -26 27 -27 -19 -2
right_child=2 4 3 -5 13 6 -8 22 14 23 12 -13 -14 -15 -16 20 21 24 -20 -21 -22 -23 -24 -25 25 26 -28 -29 -30 -31
leaf_value=-0.00042173867226614787 -0.0005323065804845791 0.0010368324721604586 9.8505719551695618e-05 -0.0012507137404336273 0.00072408889609750827 -0.00030474810047362001 -0.0001780262229271927 0.00038260634051518589 -9.3341024962384725e-05 0.00053476004161671475 -0.00031285099074254642 -0.0002015263668081505 0.00012662975802874439 0.00021939400375316749 -7.7276269731824722e-05 -9.0071732776319819e-05 0.00013826929853813771 0.00046513056151491005 3.1638119918512103e-05 -0.00043948185475421709 -0.00049674678916795056 2.0670317916552557e-05 5.8255708788028875e-06 6.3007861787962594e-05 -0.00024989909245311102 -3.5600161710049158e-05 3.7720560915041605e-05 -0.00028761195207103091 1.8014708288252767e-05 -0.00015703814646646902
leaf_weight=582 554 320 737 301 333 523 3306 335 507 211 546 1087 5365 3767 884 10878 15636 282 5209 3593 305 4593 3503 1830 1469 10782 10859 1433 44056 639
leaf_count=582 554 320 737 301 333 523 3306 335 507 211 546 1087 5365 3767 884 10878 15636 282 5209 3593 305 4593 3503 1830 1469 10782 10859 1433 44056 639
internal_value=9.89392e-07 1.93719e-05 -0.000204064 -0.000333229 0.000318704 8.23221e-06 2.02609e-05 -4.91798e-05 -0.00028382 -8.33158e-05 2.67112e-05 7.54704e-05 9.0672e-06 0.000261339 -0.000340498 -0.000117485 8.71242e-05 -1.87577e-08 6.19515e-07 -0.000396966 -0.000101425 0.000111605 3.9298e-05 0.00011321 2.47624e-06 -3.08237e-05 -1.68035e-05 -6.53114e-05 2.09219e-05 -0.000333215
internal_weight=134425 123372 11053 6022 4420 118952 105146 5031 5721 13806 101840 27048 74792 4100 4984 11765 25961 69427 5732 4100 11183 20229 3838 2041 68881 24543 23074 12215 44338 1193
internal_count=134425 123372 11053 6022 4420 118952 105146 5031 5721 13806 101840 27048 74792 4100 4984 11765 25961 69427 5732 4100 11183 20229 3838 2041 68881 24543 23074 12215 44338 1193
is_linear=0
shrinkage=0.005


Tree=20
num_leaves=31
num_cat=0
split_feature=9 39 29 85 85 90 192 45 168 135 254 67 34 94 132 96 38 114 119 215 155 195 69 129 5 15 75 44 257 186
split_gain=22.4903 10.0701 7.93788 13.2406 5.95406 4.93749 5.33374 4.77773 4.4537 4.39128 3.95742 3.70405 3.24339 2.90197 2.71178 4.60096 4.59936 3.75929 2.89648 2.65464 3.05382 2.28444 2.27834 2.25225 2.2477 1.75699 1.67571 1.60406 2.00257 1.56004
threshold=0.94230768084526073 -4.3644902706146231 -0.3314970582723617 4.1869037151336679 2.121915459632874 0.79219499230384838 -0.38841052353382105 -1.3894472122192381 1.8058789372444155 -1.2731872200965879 1.1878980994224551 4.3695652484893808 -1.1444876194000242 -3.8927468061447139 0.26934660971164709 1.0237910747528078 -0.42314144968986506 -1.4397187232971189 1.7172585129737856 0.13529460132122043 0.74312466382980358 -1.7097816467285154 -1.6279260516166685 -0.37730300426483149 0.5000000149011613 0.50694444775581371 -1.3930960297584531 -0.47250001132488245 0.28947368264198309 1.6433454155921938
decision_type=10 8 10 10 8 10 8 10 10 8 10 10 10 10 8 10 8 8 10 10 10 8 10 8 8 10 10 10 8 10
left_child=1 4 11 7 12 6 8 -4 21 -6 14 -2 -1 -9 16 19 17 -8 -18 -16 -21 -3 -10 -15 -17 -7 -13 28 -19 -14
right_child=2 5 3 -5 9 25 10 13 22 -11 -12 26 29 23 15 24 18 27 -20 20 -22 -23 -24 -25 -26 -27 -28 -29 -30 -31
leaf_value=0.00035114653892175844 -0.00023985737587960989 -0.00040768496798774585 8.9146732533821623e-05 -0.0013546451553490002 0.0010512447441975805 -0.0001271433050021828 -0.00023628869752860459 -0.00010886359843496771 0.00051863608215101098 0.00035512579077952777 -0.00023172316027017225 0.00030047817511455655 1.2412492185529555e-06 -9.2361119906655642e-05 -7.5577669247991643e-06 -0.00029167182573958366 0.00010265582076845094 -0.00033069665485576836 -7.8626321259011068e-05 0.00013420006156735916 -9.87711522224951e-05 -9.6191504418761413e-05 6.6663937087821181e-05 -0.00045188158548186086 2.3893781969072732e-05 -0.00042441021979260183 -8.2573994880221463e-06 -6.2922985706250121e-05 5.0394053390018574e-05 0.00026834243122303777
leaf_weight=1201 1745 617 731 302 278 2661 1607 1056 341 1223 1460 552 2933 507 31931 1910 31218 348 2364 7312 1735 11618 1467 3402 795 612 2069 4941 14300 668
leaf_count=1201 1745 617 731 302 278 2661 1607 1056 341 1223 1460 552 2933 507 31931 1910 31218 348 2364 7312 1735 11618 1467 3402 795 612 2069 4941 14300 668
internal_value=-4.24698e-07 1.83436e-05 -0.000224094 -0.000342099 0.000212955 7.8678e-06 1.33743e-05 -0.000287185 -7.78429e-05 0.000487448 2.62024e-05 -6.16586e-05 0.000126633 -0.000342727 3.00436e-05 6.47287e-07 5.34745e-05 -4.17261e-06 8.98698e-05 1.38525e-05 8.94366e-05 -0.000112101 0.00015338 -0.000405557 -0.00019887 -0.000183443 5.70223e-05 1.48991e-05 4.11964e-05 5.12316e-05
internal_weight=133904 123540 10364 5998 6303 117237 113964 5696 14043 1501 99921 4366 4802 4965 98461 43683 54778 21196 33582 40978 9047 12235 1808 3909 2705 3273 2621 19589 14648 3601
internal_count=133904 123540 10364 5998 6303 117237 113964 5696 14043 1501 99921 4366 4802 4965 98461 43683 54778 21196 33582 40978 9047 12235 1808 3909 2705 3273 2621 19589 14648 3601
is_linear=0
shrinkage=0.005


Tree=21
num_leaves=31
num_cat=0
split_feature=9 64 68 46 45 85 192 89 108 90 78 255 96 197 34 107 222 245 91 80 3 108 253 222 43 19 29 174 68 5
split_gain=22.2669 10.117 8.5445 8.09053 6.46917 9.83246 6.22925 5.72247 5.64463 5.55788 3.9721 3.18877 3.05664 2.81341 2.71728 2.70074 2.68921 2.47094 2.38334 2.11944 2.05867 2.22671 4.44008 1.96558 1.88464 1.73962 1.72046 1.66281 1.57457 1.51742
threshold=0.94230768084526073 1.3481781482696535 -0.50078126788139332 -1.6428571343421934 -1.2788944840431211 4.1869037151336679 -0.3943690806627273 1039.5000000000002 -0.82508608698844899 0.79219499230384838 -1.276531934738159 -0.37499999999999994 1.3341150879859927 -0.12096802517771719 -1.1444876194000242 2.3159104585647587 0.48050196468830114 4.3890686035156259 1.5304764509201052 -1.1174504756927488 -1.5323019027709959 -0.37351679801940912 0.8986928164958955 -0.22048258036375043 1.2518796920776369 0.60130721330642711 -0.074405565857887254 0.14856661856174472 -0.25825163722038263 0.56666669249534618
decision_type=10 10 2 10 10 10 8 2 2 10 8 8 10 8 8 10 10 10 8 10 8 2 10 10 10 10 8 10 2 8
left_child=1 6 -3 -2 17 18 16 28 -7 11 -9 13 20 24 -12 -15 -1 -5 -6 -18 -13 26 29 -14 -8 -11 -22 -21 -4 -23
right_child=3 2 7 4 5 8 9 10 -10 25 14 12 23 15 -16 -17 19 -19 -20 27 21 22 -24 -25 -26 -27 -28 -29 -30 -31
leaf_value=-4.5585337292718547e-06 0.00014439449180641837 0.00085547782017450752 -0.00071481381432755235 3.5609390000480821e-05 -0.00034851247321278508 -0.00048609134128638074 2.813424336288634e-05 0.00052562838641552392 -0.0016752942999406343 -0.0001265087820094364 0.00034124166666682352 -0.00019878976641030924 -1.8062734616353504e-05 0.00013363271650941602 7.9764818056040013e-05 -8.2649649999226875e-05 -0.00041090049136640786 -0.00051143053037418218 -0.00011162980975134242 -0.00021438211567467949 4.3571183323727699e-05 -1.5316313282035928e-06 -0.00023458061266350003 -0.000356849760346362 -0.00021470345745387386 -0.00042230537123971534 0.00017533843545837675 -6.0887904940352086e-05 -0.00011060422099333004 7.8440577186499646e-05
leaf_weight=4915 1305 464 200 1799 5278 204 8963 791 205 2661 1329 1106 811 15153 3946 1589 724 228 1345 3115 17284 42034 1928 911 872 612 2893 4103 237 6899
leaf_count=4915 1305 464 200 1799 5278 204 8963 791 205 2661 1329 1106 811 15153 3946 1589 724 228 1345 3115 17284 42034 1928 911 872 612 2893 4103 237 6899
internal_value=-4.22899e-07 1.82519e-05 0.000203268 -0.000222978 -0.000276006 -0.000347704 7.18189e-06 0.000156033 -0.00109639 2.0056e-05 0.000195976 2.66711e-05 9.76276e-06 7.36353e-05 0.000145998 0.000113057 -9.66004e-05 -2.67835e-05 -0.000300602 -0.00015346 1.47445e-05 1.80898e-05 4.46687e-07 -0.000198097 6.45457e-06 -0.00018253 6.25276e-05 -0.000127302 -0.00039322 9.74019e-06
internal_weight=133904 123540 6967 10364 9059 7032 116573 6503 409 103716 6066 100443 73866 26577 5275 16742 12857 2027 6623 7942 72144 71038 50861 1722 9835 3273 20177 7218 437 48933
internal_count=133904 123540 6967 10364 9059 7032 116573 6503 409 103716 6066 100443 73866 26577 5275 16742 12857 2027 6623 7942 72144 71038 50861 1722 9835 3273 20177 7218 437 48933
is_linear=0
shrinkage=0.005


Tree=22
num_leaves=31
num_cat=0
split_feature=9 39 175 85 90 69 44 90 256 102 135 96 34 6 181 69 34 258 24 96 172 67 37 168 181 24 38 255 15 78
split_gain=22.0462 9.86923 7.87626 5.85538 5.3069 5.92218 6.26412 4.84 4.95936 4.38145 4.33582 3.51259 3.18396 3.0764 3.32922 3.64838 2.76778 2.50427 2.41994 2.23962 2.17123 2.01694 1.94088 1.88169 2.09793 2.00203 1.77561 1.75546 1.72242 1.70511
threshold=0.94230768084526073 -4.3644902706146231 0.13488123565912249 2.121915459632874 -0.87807902693748463 -2.9921171665191646 -0.74999999999999989 0.79219499230384838 -0.52777779102325428 1.2341602444648745 -1.2731872200965879 1.6235568523406985 -1.1444876194000242 0.80375427007675182 0.69049984216690075 -1.4501309990882871 -0.73142302036285389 -0.53355702757835377 -0.49182152748107905 1.0761528611183169 -0.66706255078315724 3.6304348707199101 0.24350579082965854 1.0710099339485171 -1.7545575499534605 -0.95134130120277394 1.5614793896675112 -0.69642856717109669 0.50694444775581371 -1.2061764597892759
decision_type=10 8 10 8 10 10 10 10 8 10 8 10 10 10 10 10 10 10 10 10 10 10 10 8 8 8 10 10 10 10
left_child=1 3 4 12 -2 6 27 8 11 13 -5 17 -1 14 19 -16 -15 -3 -7 23 -21 -4 -17 24 -10 -26 -27 -6 -9 -14
right_child=2 7 21 10 5 18 -8 28 9 -11 -12 -13 29 16 15 22 -18 -19 -20 20 -22 -23 -24 -25 25 26 -28 -29 -30 -31
leaf_value=0.00034766375146147715 -2.3960444390075395e-05 0.00021020274661684053 -0.00016195911810272816 0.0010432452312851646 -0.0001476729234438029 -0.00024106454938770683 -0.0014349183121911187 -0.00012587742427910993 0.00012006362420459972 0.00011541818585750756 0.00035155093784012506 -0.00038317863059216071 0.0004587119448804355 4.4632376582261267e-05 -0.00046732501940068715 -2.3673449988252049e-05 -0.00038712064400506739 6.5882050364320506e-05 -0.00049230243367353406 -1.538440490339296e-05 -0.00026993518119718742 0.00017642369037230171 -0.00021873473882649163 8.3861017108186777e-05 -0.00023455227658063932 -8.1099436388345402e-06 0.00017956137507685584 -0.00069167392805073724 -0.00042021095228686738 2.1352304550045628e-05
leaf_weight=1201 1551 3656 657 278 259 4786 231 2661 3380 7262 1223 392 234 580 649 4831 1012 16993 1211 1983 1452 1307 1732 7207 953 60600 1282 362 612 3367
leaf_count=1201 1551 3656 657 278 259 4786 231 2661 3380 7262 1223 392 234 580 649 4831 1012 16993 1211 1983 1452 1307 1732 7207 953 60600 1282 362 612 3367
internal_value=-4.21656e-07 1.81603e-05 -0.000221871 0.000210821 -0.000288499 -0.000348271 -0.000738005 7.78954e-06 1.32415e-05 -2.44999e-06 0.00048303 8.25474e-05 0.000125216 -1.24544e-05 -8.31797e-06 -0.000110996 -0.000229863 9.15036e-05 -0.000292249 1.31707e-06 -0.000123366 6.28496e-05 -7.53543e-05 7.16511e-06 -1.18081e-06 -7.71974e-06 -4.19971e-06 -0.000468578 -0.000181623 5.05081e-05
internal_weight=133904 123540 10364 6303 8400 6849 852 117237 113964 92923 1501 21041 4802 85661 84069 7212 1592 20649 5997 76857 3435 1964 6563 73422 66215 62835 61882 621 3273 3601
internal_count=133904 123540 10364 6303 8400 6849 852 117237 113964 92923 1501 21041 4802 85661 84069 7212 1592 20649 5997 76857 3435 1964 6563 73422 66215 62835 61882 621 3273 3601
is_linear=0
shrinkage=0.005


Tree=23
num_leaves=31
num_cat=0
split_feature=9 63 34 175 90 69 18 90 256 85 102 96 181 69 254 141 24 258 96 22 66 68 246 32 161 69 67 37 201 19
split_gain=21.8278 8.65837 8.25181 7.79816 5.2543 5.86486 5.47337 4.87963 5.0935 4.47143 4.20213 3.5066 3.15654 3.61227 3.39436 2.95457 2.39591 2.38895 2.29713 2.60482 2.33422 3.30552 2.18002 2.2273 2.29245 1.99859 1.99694 1.92156 1.87461 1.70539
threshold=0.94230768084526073 5.9187617301940927 -1.1444876194000242 0.13488123565912249 -0.87807902693748463 -2.9921171665191646 1.169407904148102 0.79219499230384838 -0.52777779102325428 2.0420763492584233 1.2341602444648745 1.6235568523406985 0.69049984216690075 -1.4501309990882871 1.1624203920364382 0.34636376798152929 -0.49182152748107905 -0.53355702757835377 1.0761528611183169 -0.12864077836275098 -0.97598987817764271 -0.53606104850769032 -0.57789099216461171 0.92311805486679088 -0.37374988198280329 -3.7965571880340572 3.6304348707199101 0.24350579082965854 -0.031578194350004189 0.60130721330642711
decision_type=10 10 8 10 10 10 10 10 8 10 10 10 10 10 10 8 10 10 10 10 8 2 8 10 10 8 10 10 10 10
left_child=1 2 -1 4 -2 6 15 8 11 -3 12 17 14 -14 18 -6 -7 -4 20 -20 -10 -22 -23 25 -25 -24 -5 -15 -16 -9
right_child=3 9 7 26 5 16 -8 29 10 -11 -12 -13 13 27 28 -17 -18 -19 19 -21 21 22 23 24 -26 -27 -28 -29 -30 -31
leaf_value=0.00038978616896430618 -2.3841027912943794e-05 0.00017822833782706689 0.00020915316800002351 -0.00016115543826165243 -0.00068289201540445228 -0.00023986048539503498 -0.00033999234316370384 -0.00012524921693082963 -0.00031401048222002106 0.00081621254240823798 0.00011484149260385431 -0.00038128687033088998 -0.00046500625789120732 -2.3555206084542773e-05 0.00011593900292246979 -0.0015630598582895908 -0.00048985104308933627 6.8603381545518047e-05 -0.00023602562372782758 4.3989284531009324e-05 0.00044886703390619977 -0.00030326364156831054 0.0004874277571187894 -0.00019361790732105568 6.2211150043215717e-05 1.6389818448224255e-05 0.00017554493671287873 -0.00021764421235137619 -0.000285681122274973 -0.00041812692133214881
leaf_weight=1439 1551 646 3656 657 201 4786 441 2661 549 481 7262 392 649 4831 353 210 1211 17582 2046 1389 425 549 221 2530 1331 70665 1307 1732 1539 612
leaf_count=1439 1551 646 3656 657 201 4786 441 2661 549 481 7262 392 649 4831 353 210 1211 17582 2046 1389 425 549 221 2530 1331 70665 1307 1732 1539 612
internal_value=-4.20094e-07 1.80696e-05 1.40397e-05 -0.00022077 -0.000287067 -0.000346542 -0.000734388 9.55005e-06 1.48527e-05 0.000453362 -7.50574e-07 8.4163e-05 -1.02142e-05 -0.000110444 -1.34298e-06 -0.0011472 -0.000290791 9.28653e-05 3.62558e-06 -0.000122752 9.33153e-06 1.1703e-05 9.19924e-06 1.1521e-05 -0.00010533 1.78997e-05 6.25343e-05 -7.49788e-05 -0.000210377 -0.00018072
internal_weight=133904 123540 122413 10364 8400 6849 852 120974 117701 1127 96071 21630 88809 7212 81597 411 5997 21238 79705 3435 76270 75721 75296 74747 3861 70886 1964 6563 1892 3273
internal_count=133904 123540 122413 10364 8400 6849 852 120974 117701 1127 96071 21630 88809 7212 81597 411 5997 21238 79705 3435 76270 75721 75296 74747 3861 70886 1964 6563 1892 3273
is_linear=0
shrinkage=0.005


Tree=24
num_leaves=31
num_cat=0
split_feature=9 39 6 69 68 45 192 35 96 168 245 207 54 256 96 22 39 108 66 113 102 80 37 14 107 9 30 108 169 113
split_gain=21.6118 9.68991 7.42368 7.6645 7.05216 4.90119 4.54462 4.49589 7.49598 4.33539 4.12619 3.76237 3.51686 3.38439 4.43525 3.33613 3.692 3.13208 3.20753 2.75796 2.43741 2.24921 2.17553 2.01973 1.93071 1.82675 1.71569 1.81129 1.7026 1.69566
threshold=0.94230768084526073 -4.3644902706146231 1.2406143546104433 -2.9921171665191646 -0.51498931646347035 -1.1658291220664976 -0.38841052353382105 -0.48162859678268427 -0.095380693674087511 1.8058789372444155 4.3890686035156259 -1.4218399524688718 -0.51984128355979908 -0.52777779102325428 1.6235568523406985 0.78155338764190685 2.3054550886154179 -0.07458039745688437 -0.97598987817764271 1.7682306766510012 0.89639174938201915 -1.0167198777198789 0.24137742817401889 0.46701389551162725 -0.65334093570709217 0.6997041404247285 -0.47916667163372034 0.058187542483210571 -0.48886848986148829 0.47081756591796881
decision_type=10 8 10 10 2 10 8 8 10 10 10 8 2 8 10 10 10 2 8 10 8 10 8 10 8 8 10 2 8 10
left_child=1 4 3 5 -1 -2 9 8 19 22 -4 -6 -7 14 28 -5 -17 18 -15 -8 26 -11 -3 -10 -20 -13 -19 -28 -9 -29
right_child=2 6 10 15 11 12 7 13 23 21 -12 25 -14 17 -16 16 -18 20 24 -21 -22 -23 -24 -25 -26 -27 27 29 -30 -31
leaf_value=0.00095770813524975284 -0.00026561911145738741 -5.0793366734626533e-05 7.6687637279092052e-05 -0.00037803168673156156 0.00051620799842885649 -0.00058892326947130908 3.358922969983319e-05 0.00028634843918088379 -0.000128935978824821 0.00048215264304435958 -0.00051562839698136799 0.00026463209094842132 -0.0014505124434797149 -0.00031245459825069886 -0.00029815156838738439 2.547325105835737e-05 -0.00028008949254953677 4.784195556295271e-05 0.00018589598268566911 -0.00020830710633614608 -0.00020992635804166357 5.6998173902741964e-05 -0.00018515721408658676 -0.00033603463092780276 5.5300232308679125e-05 6.3500344861672217e-05 8.8487315515023215e-05 -4.3084761497689243e-05 0.00010428788295037014 0.0001360083650196791
leaf_weight=295 323 6810 2398 2762 695 233 11704 1437 2651 396 330 1633 269 549 648 1696 2353 13703 3246 1305 1402 1412 5425 2145 22201 3680 3420 25144 12250 1389
leaf_count=295 323 6810 2398 2762 695 233 11704 1437 2651 396 330 1633 269 549 648 1696 2353 13703 3246 1305 1402 1412 5425 2145 22201 3680 3420 25144 12250 1389
internal_value=-4.18691e-07 1.79793e-05 -0.000219676 -0.000299615 0.000208881 -0.000753888 7.7031e-06 1.91918e-05 -5.30609e-05 -7.66622e-05 4.0413e-06 0.000171264 -0.00106135 3.42658e-05 0.000104342 -0.000244005 -0.000152102 2.01146e-05 6.38147e-05 9.21423e-06 -5.09116e-06 0.000151467 -0.000110462 -0.000221918 7.20118e-05 0.000125605 1.4989e-06 -1.969e-05 0.000123537 -3.36666e-05
internal_weight=133904 123540 10364 7636 6303 825 117237 103194 17805 14043 2728 6008 502 85389 14335 6811 4049 71054 25996 13009 45058 1808 12235 4796 25447 5313 43656 29953 13687 26533
internal_count=133904 123540 10364 7636 6303 825 117237 103194 17805 14043 2728 6008 502 85389 14335 6811 4049 71054 25996 13009 45058 1808 12235 4796 25447 5313 43656 29953 13687 26533
is_linear=0
shrinkage=0.005


Tree=25
num_leaves=31
num_cat=0
split_feature=9 64 46 68 192 51 8 85 163 69 14 63 35 155 14 66 101 163 91 5 34 186 209 89 64 66 80 5 89 64
split_gain=21.4937 9.76028 8.39274 7.79663 6.13793 5.18824 4.7351 10.0559 5.38595 4.24406 3.99851 4.10195 4.49174 3.58056 4.33704 3.48602 2.94145 2.8025 2.73739 2.41205 2.31662 2.03515 1.96315 1.84463 1.83432 1.80667 1.78049 1.74048 2.05613 1.81588
threshold=0.94230768084526073 1.3481781482696535 -1.6428571343421934 -0.50078126788139332 -0.38841052353382105 -0.64163091778755177 1.3391304612159731 4.1869037151336679 -0.71490603685379017 -2.7273360490798946 0.22743055969476703 -0.093115743249654756 -0.25347566604614252 0.44816125929355627 0.49652777612209326 -0.72583946585655201 0.35585986077785497 0.54135274887084972 1.5304764509201052 0.36666667461395269 -1.1444876194000242 1.0990182757377627 1.1239086985588076 1833.5000000000002 0.45546558499336248 -0.96536886692047108 -0.97404438257217396 0.56666669249534618 2982.5000000000005 -0.13562753051519391
decision_type=10 10 10 2 8 8 10 10 10 8 10 10 8 10 10 10 8 10 8 8 8 10 10 2 10 10 10 10 2 10
left_child=1 4 -2 21 17 -5 7 18 -9 -7 11 12 -6 14 19 -8 27 -1 26 -12 -11 -3 -15 -21 -16 -13 -4 28 -14 -30
right_child=2 3 6 5 10 9 15 8 -10 20 13 25 16 22 24 -17 -18 -19 -20 23 -22 -23 -24 -25 -26 -27 -28 -29 29 -31
leaf_value=-4.30948353847673e-05 0.00015292311693915339 0.00051496860852105904 -0.00047811018262699368 -0.00037228027657122291 -0.00027701275508595707 0.00055601416009531414 -0.00050641109745934996 -0.00052454326103246207 -0.0016681266660631706 0.00033003380023842124 -0.00014598675512030645 -0.0002030722005641246 -5.9594676900077994e-05 9.4049590005241068e-05 -0.00039062112028167103 2.8226266500585811e-05 0.00016015830314604953 -0.00019766881402523854 -8.7717053384735503e-05 2.1219774724355673e-05 8.5725460482309845e-05 0.0012006360191272039 -4.8699309279018732e-05 -0.00020354901622127706 -0.00012455983968299558 9.2298690920340732e-05 -0.00027587224792498667 9.1443423055564564e-05 6.9975218410553657e-06 0.00015019275732071615
leaf_weight=9021 1322 266 1611 431 1313 705 364 224 200 1273 4011 522 11606 6519 1363 1745 3414 4351 1377 9139 4098 201 3809 1009 1257 27645 3547 5443 24118 2434
leaf_count=9021 1322 266 1611 431 1313 705 364 224 200 1273 4011 522 11606 6519 1363 1745 3414 4351 1377 9139 4098 201 3809 1009 1257 27645 3547 5443 24118 2434
internal_value=-1.64056e-07 1.81467e-05 -0.000218555 0.000199793 7.30455e-06 0.000154556 -0.000272821 -0.000335703 -0.00107829 0.000192285 2.0322e-05 3.88153e-05 1.08483e-05 -3.18446e-05 -7.69311e-05 -6.47917e-05 1.89267e-05 -9.34828e-05 -0.000286659 -4.22655e-05 0.000143976 0.000820736 4.13569e-05 -1.16863e-06 -0.000263644 8.6772e-05 -0.000339536 7.83955e-06 -4.08334e-06 2.01687e-05
internal_weight=134338 123948 10390 6974 116974 6507 9068 6959 424 6076 103602 76495 48328 27107 16779 2109 47015 13372 6535 14159 5371 467 10328 10148 2620 28167 5158 43601 38158 26552
internal_count=134338 123948 10390 6974 116974 6507 9068 6959 424 6076 103602 76495 48328 27107 16779 2109 47015 13372 6535 14159 5371 467 10328 10148 2620 28167 5158 43601 38158 26552
is_linear=0
shrinkage=0.005


Tree=26
num_leaves=31
num_cat=0
split_feature=9 64 46 192 45 85 9 85 23 15 96 63 96 5 54 5 256 222 66 22 69 31 34 16 80 141 195 63 4 69
split_gain=21.281 9.6639 8.30961 6.07675 5.9986 9.94399 5.4078 6.57862 5.08832 3.91602 5.81008 4.42373 3.56597 4.14856 3.55746 2.88006 2.73247 2.72646 2.52895 2.35342 2.19919 2.19558 1.80121 1.77505 1.73127 1.71287 1.63749 1.52573 1.50533 1.49613
threshold=0.94230768084526073 1.3481781482696535 -1.6428571343421934 -0.38841052353382105 -1.2788944840431211 4.1869037151336679 0.76923078298568737 2.3167549371719365 0.77777776122093212 0.37847222387790685 -0.18385836482048032 -0.093115743249654756 1.0237910747528078 0.56666669249534618 0.57539683580398571 0.80000001192092907 -0.52777779102325428 0.48050196468830114 -0.72583946585655201 0.78155338764190685 -2.0708149671554561 -2.0555555820465083 -1.1444876194000242 0.055737703107297427 -1.8947039842605589 1.8358228802680971 -1.7097816467285154 -0.19513839483261106 0.26470588892698294 -1.8543308377265928
decision_type=10 10 10 8 10 10 8 10 10 8 10 10 10 10 2 10 8 10 10 10 10 10 10 10 10 10 8 10 8 10
left_child=1 3 -2 17 18 19 7 22 -7 11 28 12 16 -14 -9 -12 -5 27 -4 -6 -19 -21 -3 24 -13 -18 -22 -1 -11 -24
right_child=2 6 4 9 5 8 -8 14 -10 10 15 23 13 -15 -16 -17 25 20 -20 21 26 -23 29 -25 -26 -27 -28 -29 -30 -31
leaf_value=-0.00019747350803476929 0.00015216137995363347 0.0003466821812025861 -0.00047975771046557161 0.00011039330825033776 -0.00039509964175746173 -0.00054098554686643182 -7.7774570642898078e-05 0.00043288554103922529 -0.0016529575483214749 0.00011395469161351552 -0.00016038501472721609 0.00049787907731816522 -0.00027393352932589157 3.6681446967315715e-05 0.0010777047261969462 9.9195206732981308e-05 7.4606834406314542e-06 -0.00045056039329851227 3.6175831629741727e-05 -0.00032062855915794726 -0.00040141806957420763 -7.1517933443280692e-05 0.00039696645808971374 5.1136686218307919e-05 0.00011818315265479834 -0.0002628989405915857 -0.0001068952436040689 3.8763135523072529e-05 -4.4219393535992909e-06 8.0307682810752941e-05
leaf_weight=813 1322 1242 269 7040 3031 225 1406 759 200 3989 8710 304 2321 1992 304 1212 37868 557 1773 1902 502 1668 427 18708 12694 590 7349 4151 8174 2836
leaf_count=813 1322 1242 269 7040 3031 225 1406 759 200 3989 8710 304 2321 1992 304 1212 37868 557 1773 1902 502 1668 427 18708 12694 590 7349 4151 8174 2836
internal_value=-1.63668e-07 1.80562e-05 -0.000217471 7.26771e-06 -0.000271468 -0.000340761 0.000198804 0.000268741 -0.00107857 2.02201e-05 -3.88215e-05 3.62235e-05 6.82387e-06 -0.000130481 0.000621943 -0.000128592 1.98636e-05 -9.3016e-05 -3.25515e-05 -0.000292402 -0.000147848 -0.00020464 0.000184691 8.2387e-05 0.00012729 3.26635e-06 -0.000126034 0 3.43909e-05 0.000122443
internal_weight=134338 123948 10390 116974 9068 7026 6974 5568 425 103602 22085 81517 49811 4313 1063 9922 45498 13372 2042 6601 8408 3570 4505 31706 12998 38458 7851 4964 12163 3263
internal_count=134338 123948 10390 116974 9068 7026 6974 5568 425 103602 22085 81517 49811 4313 1063 9922 45498 13372 2042 6601 8408 3570 4505 31706 12998 38458 7851 4964 12163 3263
is_linear=0
shrinkage=0.005


Tree=27
num_leaves=31
num_cat=0
split_feature=9 64 46 68 192 45 85 90 89 119 78 254 162 65 34 66 132 1 222 38 258 66 168 67 69 186 195 21 129 44
split_gain=21.0703 9.56843 8.22728 7.69639 6.01641 5.93901 9.848 5.49884 5.11164 4.84308 4.37362 3.80195 3.14392 3.1037 2.76458 2.71033 2.84902 2.91906 2.69936 2.52197 2.69813 2.50416 2.47352 2.33983 2.17747 2.00325 1.62135 1.46922 1.45876 1.40857
threshold=0.94230768084526073 1.3481781482696535 -1.6428571343421934 -0.50078126788139332 -0.38841052353382105 -1.2788944840431211 4.1869037151336679 0.81824815273284923 1039.5000000000002 2.3704879283905034 -1.276531934738159 1.1878980994224551 1.4384356141090395 0.54764705896377575 -1.1444876194000242 -0.96536886692047108 0.25083751976490026 1.0000000180025095e-35 0.48050196468830114 -0.42314144968986506 1.573825538158417 -0.72583946585655201 0.42344214022159582 1.0217391252517702 -2.0708149671554561 1.0990182757377627 -1.7097816467285154 0.47972972691059118 -0.37730300426483149 0.30750000476837164
decision_type=10 10 10 2 8 10 10 10 2 10 8 10 8 8 8 10 8 8 10 8 10 10 8 8 10 10 8 10 8 8
left_child=1 4 -2 25 18 21 12 11 -5 -8 -10 13 -7 15 -12 -6 19 23 -1 -17 -21 -4 -15 -18 -20 -3 -26 -9 -14 -19
right_child=2 3 5 8 7 6 9 27 10 -11 14 -13 28 22 -16 16 17 29 24 20 -22 -23 -24 -25 26 -27 -28 -29 -30 -31
leaf_value=0 0.00015140344343340592 0.00051135214495099312 -0.00047740269522713734 -0.00037005580472461186 -0.0002611897868739403 -9.7289694630183028e-05 -0.0016261301031249436 -0.00013515975404057944 0.00053570958313262367 -0.00054090900618135763 0.00033449553880776411 -0.00022629691471205042 -0.00016072032315977988 4.7533021208612232e-05 7.1126836628751015e-05 -2.1168469412848311e-06 -0.00035259631647237266 -4.6771946429767507e-05 -0.00044832763498864635 9.1516634174613061e-05 -9.4261394273457142e-05 3.5995462227303725e-05 0.00016392806792548935 -3.5678596617925643e-05 -0.00039943077286206649 0.0011916910345039953 -0.00010636113059225334 -0.00040861912811424218 -0.0003912636293118364 2.2324251457871508e-05
leaf_weight=4964 1322 266 269 431 872 1601 203 2140 793 222 1333 1464 843 15067 3950 16896 1106 11704 557 23874 2122 1773 6560 1235 502 201 7349 641 4157 19921
leaf_count=4964 1322 266 269 431 872 1601 203 2140 793 222 1333 1464 843 15067 3950 16896 1106 11704 557 23874 2122 1773 6560 1235 502 201 7349 641 4157 19921
internal_value=-1.63148e-07 1.79663e-05 -0.000216392 0.000197819 7.2312e-06 -0.000270121 -0.00033907 2.01192e-05 0.000152874 -0.00107331 0.000190324 2.61775e-05 -0.000290944 2.99139e-05 0.000137928 1.5163e-05 1.83217e-05 -1.58752e-05 -9.25534e-05 4.54124e-05 7.63175e-05 -3.2393e-05 8.28913e-05 -0.000186051 -0.000147112 0.000814756 -0.000125406 -0.00019899 -0.000352693 -3.23489e-06
internal_weight=134338 123948 10390 6974 116974 9068 7026 103602 6507 425 6076 100821 6601 99357 5283 77730 76858 33966 13372 42892 25996 2042 21627 2341 8408 467 7851 2781 5000 31625
internal_count=134338 123948 10390 6974 116974 9068 7026 103602 6507 425 6076 100821 6601 99357 5283 77730 76858 33966 13372 42892 25996 2042 21627 2341 8408 467 7851 2781 5000 31625
is_linear=0
shrinkage=0.005


Tree=28
num_leaves=31
num_cat=0
split_feature=9 64 68 175 192 255 29 85 69 14 63 96 33 162 96 21 96 163 42 186 58 249 163 245 113 107 129 34 51 63
split_gain=20.8616 9.47398 7.62173 7.37579 5.95704 5.06286 4.517 11.0731 3.87573 3.85555 4.06781 3.53382 4.01412 3.35177 3.25221 3.18379 4.35512 2.78147 2.4918 1.98369 1.97151 1.91898 1.88445 1.85757 1.81661 1.80771 1.79239 1.76319 1.74776 1.59802
threshold=0.94230768084526073 1.3481781482696535 -0.50078126788139332 0.16556137055158618 -0.3943690806627273 1.2321428656578066 -0.3314970582723617 4.1869037151336679 -1.7925142049789426 0.22743055969476703 -0.093115743249654756 -0.1394456401467323 -0.49187850952148432 1.7156465053558352 1.6840329170227053 0.089527025818824782 1.0102026462554934 0.54135274887084972 -0.74275362491607655 1.0990182757377627 2.5000000000000004 0.57830238342285167 -0.21476028859615323 0.53294935822486889 0.47081756591796881 -0.65870949625968922 -0.37730300426483149 -1.1444876194000242 -0.64163091778755177 0.048781342804431922
decision_type=10 10 2 10 8 10 10 10 8 10 10 10 8 10 10 10 10 10 8 10 2 10 10 10 8 8 8 8 10 10
left_child=1 4 19 6 17 8 20 13 -4 10 15 -11 21 -8 -14 16 18 -1 -6 -3 -2 -13 -5 25 -20 -12 -15 -10 -7 -19
right_child=3 2 5 22 9 28 7 -9 27 11 23 12 14 26 -16 -17 -18 29 24 -21 -22 -23 -24 -25 -26 -27 -28 -29 -30 -31
leaf_value=-4.2749128302003252e-05 -0.00036407169332902163 0.00050884255985411773 0.00048931269722303028 0.00013615703076371648 -0.00014856481434496644 -0.00036822674733741573 -9.2296876713015023e-05 -0.0013035161772047491 0.00032433121970760917 2.0867405213878387e-05 0.0001856681669089701 -0.00011999973620125476 5.0677634218892013e-05 -9.5573315451636493e-05 -0.00024830148505358983 0.0001271640572178837 -0.00023531690558352785 -0.00015289527972398462 8.689279234201658e-06 0.0011858772060085649 -6.2713564716240222e-05 -0.00030597473784719332 -0.00029090148484902344 0.00020571494753794905 0.00016308256886843374 5.6113981181423974e-05 -0.00042945403942467832 8.6932883729970076e-05 6.3746285310292974e-06 -0.00040607221307666623
leaf_weight=8690 692 266 1108 1587 2419 431 1305 294 1089 14715 3065 4131 5052 467 1104 5188 1936 3464 37161 201 2495 2105 303 2889 2004 22287 3247 2799 1080 764
leaf_count=8690 692 266 1108 1587 2419 431 1305 294 1089 14715 3065 4131 5052 467 1104 5188 1936 3464 37161 201 2495 2105 303 2889 2004 22287 3247 2799 1080 764
internal_value=-1.63041e-07 1.78764e-05 0.000196839 -0.000215318 7.19437e-06 0.000152112 -0.000278118 -0.000367404 0.000228791 1.97716e-05 3.78382e-05 -3.14933e-05 -9.36932e-05 -0.000311227 -3.01729e-06 1.01425e-05 -3.80913e-06 -9.40468e-05 6.984e-06 0.000810778 -0.000128773 -0.000183052 6.68413e-05 8.55779e-05 1.66219e-05 7.183e-05 -0.000387791 0.000153886 -0.000101009 -0.000199188
internal_weight=134338 123948 6974 10390 116974 6507 8500 5313 4996 104056 76949 27107 12392 5019 6156 48708 43520 12918 41584 467 3187 6236 1890 28241 39165 25352 3714 3888 1511 4228
internal_count=134338 123948 6974 10390 116974 6507 8500 5313 4996 104056 76949 27107 12392 5019 6156 48708 43520 12918 41584 467 3187 6236 1890 28241 39165 25352 3714 3888 1511 4228
is_linear=0
shrinkage=0.005


Tree=29
num_leaves=31
num_cat=0
split_feature=9 64 68 29 107 69 47 255 65 69 12 181 22 187 254 95 184 259 60 60 64 26 65 108 132 180 12 258 34 80
split_gain=20.6548 9.38043 7.54779 7.2425 7.6094 7.3144 5.38274 5.01268 3.93664 3.8372 3.69567 3.05288 3.18231 3.23386 3.08771 3.06552 2.48699 2.69821 2.51846 2.31173 2.30564 2.39656 2.20229 2.11285 1.9014 1.83254 1.88546 1.75428 1.74567 1.74494
threshold=0.94230768084526073 1.3481781482696535 -0.50078126788139332 -0.3314970582723617 0.12618784606456759 -2.9921171665191646 -1.4999999999999998 1.2321428656578066 1.1858823299407961 -1.7925142049789426 1.1471519470214846 -0.61328202486038197 -0.11893203854560851 -0.18734016269445417 1.1624203920364382 0.6065577268600465 0.5097298026084901 0.90561223030090343 25.500000000000004 35.500000000000007 -0.25303643941879267 -1.1165697574615476 0.42235293984413153 -0.12446175143122672 0.34656620025634771 3.4102073907852177 0.30854430794715887 -0.49999998509883875 -1.1444876194000242 -0.95399838685989369
decision_type=10 10 2 10 10 10 10 10 8 8 10 10 10 8 10 10 10 10 2 2 10 8 10 2 8 10 10 8 8 10
left_child=1 8 -3 10 23 6 -6 9 11 -4 29 20 13 -13 16 -15 17 -14 -19 -17 21 -1 -7 -5 -22 26 -23 -10 -11 -2
right_child=3 2 7 4 5 22 -8 -9 27 28 -12 12 14 15 -16 19 -18 18 -20 -21 24 25 -24 -25 -26 -27 -28 -29 -30 -31
leaf_value=-0.00022369956100929802 -0.00048651246462143186 0.00080681879027481244 0.00048687712426187491 6.247284939627686e-05 -0.00053851616001112615 -0.00043361419675409048 -0.0015569936160962175 -0.00010050876343126522 0.00021269826398995537 0.00032271697238445856 5.4668511216332998e-05 -0.00018063185652820714 3.8611478215190507e-06 9.7099579461258012e-06 -0.00030820335313522078 -0.00025133474254848481 8.1669793440380286e-05 6.0566554895922033e-05 -0.00019971557230798745 -2.9543156820061099e-05 0.00010557982508721181 -3.8563558720272444e-05 -0.0001520558868859604 -0.0003169783506164374 -5.9700974817544531e-05 -0.00024446173072789932 6.3659745695491597e-05 6.1057110606204908e-05 8.6498994230768783e-05 -0.00013672242656716666
leaf_weight=1105 508 467 1108 1232 312 2730 231 1511 2753 1089 2700 5160 37089 10922 789 2400 8942 1296 3240 2311 13063 7349 949 516 2000 652 11649 6254 2799 1212
leaf_count=1105 508 467 1108 1232 312 2730 231 1511 2753 1089 2700 5160 37089 10922 789 2400 8942 1296 3240 2311 13063 7349 949 516 2000 652 11649 6254 2799 1212
internal_value=-1.62433e-07 1.77873e-05 0.000195864 -0.000214249 -0.000327786 -0.000442549 -0.000982956 0.000151354 7.15819e-06 0.000227652 -6.05862e-05 -1.21717e-06 -1.99547e-05 -7.21341e-05 1.16687e-06 -3.62438e-05 6.03387e-06 -1.02103e-05 -0.000125254 -0.000142787 3.65099e-05 2.30618e-06 -0.000361427 -4.98385e-05 8.35888e-05 1.50945e-05 2.40906e-05 0.000107554 0.00015312 -0.000241433
internal_weight=134338 123948 6974 10390 5970 4222 543 6507 116974 4996 4420 107967 72149 20793 51356 15633 50567 41625 4536 4711 35818 20755 3679 1748 15063 19650 18998 9007 3888 1720
internal_count=134338 123948 6974 10390 5970 4222 543 6507 116974 4996 4420 107967 72149 20793 51356 15633 50567 41625 4536 4711 35818 20755 3679 1748 15063 19650 18998 9007 3888 1720
is_linear=0
shrinkage=0.005


Tree=30
num_leaves=31
num_cat=0
split_feature=9 64 68 46 255 6 162 80 90 256 96 141 102 256 258 23 48 77 78 49 188 60 258 141 39 221 62 132 44 7
split_gain=19.5998 9.30637 8.09299 7.78093 5.99277 4.89897 4.8335 4.44497 4.38239 4.23372 3.08607 2.94159 2.88861 2.80371 2.56102 2.74848 2.50696 2.32526 2.25593 2.15341 1.95826 1.91399 1.74036 1.64915 1.61132 1.58071 1.57973 1.56564 2.19684 1.77363
threshold=0.94230768084526073 1.4615384340286257 -0.50078126788139332 -1.6428571343421934 1.2321428656578066 1.2406143546104433 1.5659866333007815 -1.4240659475326536 0.81824815273284923 3.7007432742450314e-15 1.7559700012207033 -2.2050768136978145 -0.3523042351007461 -3.1944445371627803 -0.52013424038887013 0.87681159377098095 -1.0000000180025095e-35 -1.3485007286071775 -1.276531934738159 1.4843750000000002 -0.153974674642086 13.500000000000002 0.64093959331512462 1.8358228802680971 0.86454564332962047 0.81388741731643688 -1.3181818127632139 0.25083751976490026 0.40999999642372137 0.60641890764236461
decision_type=10 10 2 10 10 10 8 10 10 10 10 8 8 8 8 8 8 10 8 10 10 2 10 10 10 10 10 10 8 8
left_child=1 8 26 -2 18 6 -5 13 9 10 14 -7 16 -8 20 21 24 -15 -4 23 -1 -16 -23 27 -11 -17 -3 29 -29 -14
right_child=3 2 4 5 -6 11 7 -9 -10 12 -12 -13 19 17 15 25 -18 -19 -20 -21 -22 22 -24 -25 -26 -27 -28 28 -30 -31
leaf_value=-1.5067831358665778e-06 0.00014792519630414672 0.00055468274982884965 0.00053310895753929245 -0.00011088986876932052 -0.00010705444409760081 -0.00049506167590255407 -0.0012158455662436406 -0.00033022176961586698 -0.00018758549904261793 -4.616725383601733e-05 -0.00034588404121733377 3.2010093142020498e-05 5.8321793494323273e-05 -0.00029494943264018721 7.2807348249856859e-05 6.391974770460996e-05 -0.00039992356959379715 -0.0008430901394231448 0.00020843556781084324 -0.00022355614666529398 0.00014676740383968772 -1.3286207301121752e-05 -0.00041690775500545794 -0.00026049814796251308 -0.00023219404520359832 0.00021588010328321843 0.0011861300369403523 -8.7493229071119316e-05 1.6613882915706819e-05 -6.042199918898336e-05
leaf_weight=2947 1335 227 641 1940 1520 306 211 4034 2774 6890 505 1768 17339 417 7575 14160 648 377 3314 1073 9022 25663 265 582 1400 1948 206 8292 13000 3833
leaf_count=2947 1335 227 641 1940 1520 306 211 4034 2774 6890 505 1768 17339 417 7575 14160 648 377 3314 1073 9022 25663 265 582 1400 1948 206 8292 13000 3833
internal_value=8.08352e-07 1.83163e-05 0.000211887 -0.000207745 0.000159293 -0.000260301 -0.000323682 -0.000405317 8.60488e-06 1.33438e-05 4.13729e-05 -4.65177e-05 -1.9446e-05 -0.000703121 4.45846e-05 2.8727e-05 -0.000101387 -0.000559486 0.000261789 -2.82477e-06 0.000110232 2.90331e-06 -1.75103e-05 2.69107e-06 -7.77644e-05 8.23892e-05 0.000866347 6.34029e-06 -2.39173e-05 3.67915e-05
internal_weight=134212 123824 5908 10388 5475 9053 6979 5039 117916 115142 62085 2074 53057 1005 61580 49611 8938 794 3955 44119 11969 33503 25928 43046 8290 16108 433 42464 21292 21172
internal_count=134212 123824 5908 10388 5475 9053 6979 5039 117916 115142 62085 2074 53057 1005 61580 49611 8938 794 3955 44119 11969 33503 25928 43046 8290 16108 433 42464 21292 21172
is_linear=0
shrinkage=0.005


Tree=31
num_leaves=31
num_cat=0
split_feature=9 64 46 7 192 6 85 63 85 14 188 256 58 63 111 188 91 141 257 14 195 64 54 129 46 85 161 69 95 85
split_gain=19.4057 9.21457 7.70385 6.43922 5.12666 4.8503 9.18104 5.62151 4.3892 3.60992 4.7466 4.34795 4.04468 3.72964 3.36664 3.2882 2.95686 2.9127 2.6693 2.46981 2.33944 2.26529 1.81894 1.76391 1.90966 1.74172 1.65935 1.64414 1.6378 1.54418
threshold=0.94230768084526073 1.4615384340286257 -1.6428571343421934 1.0692567825317385 -0.38841052353382105 1.2406143546104433 4.1869037151336679 5.2310187816619882 1.7667363286018374 0.22743055969476703 0.46130883693695074 -0.47222222387790674 3.5000000000000004 -0.093115743249654756 -0.26486000418663019 0.88982525467872631 1.3810909390449526 -2.2050768136978145 0.76315787434577953 0.46701389551162725 -1.7097816467285154 -0.050607288256287568 0.78174602985382091 -1.1465103626251218 -0.35714286565780634 2.9017442464828496 -0.28303632140159601 -1.9957328438758848 0.62834739685058605 2.3167549371719365
decision_type=10 10 10 8 8 10 10 10 10 10 10 8 2 10 10 10 8 8 10 10 8 8 2 8 10 8 8 10 10 10
left_child=1 4 -2 8 15 6 16 -8 -3 11 12 21 -11 18 -10 20 -4 -7 23 -14 -1 -6 29 -13 -25 -22 -15 -17 -12 -5
right_child=2 3 5 22 9 17 7 -9 14 10 28 13 19 26 -16 27 -18 -19 -20 -21 25 -23 -24 24 -26 -27 -28 -29 -30 -31
leaf_value=-0.00040595900882798186 0.00014718833120667168 0.00022314736340957038 -0.00033353302024007492 -3.0994646345914333e-05 7.9805995763493836e-05 -0.00049262616494082816 -0.001619453663314843 -0.00043639519814547801 0.00095645486540443933 2.2784690116759727e-06 6.6938490208130736e-05 -0.00014504352750001958 -0.00013608140835276957 0.00014217750455539882 0.00038223358385541009 0.00053320252489370259 -7.9277048992825578e-05 3.1850495801392795e-05 -0.00028268934762329352 -0.00036865026488150967 -8.3652202461812335e-05 0.00022605510551705792 -0.00027516176576956614 8.7735139821017624e-05 -9.0837088221202405e-06 -0.00045667326284032573 4.6168067451739001e-05 6.4724206410597123e-05 -3.184516779249148e-05 0.00030139275069443868
leaf_weight=632 1335 2668 5082 1135 9342 306 206 204 411 4618 9632 2021 4724 6259 706 211 1487 1768 856 1512 11174 3707 490 6056 31859 318 16117 1458 7420 498
leaf_count=632 1335 2668 5082 1135 9342 306 206 204 411 4618 9632 2021 4724 6259 706 211 1487 1768 856 1512 11174 3707 490 6056 31859 318 16117 1458 7420 498
internal_value=8.03708e-07 1.82247e-05 -0.000206714 0.000210838 8.56134e-06 -0.00025901 -0.000322075 -0.00104436 0.000334334 2.05655e-05 -2.8075e-05 3.8382e-05 -0.000109793 2.12035e-05 0.000597285 -8.19964e-05 -0.000276158 -4.62895e-05 -7.24157e-06 -0.000192801 -0.000110664 0.000121462 -9.36956e-06 -1.29037e-06 6.37709e-06 -9.42118e-05 7.30719e-05 0.000125665 2.39278e-05 7.06756e-05
internal_weight=134212 123824 10388 5908 117916 9053 6979 410 3785 104123 27906 76217 10854 63168 1117 13793 6569 2074 40792 6236 12124 13049 2123 39936 37915 11492 22376 1669 17052 1633
internal_count=134212 123824 10388 5908 117916 9053 6979 410 3785 104123 27906 76217 10854 63168 1117 13793 6569 2074 40792 6236 12124 13049 2123 39936 37915 11492 22376 1669 17052 1633
is_linear=0
shrinkage=0.005


Tree=32
num_leaves=31
num_cat=0
split_feature=11 64 29 85 68 22 181 43 90 256 54 119 102 254 77 96 22 75 32 161 195 38 117 68 74 68 66 85 233 109
split_gain=18.3698 15.0049 8.30416 10.9828 6.9086 4.46979 4.44609 4.39528 4.24309 3.98345 3.70637 3.64683 3.38433 3.04895 2.31138 2.22578 2.6787 2.18584 2.15378 2.10508 2.03538 1.99597 1.84954 1.94277 1.55586 2.89638 1.53421 1.52695 1.50354 1.50124
threshold=0.84346503019332897 1.5040485858917239 -0.3314970582723617 4.1869037151336679 -0.50078126788139332 0.78155338764190685 0.63351979851722728 -0.40601503849029535 0.79219499230384838 -0.52777779102325428 0.77380952239036571 0.32910259068012243 1.2525492310523989 1.1878980994224551 -1.1473128199577329 1.0761528611183169 -0.12864077836275098 -1.6709088683128355 0.92311805486679088 -0.37374988198280329 -1.7097816467285154 -0.068227574229240404 2.8564583063125615 -0.53606104850769032 -0.85902673006057728 -0.26322774589061732 -0.97598987817764271 1.8239222168922427 -0.24275713413953778 -0.23552451282739637
decision_type=10 10 10 10 2 10 10 10 10 8 2 10 10 10 8 8 10 10 10 10 8 8 10 2 2 2 8 8 10 10
left_child=1 6 10 5 -3 -4 8 -7 9 21 17 20 13 15 -6 18 -17 -2 22 -20 -8 -1 23 -11 -12 -26 -25 28 -22 -28
right_child=2 4 3 -5 14 7 11 -9 -10 12 24 -13 -14 -15 -16 16 -18 -19 19 -21 27 -23 -24 26 25 -27 29 -29 -30 -31
leaf_value=3.3362138614953578e-05 0.00030010328925062066 0.00099411301230776161 -0.00042434635975855745 -0.0012610110842183901 0.00063262940138540582 -0.00033959684173482247 -0.00042732708096667496 3.7948509057167774e-05 -0.00016881967522201836 0.00038197331553945472 8.4343819279672101e-05 6.9457137216217605e-05 0.00012229025471743741 -0.00022714239551386098 0.00020962261649892501 -0.00023167033873092122 3.5233582807340365e-05 -2.3830197611292287e-05 -0.00018929949990728503 5.649717272145097e-05 -0.00018670405712094943 0.00013729900258784448 -0.00024802285093838272 -0.00025388556834112294 -0.0007317269137135119 -0.0001539578983805758 5.5487764536768698e-05 -0.00038651552271957388 -4.4203517792899666e-05 4.1113726392265124e-06
leaf_weight=8594 612 331 2597 291 352 1468 552 1611 2955 362 211 2909 6082 1446 3751 2121 1678 3325 2527 1321 2965 10031 649 513 363 544 20130 483 4959 48479
leaf_count=8594 612 331 2597 291 352 1468 552 1611 2955 362 211 2909 6082 1446 3751 2121 1678 3325 2527 1321 2965 10031 649 513 363 544 20130 483 4959 48479
internal_value=7.99299e-07 1.83032e-05 -0.000194711 -0.000320966 0.00030372 -0.000271616 7.63001e-06 -0.000142153 1.78293e-05 2.31487e-05 -4.54093e-05 -8.41556e-05 8.67652e-06 -4.62098e-08 0.00024676 4.18361e-06 -0.000113757 2.67147e-05 1.0254e-05 -0.000104825 -0.000134101 8.93888e-05 1.65823e-05 1.90786e-05 -0.000298825 -0.000388485 1.71434e-05 -0.000114546 -9.76715e-05 1.91955e-05
internal_weight=134212 123190 11022 5967 4434 5676 118756 3079 106888 103933 5055 11868 85308 79226 4103 77780 3799 3937 73981 3848 8959 18625 70133 69484 1118 907 69122 8407 7924 68609
internal_count=134212 123190 11022 5967 4434 5676 118756 3079 106888 103933 5055 11868 85308 79226 4103 77780 3799 3937 73981 3848 8959 18625 70133 69484 1118 907 69122 8407 7924 68609
is_linear=0
shrinkage=0.005


Tree=33
num_leaves=31
num_cat=0
split_feature=9 15 68 8 85 207 255 90 256 22 31 169 141 96 101 138 169 69 258 69 258 195 3 68 74 68 228 38 51 31
split_gain=19.0284 7.90129 7.38831 7.21991 8.43975 5.66368 5.61092 4.30264 4.40261 3.70263 3.81341 3.6289 3.5851 3.56586 2.54563 4.09245 2.92486 2.71907 2.34523 2.27107 2.01559 1.91392 1.75869 2.25557 1.6252 1.60293 1.59611 2.1823 1.48132 1.43089
threshold=0.94230768084526073 1.0590277910232546 -0.50078126788139332 1.3391304612159731 4.1869037151336679 -0.61101531982421864 1.2321428656578066 0.81824815273284923 -0.52777779102325428 0.78155338764190685 -2.0555555820465083 0.60978350043296825 -2.2050768136978145 1.6235568523406985 0.94501334428787243 -0.073784731328487382 0.13388473540544513 -1.4501309990882871 -0.53355702757835377 -2.6205701828002925 1.573825538158417 -1.7097816467285154 -1.5562884807586668 -0.53606104850769032 -0.057864250615239136 -0.49249261617660517 0.18469780683517459 -0.48255163431167597 -0.64163091778755177 0.75925925374031078
decision_type=10 10 2 10 10 10 10 10 8 10 10 8 8 10 10 10 10 10 10 10 10 8 8 2 2 2 8 8 10 8
left_child=1 7 24 4 9 -6 19 8 13 -2 -11 14 -5 18 15 16 17 -10 -1 -4 22 -19 -13 -24 -3 -14 27 -25 -8 -20
right_child=3 2 6 12 5 -7 28 -9 11 10 -12 20 25 -15 -16 -17 -18 21 29 -21 -22 -23 23 26 -26 -27 -28 -29 -30 -31
leaf_value=0.00020200036600046109 -0.00037559976766374226 0.0011204842292701933 0.00054963532702506581 -0.00048802162338627673 -0.0015538397778571101 -0.00042444454385179758 -0.00034636653342460177 -0.00018506685847427998 -0.00032517781724121601 -0.00031171918981194542 -9.8976876252331141e-06 -0.00015043376202233537 0.00044864556244206857 -0.00038458704631972977 6.5321834088205019e-05 -1.1083002353158938e-05 -0.00029961100565654742 -0.00036850428192924397 8.599180491478448e-05 0.00020125224231275291 -0.00010352246005470861 -4.5357934795198639e-05 0.00050127440416846759 -1.2148885846267904e-05 0.00047850159708092484 3.6580397778095739e-05 -1.1782115493741869e-05 9.0513044632320903e-05 -4.6157623056524499e-06 -2.7748464342375093e-05
leaf_weight=3702 2988 227 552 306 203 253 447 2774 1064 1894 2340 1123 261 402 6457 33697 1837 476 13808 3112 2460 10012 270 6864 200 2143 8885 20935 1073 3447
leaf_count=3702 2988 227 552 306 203 253 447 2774 1064 1894 2340 1123 261 402 6457 33697 1837 476 13808 3112 2460 10012 270 6864 200 2143 8885 20935 1073 3447
internal_value=7.94866e-07 1.80457e-05 0.000201293 -0.000204696 -0.000282968 -0.000939708 0.000148664 9.33549e-06 1.40191e-05 -0.00024081 -0.000145238 -6.89605e-07 1.69944e-05 7.88151e-05 -2.77136e-05 -4.0488e-05 -0.000114424 -8.48158e-05 8.78176e-05 0.000254552 3.49916e-05 -6.02403e-05 4.39659e-05 4.99067e-05 0.000829966 8.23638e-05 4.6503e-05 6.51486e-05 -0.000106251 6.32397e-05
internal_weight=134212 123824 5611 10388 7678 456 5184 118213 115439 7222 4234 94080 2710 21359 53543 47086 13389 11552 20957 3664 40537 10488 38077 36954 427 2404 36684 27799 1520 17255
internal_count=134212 123824 5611 10388 7678 456 5184 118213 115439 7222 4234 94080 2710 21359 53543 47086 13389 11552 20957 3664 40537 10488 38077 36954 427 2404 36684 27799 1520 17255
is_linear=0
shrinkage=0.005


Tree=34
num_leaves=31
num_cat=0
split_feature=9 19 46 68 9 8 85 108 168 195 254 91 141 51 69 258 46 10 193 223 258 102 132 25 169 227 184 19 188 149
split_gain=18.8398 7.82327 7.53308 7.31667 4.93871 4.70463 8.93995 5.5664 3.95911 3.77355 3.8067 2.8755 2.82717 2.58228 2.49953 2.43556 2.59432 2.48961 2.71 2.33947 2.06576 1.97037 2.72122 2.18422 1.76499 2.3604 1.9311 1.67358 1.64288 1.50713
threshold=0.94230768084526073 1.0457516312599184 -1.6428571343421934 -0.50078126788139332 0.86686390638351452 1.3391304612159731 4.1869037151336679 -0.82508608698844899 0.42344214022159582 -1.7097816467285154 1.1751592159271242 1.3810909390449526 -2.2050768136978145 -0.93776825070381153 -2.6205701828002925 0.18456376343965533 0.21428572386503222 0.74458205699920665 0.27918912470340734 0.40755884349346166 1.5939597487449648 -0.32949919998645777 0.25506703555583959 0.035986223258078105 -0.26276557147502894 1.9838402271270754 -0.78920918703079213 0.40359477698802954 0.48686389625072485 0.19626489281654361
decision_type=10 10 10 2 10 10 10 2 8 8 10 8 8 8 10 10 8 8 10 10 10 8 8 10 8 10 8 10 8 10
left_child=1 8 -2 -3 14 6 11 -8 9 -1 13 -4 -7 20 -5 16 27 18 -17 24 -11 -18 -23 -24 26 -26 -10 29 -29 -15
right_child=2 3 5 4 -6 12 7 -9 19 10 -12 -13 -14 15 -16 17 21 -19 -20 -21 -22 22 23 -25 25 -27 -28 28 -30 -31
leaf_value=-0.00043477772608032929 0.00014627505368627761 0.00082591416416215487 -0.00032877325020242912 0.00054903055128016479 -0.00011837695001808789 -0.0004856207409485803 -0.00041990586660761866 -0.0015968713563661412 3.1211335742854561e-06 8.1459583559889803e-05 -0.00028394912729449366 -7.8034000754760761e-05 3.1095207128798013e-05 3.3286356356769891e-05 0.00018490502424218548 -6.13684503558745e-05 -0.00013052877868686239 4.3672591124074214e-05 -0.00023967235366020325 -2.7035318554255404e-05 -0.00015554928713671553 0.00011756114654647254 -0.0003709001959562282 -2.5469135032658055e-05 7.3772851182534135e-05 -0.00013748735604596435 0.00021099679002833778 -0.00016648810002617751 1.674144732610264e-05 0.00012900966001909038
leaf_weight=509 1335 427 5082 549 1299 306 202 208 1514 12105 1202 1487 1768 14784 3336 8641 4120 3689 2832 6266 989 3465 462 23604 16532 1431 4313 1694 4354 5707
leaf_count=509 1335 427 5082 549 1299 306 202 208 1514 12105 1202 1487 1768 14784 3336 8641 4120 3689 2832 6266 989 3465 462 23604 16532 1431 4313 1694 4354 5707
internal_value=7.90396e-07 1.79556e-05 -0.000203679 0.000200296 0.000147922 -0.000255393 -0.000317504 -0.00103025 9.28844e-06 -7.60277e-06 -5.09167e-06 -0.000272193 -4.58856e-05 -1.19228e-06 0.000237129 -1.2745e-05 1.95519e-06 -6.91775e-05 -0.00010551 5.88416e-05 6.34674e-05 -2.86045e-05 -1.33125e-05 -3.21969e-05 8.14825e-05 5.68817e-05 0.00015712 3.84188e-05 -3.45923e-05 5.99959e-05
internal_weight=134212 123824 10388 5611 5184 9053 6979 410 118213 88157 87648 6569 2074 86446 3885 73352 58190 15162 11473 30056 13094 31651 27531 24066 23790 17963 5827 26539 6048 20491
internal_count=134212 123824 10388 5611 5184 9053 6979 410 118213 88157 87648 6569 2074 86446 3885 73352 58190 15162 11473 30056 13094 31651 27531 24066 23790 17963 5827 26539 6048 20491
is_linear=0
shrinkage=0.005


Tree=35
num_leaves=31
num_cat=0
split_feature=9 64 46 192 255 83 45 90 69 181 254 162 162 96 256 102 163 192 141 64 181 24 78 243 27 255 93 117 132 96
split_gain=18.4429 8.72551 7.33375 5.83438 5.72656 5.76153 5.24431 5.02218 4.14501 4.26093 3.69553 2.71629 2.68102 2.64087 3.26504 2.84603 2.63308 2.47025 2.37542 1.86377 1.85529 1.95662 1.81371 1.7872 1.5133 1.49737 1.45733 1.4192 1.50949 2.74647
threshold=0.94230768084526073 1.3481781482696535 -1.6428571343421934 -0.38841052353382105 1.303571403026581 2.7154710292816167 -1.2788944840431211 0.79219499230384838 -3.1620037555694576 0.16203926503658297 1.1878980994224551 1.5659866333007815 1.9231294393539431 1.7559700012207033 -0.52777779102325428 1.2525492310523989 0.54135274887084972 0.68948403000831615 -2.2050768136978145 -0.066801618784666048 -1.7545575499534605 -0.95134130120277394 -2.2501868009567256 -1.2185141444206236 0.26724655926227575 -1.2321428656578062 -0.53655347228050221 2.8564583063125615 0.26934660971164709 1.0102026462554934
decision_type=10 10 10 8 10 10 10 10 10 8 10 8 10 10 8 10 10 8 8 8 8 8 10 8 10 8 10 10 8 10
left_child=1 3 -2 16 5 12 18 10 9 22 13 -10 -3 14 17 20 -1 19 -4 -5 -16 -22 -8 -7 -18 -13 -6 28 -23 -30
right_child=2 4 6 7 26 23 8 -9 11 -11 -12 25 -14 -15 15 -17 24 -19 -20 -21 21 27 -24 -25 -26 -27 -28 -29 29 -31
leaf_value=-4.2578692149596966e-05 0.00014745455667191081 0.00010369950069245618 -0.00049841585759732041 8.4909201153937931e-05 -0.00033592603868763617 0.0010630644384119661 -6.5790022136404165e-05 -0.00017261556969276165 -0.00010565828981658391 -0.0012918813906768812 -0.00021956712797526739 -0.00012148570751729214 0.00034529644486078496 -0.00032054184519073265 0.00012349012409477346 0.00012202569812322859 -0.00036453437914116911 6.4018719105408547e-06 3.1782073926123241e-05 0.00021132086764118384 -0.00022106053287867348 3.4423134810062635e-05 -0.00068004227080024817 0.00050456581793582606 -0.00014111893608447412 -0.00037794274781705799 1.1304411501009619e-05 -0.0002226313902285615 -1.2905796454366198e-06 -0.00017563198238155573
leaf_weight=9091 1303 2853 234 8132 407 220 209 3283 1703 201 1504 680 1934 530 3377 6035 986 5871 1808 4572 951 31432 288 473 3359 3916 1123 663 34653 2412
leaf_count=9091 1303 2853 234 8132 407 220 209 3283 1703 201 1504 680 1934 530 3377 6035 986 5871 1808 4572 951 31432 288 473 3359 3916 1123 663 34653 2412
internal_value=2.50247e-07 1.71941e-05 -0.00020254 6.90718e-06 0.000188471 0.000263952 -0.000253102 1.96472e-05 -0.000318131 -0.000683441 2.59642e-05 -0.000277061 0.00020167 2.97244e-05 3.16381e-05 1.76863e-05 -9.1085e-05 9.13207e-05 -2.97999e-05 0.000130508 9.10319e-06 3.57803e-06 -0.000425959 0.000688928 -0.000192294 -0.000340281 -8.1531e-05 6.68996e-06 8.933e-06 -1.26715e-05
internal_weight=134203 123861 10342 116851 7010 5480 9039 103415 6997 698 100132 6299 4787 98628 98098 79523 13436 18575 2042 12704 73488 70111 497 693 4345 4596 1530 69160 68497 37065
internal_count=134203 123861 10342 116851 7010 5480 9039 103415 6997 698 100132 6299 4787 98628 98098 79523 13436 18575 2042 12704 73488 70111 497 693 4345 4596 1530 69160 68497 37065
is_linear=0
shrinkage=0.005


Tree=36
num_leaves=31
num_cat=0
split_feature=9 64 68 46 192 45 85 255 114 254 96 78 96 256 132 96 163 141 192 38 180 175 64 91 14 74 36 68 113 181
split_gain=18.2603 8.63919 7.3049 7.2611 5.7763 5.19219 6.3513 4.84825 4.08681 3.78817 5.32524 3.16214 3.00463 3.23197 2.67173 2.78002 2.60691 2.3522 2.29607 2.13481 2.90279 2.42613 2.10738 2.05012 2.04544 1.91071 1.72345 1.63579 1.55499 1.524
threshold=0.94230768084526073 1.3481781482696535 -0.50078126788139332 -1.6428571343421934 -0.38841052353382105 -1.2788944840431211 4.1869037151336679 1.2321428656578066 -0.80997571349143971 0.69745221734046947 -0.095380693674087511 -1.5835175514221189 1.7559700012207033 -0.52777779102325428 0.26934660971164709 1.0102026462554934 0.54135274887084972 -2.2050768136978145 0.61638230085372936 -0.42314144968986506 1.7632272243499758 -1.6979916691780088 -0.091093115508556352 1.3810909390449526 0.46701389551162725 0.1959154158830643 -0.56081297993659962 -0.53606104850769032 1.4557344913482668 0.28396706283092504
decision_type=10 10 2 10 8 10 10 10 10 10 10 8 10 8 8 10 10 8 8 8 10 8 8 8 10 2 10 2 10 10
left_child=1 4 25 -2 16 17 23 11 -8 12 -11 -4 13 18 19 -16 -1 -5 22 21 27 -15 -6 26 -12 -3 -7 -21 -9 -13
right_child=3 2 7 5 9 6 8 28 -10 10 24 29 -14 14 15 -17 -18 -19 -20 20 -22 -23 -24 -25 -26 -27 -28 -29 -30 -31
leaf_value=-4.2365915433116096e-05 0.00014672010002398172 0.0011106253093981406 0.00062360038285088888 -0.00049597591399380768 8.1863533045633782e-05 -0.00029367843526717751 -0.00039401222122752367 3.4030894902656893e-05 -0.0014009861990060902 2.5377023372113389e-05 -9.6892758721710181e-05 0.00013647674753565562 -0.00028831702198408774 -0.00025667171823871284 6.821207091570406e-07 -0.00017475563817727539 -0.00019133572975338516 3.1623601278834535e-05 -4.9149608342102924e-06 0.00047829646869291512 -0.00011031420694095275 1.3249373290128515e-05 0.00021871993937072368 -0.00010956070022417655 -0.00029571860543655852 0.00044586661425988515 -0.00060204591233429996 8.4844853144756883e-05 -0.00028944024247758073 0.00037364824607100659
leaf_weight=9091 1303 234 437 234 7798 4648 204 865 209 7408 3050 3779 726 902 34264 2412 4345 1808 4116 263 1965 10112 4422 1428 2265 224 508 23712 642 829
leaf_count=9091 1303 234 437 234 7798 4648 204 865 209 7408 3050 3779 726 902 34264 2412 4345 1808 4116 263 1965 10112 4422 1428 2265 224 508 23712 642 829
internal_value=2.48406e-07 1.71082e-05 0.000187536 -0.000201536 6.87225e-06 -0.000251847 -0.000316552 0.000144429 -0.000915454 1.95488e-05 -6.12169e-05 0.000218749 3.08875e-05 3.34848e-05 1.93571e-05 -1.08642e-05 -9.0631e-05 -2.96554e-05 9.71054e-05 4.93621e-05 7.41233e-05 -8.91708e-06 0.000131497 -0.000278242 -0.000181915 0.000794909 -0.000324711 8.92806e-05 -0.000103942 0.000179612
internal_weight=134203 123861 7010 10342 116851 9039 6997 6552 413 103415 12723 5045 90692 89966 73630 36676 13436 2042 16336 36954 25940 11014 12220 6584 5315 458 5156 23975 1507 4608
internal_count=134203 123861 7010 10342 116851 9039 6997 6552 413 103415 12723 5045 90692 89966 73630 36676 13436 2042 16336 36954 25940 11014 12220 6584 5315 458 5156 23975 1507 4608
is_linear=0
shrinkage=0.005


Tree=37
num_leaves=31
num_cat=0
split_feature=9 64 68 46 192 45 90 7 69 256 69 111 33 96 78 49 222 66 69 22 63 54 51 25 38 141 45 150 44 17
split_gain=18.0796 8.55399 7.23391 7.18918 5.71874 5.1406 4.93448 4.48183 4.07727 3.9841 3.10286 2.92149 3.95463 3.73609 2.49182 2.38562 2.38169 2.33017 2.20822 2.09525 2.04771 1.88093 1.82568 1.80202 3.33762 2.33339 1.94925 1.74448 1.62455 1.64558
threshold=0.94230768084526073 1.3481781482696535 -0.50078126788139332 -1.6428571343421934 -0.38841052353382105 -1.2788944840431211 0.79219499230384838 1.0692567825317385 -3.1620037555694576 -2.027777791023254 -2.7273360490798946 -0.30287468433380121 0.8794456720352174 1.3341150879859927 -2.2501868009567256 1.4843750000000002 0.48050196468830114 -0.72583946585655201 -2.0708149671554561 0.78155338764190685 1.1727150082588198 -0.87698411941528309 -0.64163091778755177 0.066668955609202399 -0.42314144968986506 2.1162226200103764 -0.44974873960018152 -0.091100420802831636 0.42249999940395361 -0.22168284654617307
decision_type=10 10 2 10 8 10 10 8 10 8 8 10 10 10 10 10 10 10 10 10 10 2 8 8 10 10 10 8 8 10
left_child=1 4 -3 -2 16 17 11 10 9 -7 -4 -6 13 15 -11 23 -1 -5 -18 -10 -17 -21 -9 24 26 -26 -13 -15 29 -25
right_child=3 2 7 5 6 8 -8 22 19 14 -12 12 -14 27 -16 20 18 -19 -20 21 -22 -23 -24 28 25 -27 -28 -29 -30 -31
leaf_value=-2.9984120163025986e-06 0.00014598930540551537 0.00079102397829190622 0.00060338654487232784 -0.00045610630310028967 6.8211429375900884e-05 -0.0012294230562965903 -0.00017112558072630141 -0.00034349101739081158 -0.00037514868673962768 -1.6666168271460465e-05 0.00018340919386642817 5.375818939605956e-06 0.00023244849886289428 1.4439854322358889e-05 -0.00074055922165169538 -0.0002963229787290852 -0.00044018159619888832 3.6862652544682338e-05 -0.00011908814214609387 -0.0004839353612499115 0.00013506039539407875 -0.00014392774824978106 2.4295067709976532e-05 -0.00014632724721521173 8.7822906060234341e-05 -0.00023624597291142848 -0.00015181289663216617 -0.00031685755567948998 1.3698359388185048e-05 -2.0347566309128108e-05
leaf_weight=4957 1303 458 491 272 28803 220 3283 427 2839 220 4104 10808 1914 564 258 1111 572 1770 7907 470 360 2990 1530 3754 19808 566 2406 1314 20328 8396
leaf_count=4957 1303 458 491 272 28803 220 3283 427 2839 220 4104 10808 1914 564 258 1111 572 1770 7907 470 360 2990 1530 3754 19808 566 2406 1314 20328 8396
internal_value=2.46895e-07 1.70231e-05 0.000186608 -0.000200536 6.83771e-06 -0.000250597 1.94509e-05 0.000143711 -0.00031498 -0.000677293 0.000229002 2.57125e-05 8.54069e-06 2.34332e-06 -0.000412043 8.47461e-06 -9.01784e-05 -2.95116e-05 -0.000141055 -0.000274247 -0.000190311 -0.00019089 -5.63686e-05 1.29223e-05 3.86017e-05 7.87398e-05 -2.32538e-05 -0.000217323 -1.36211e-05 -5.9357e-05
internal_weight=134203 123861 7010 10342 116851 9039 103415 6552 6997 698 4595 100132 71329 69415 478 67537 13436 2042 8479 6299 1471 3460 1957 66066 33588 20374 13214 1878 32478 12150
internal_count=134203 123861 7010 10342 116851 9039 103415 6552 6997 698 4595 100132 71329 69415 478 67537 13436 2042 8479 6299 1471 3460 1957 66066 33588 20374 13214 1878 32478 12150
is_linear=0
shrinkage=0.005


Tree=38
num_leaves=31
num_cat=0
split_feature=11 21 29 162 68 168 60 181 188 253 96 65 69 14 222 27 35 39 180 38 75 204 78 203 45 80 235 69 69 45
split_gain=17.1991 13.657 7.00516 5.32739 4.79061 4.53896 4.45203 4.41321 3.78164 3.63906 3.49045 3.41678 2.80344 2.79171 2.57612 2.30344 3.908 3.21163 2.32208 2.71888 2.29959 2.29498 2.2554 2.14054 1.98336 1.92881 1.92773 1.87918 1.61566 1.59013
threshold=0.84346503019332897 0.97804051637649547 -0.3314970582723617 2.2105445861816411 -0.49543276429176325 0.42344214022159582 7.5000000000000009 0.69049984216690075 0.99058541655540477 0.79411765933036815 -0.095380693674087511 1.0194117426872256 -2.9921171665191646 0.46701389551162725 -0.22048258036375043 0.0098980204202234762 -0.25347566604614252 0.86454564332962047 2.6102181673049931 -0.42314144968986506 -1.3485131263732908 0.71364304423332225 -1.4048465490341184 -0.15625751018524167 -1.1658291220664976 -0.50452187657356251 -2.7002484798431392 -3.7965571880340572 -1.9253992438316343 -0.44974873960018152
decision_type=10 10 10 10 2 8 2 10 10 10 10 8 10 10 8 8 8 10 10 10 10 10 10 10 10 8 10 8 10 10
left_child=1 5 6 8 -3 7 -2 9 24 15 -11 21 -5 -12 -9 18 -17 -18 19 29 -8 27 -6 -16 -4 -23 -14 -7 -26 -1
right_child=2 4 3 12 22 11 20 14 -10 10 13 -13 26 -15 23 16 17 -19 -20 -21 -22 25 -24 -25 28 -27 -28 -29 -30 -31
leaf_value=3.6269248594224559e-05 -0.00031620923718381135 0.0010462209171610045 -0.0001280212656003463 -0.00085779679081675613 0.00072551603824169198 0.00052644093178878825 0.00027788104569687944 3.9349335609799593e-05 6.3292648471412557e-05 1.2384043703019396e-05 -7.958372592684877e-05 0.00020084054106363165 -0.00012265375814062267 -0.00033769341479816139 -7.1036313087314608e-05 -0.0002770787111440642 7.7756816239292009e-06 -0.00024834933766771684 -0.00021606307605958849 9.96075237265521e-05 -2.8892486638725191e-05 -0.00054761697914009573 0.00024510079088263688 -0.0002402721356623132 -0.00075687375512183174 -6.4335353811344927e-05 -0.00047775777875333584 5.0049356314977572e-05 -0.00032120684190238005 -9.5372096797743995e-05
leaf_weight=7786 1202 228 1004 399 271 204 757 2226 1136 3793 2335 3807 497 1911 3830 1307 40584 1257 791 15942 3068 229 2389 3675 289 1810 1778 25583 869 3246
leaf_count=7786 1202 228 1004 399 271 204 757 2226 1136 3793 2335 3807 497 1911 3830 1307 40584 1257 791 15942 3068 229 2389 3675 289 1810 1778 25583 869 3246
internal_value=2.44925e-07 1.7164e-05 -0.000189148 -0.000304865 0.000356648 8.99652e-06 -5.14121e-05 -9.34075e-06 -0.000169758 3.03868e-06 -9.77389e-05 6.04141e-05 -0.000470685 -0.000196129 -0.000109782 1.44764e-05 -8.37339e-06 4.03928e-08 4.99991e-05 5.78583e-05 3.19736e-05 4.11512e-05 0.000295502 -0.000154078 -0.000292307 -0.000120064 -0.00040084 5.39388e-05 -0.000433152 -2.44459e-06
internal_weight=134203 123204 10999 5972 2888 120316 5027 88683 3298 78952 8039 31633 2674 4246 9731 70913 43148 41841 27765 26974 3825 27826 2660 7505 2162 2039 2275 25787 1158 11032
internal_count=134203 123204 10999 5972 2888 120316 5027 88683 3298 78952 8039 31633 2674 4246 9731 70913 43148 41841 27765 26974 3825 27826 2660 7505 2162 2039 2275 25787 1158 11032
is_linear=0
shrinkage=0.005


Tree=39
num_leaves=31
num_cat=0
split_feature=9 64 68 175 192 90 255 90 254 24 78 65 96 66 163 222 80 54 80 197 80 74 234 67 105 38 181 27 114 19
split_gain=17.7266 8.39896 7.12485 6.50447 5.62478 4.85148 4.7251 4.58996 3.56365 3.45912 3.0923 2.84459 3.19752 2.6301 2.55999 2.3804 2.26531 3.43904 2.85862 2.22113 2.21769 1.89349 1.76028 1.67198 1.65848 1.57238 1.49962 1.48509 1.46669 1.38913
threshold=0.94230768084526073 1.3481781482696535 -0.50078126788139332 0.13488123565912249 -0.38841052353382105 0.79219499230384838 1.2321428656578066 -0.87807902693748463 1.1878980994224551 -0.49182152748107905 -1.5835175514221189 0.54764705896377575 1.3341150879859927 -0.96536886692047108 0.54135274887084972 -0.22048258036375043 -0.95399838685989369 0.091269843280315413 -1.4783163070678709 -0.090119753032922731 1.2277557849884035 0.1959154158830643 -0.13058092445135114 2.7608696222305302 -2.1928437948226924 -0.072571024298667894 0.28396706283092504 0.26724655926227575 -1.0263159275054929 0.60130721330642711
decision_type=10 10 2 10 8 10 10 10 10 10 8 8 10 10 10 10 10 2 10 8 8 2 10 10 10 8 10 10 8 10
left_child=1 4 21 7 14 8 10 -2 11 16 -4 12 13 -6 -1 -14 17 -9 -19 -13 28 -3 -18 -5 -11 -21 -12 -16 -15 -7
right_child=3 2 6 23 5 29 -8 9 -10 24 26 19 15 20 27 -17 22 18 -20 25 -22 -23 -24 -25 -26 -27 -28 -29 -30 -31
leaf_value=-4.1624695938051782e-05 -1.2756863447205842e-05 0.0010989240186735131 0.00061604978457476195 -0.00024896011400453585 -0.00025242905418023813 -0.00012024746706452886 -0.00010287007381322087 -0.00013701944122498349 -0.00021562970183222442 -0.00038414014160633104 0.00013420343114432391 2.4470433967613751e-05 9.1134610692098742e-07 -9.5805833449699753e-05 -0.00035987144170683923 -0.00032786726486789717 -8.3375528453998057e-05 -0.00094949852739536003 -0.00039092175425643072 4.097908622978979e-05 7.8502908082169466e-05 0.00043751742475013871 -0.00030857961164954011 0.00012900228829960009 -0.00072865955951653021 0.0001661097007777707 0.0003694644291751613 -0.00013855381745025983 1.5912156772948914e-05 -0.00038628263273826098
leaf_weight=9091 1546 234 437 352 867 2681 1507 738 1504 889 3779 9789 1038 3094 986 1160 2022 354 687 3684 14794 224 1533 1608 613 7985 829 3359 56217 602
leaf_count=9091 1546 234 437 352 867 2681 1507 738 1504 889 3779 9789 1038 3094 986 1160 2022 354 687 3684 14794 224 1533 1608 613 7985 829 3359 56217 602
internal_value=2.43243e-07 1.68549e-05 0.000184896 -0.00019857 6.76221e-06 1.92714e-05 0.000142323 -0.000259188 2.54802e-05 -0.000314797 0.000215694 2.91727e-05 1.50028e-05 2.05244e-05 -8.94536e-05 -0.000172726 -0.000254503 -0.000400333 -0.000584979 8.00937e-05 2.37414e-05 0.000784739 -0.000180926 6.04081e-05 -0.000527029 0.000126682 0.000176991 -0.000189248 1.00683e-05 -0.000169695
internal_weight=134203 123861 7010 10342 116851 103415 6552 8382 100132 6836 5045 98628 77170 74972 13436 2198 5334 1779 1041 21458 74105 458 3555 1960 1502 11669 4608 4345 59311 3283
internal_count=134203 123861 7010 10342 116851 103415 6552 8382 100132 6836 5045 98628 77170 74972 13436 2198 5334 1779 1041 21458 74105 458 3555 1960 1502 11669 4608 4345 59311 3283
is_linear=0
shrinkage=0.005


Tree=40
num_leaves=31
num_cat=0
split_feature=9 39 46 68 45 85 174 90 65 102 207 240 174 90 141 254 32 31 187 46 90 78 181 47 80 20 67 117 181 109
split_gain=17.6915 8.68139 7.08647 6.57421 5.27557 6.62668 4.9523 4.13542 4.19253 3.68598 3.63035 2.53843 2.52894 2.98616 2.24535 2.1001 2.0266 1.9118 2.40762 1.9064 1.85396 1.68365 1.68449 1.63538 1.96175 1.58874 1.50403 1.40533 1.43876 1.40277
threshold=0.94230768084526073 -4.3644902706146231 -1.6428571343421934 -0.51498931646347035 -1.2788944840431211 4.1869037151336679 2.6426848173141484 0.81824815273284923 0.21117646992206576 1.2525492310523989 -1.4218399524688718 -0.360254555940628 0.82020363211631786 -0.71964725852012623 -2.2050768136978145 1.1878980994224551 0.92311805486679088 1.2222222089767458 -0.11700765788555144 1.214285731315613 0.57163676619529735 -1.2061764597892759 0.80508607625961315 0.6428571641445161 -1.3319151401519773 0.46534653007984167 2.6739131212234502 2.8564583063125615 0.63351979851722728 0.1834220960736275
decision_type=10 8 10 2 10 10 10 10 8 10 8 8 8 8 8 10 10 10 10 8 8 8 10 10 10 10 8 10 10 10
left_child=1 3 -2 -1 14 20 -7 8 9 11 -5 -3 13 -10 -4 16 19 18 -15 27 -6 -14 -23 24 -12 -20 -22 28 29 -13
right_child=2 7 4 10 5 6 -8 -9 12 -11 23 15 21 17 -16 -17 -18 -19 25 -21 26 22 -24 -25 -26 -27 -28 -29 -30 -31
leaf_value=0.00090335865484240648 0.00014379615368641198 -0.00032101177071849543 -0.00047925358194437476 0.00049663326926831328 -0.000357658110610401 -0.0014597566189083703 -0.00035688190685057686 -0.00018373426922168324 -0.00016667018176261074 0.00011350592032218496 0.000311905218536057 3.4293404736856787e-05 0.00032947362148226945 -7.3755876488712897e-06 3.6107048312164407e-05 -0.00021119305047806602 -0.00013796707010672898 -0.00019912122779345079 0.00012180596514106759 -0.00012329690467135471 -0.00035734560112684911 0.00010939203865762285 -8.5859691746491515e-05 0.00026725215139775072 1.4100128414585893e-05 1.3421799478647778e-05 -0.0001221159657463661 -0.00022379922916651766 -7.1494927903656516e-05 -1.9222460627990195e-05
leaf_weight=309 1323 701 234 704 3293 208 206 2766 1918 5366 660 27074 786 12561 1816 1393 3187 828 10240 3412 955 12098 1209 1321 3312 5065 2401 698 6062 22337
leaf_count=309 1323 701 234 704 3293 208 206 2766 1918 5366 660 27074 786 12561 1816 1393 3187 828 10240 3412 955 12098 1209 1321 3312 5065 2401 698 6062 22337
internal_value=1.71848e-07 1.68176e-05 -0.000197489 0.000197486 -0.000247142 -0.00031192 -0.000922984 7.12583e-06 1.17312e-05 -1.23566e-05 0.000160309 -2.27845e-05 4.95805e-05 2.40355e-05 -2.34991e-05 -1.94937e-05 -1.5215e-05 3.68271e-05 4.38904e-05 -8.62981e-06 -0.000273132 0.000105004 9.15894e-05 0.000115055 6.404e-05 8.59863e-05 -0.000189635 -1.64532e-06 1.16088e-06 1.00911e-05
internal_weight=134443 124007 10436 6306 9113 7063 414 117701 114935 70230 5997 64864 44705 30612 2050 64163 62770 28694 27866 59583 6649 14093 13307 5293 3972 15305 3356 56171 55473 49411
internal_count=134443 124007 10436 6306 9113 7063 414 117701 114935 70230 5997 64864 44705 30612 2050 64163 62770 28694 27866 59583 6649 14093 13307 5293 3972 15305 3356 56171 55473 49411
is_linear=0
shrinkage=0.005


Tree=41
num_leaves=31
num_cat=0
split_feature=9 39 46 68 45 85 63 90 256 102 207 38 6 162 34 31 66 172 102 66 204 34 221 33 114 31 80 80 141 38
split_gain=17.5163 8.59568 7.01626 6.50976 5.22313 6.56276 4.90388 4.09423 4.37043 3.62722 3.59437 2.91936 2.88974 2.58559 2.53341 2.49819 2.22383 2.19306 2.29187 1.99182 1.8447 1.8108 1.75768 1.81894 1.77873 1.75368 2.08319 1.75267 1.66373 1.61028
threshold=0.94230768084526073 -4.3644902706146231 -1.6428571343421934 -0.51498931646347035 -1.2788944840431211 4.1869037151336679 5.2310187816619882 0.81824815273284923 -0.52777779102325428 1.2525492310523989 -1.4218399524688718 2.3001639842987065 0.80375427007675182 1.4384356141090395 -0.73142302036285389 0.75925925374031078 -0.71912986040115345 -0.49149449169635767 -0.3523042351007461 -0.97598987817764271 -1.080601632595062 -1.1444876194000242 0.49751855432987219 0.97120743989944469 -1.0263159275054929 0.85185185074806224 -0.50452187657356251 -1.3760218024253843 1.8358228802680971 -0.068227574229240404
decision_type=10 8 10 2 10 10 10 10 8 10 8 10 10 8 10 8 10 8 10 8 8 10 8 10 8 10 8 10 10 10
left_child=1 3 -2 -1 16 13 -7 8 11 12 -5 15 17 -6 -14 29 -4 18 -10 -19 -21 -12 23 24 -22 -20 -27 -23 -26 -3
right_child=2 7 4 10 5 6 -8 -9 9 -11 21 -13 14 -15 -16 -17 -18 19 25 20 22 27 -24 -25 28 26 -28 -29 -30 -31
leaf_value=0.00089891378524076259 0.0001430798799147599 5.2724247211067879e-05 -0.000418330356516842 0.00049416761760115858 -9.2784394859461925e-05 -0.0014526291801775927 -0.00035513978267708675 -0.00018281725532999689 -0.00015723430246200582 0.00011149206705919133 0.0002903084916190214 -0.00022042625152146438 4.2074852768064534e-05 -0.00032634804320269415 -0.00037098465926062904 -3.4846189343156332e-05 4.4769153290327186e-05 -0.0002912000402426582 7.5496386080503425e-06 8.4905885929966718e-05 -0.00011732734359395435 0.00031203422690014119 6.3849725725798295e-05 -0.00019917724634490528 3.7378457420855225e-06 -0.00041930101249153424 -6.5764951308635696e-05 2.2593103499684011e-05 -0.00023517948327373873 0.00015195623925564095
leaf_weight=309 1323 6824 299 704 1559 208 206 2766 4398 6430 1144 793 577 5090 1021 3452 1751 559 9410 6859 3452 610 8818 1267 47561 527 1959 3539 735 10293
leaf_count=309 1323 6824 299 704 1559 208 206 2766 4398 6430 1144 793 577 5090 1021 3452 1751 559 9410 6859 3452 610 8818 1267 47561 527 1959 3539 735 10293
internal_value=1.70507e-07 1.67337e-05 -0.000196509 0.000196508 -0.000245916 -0.000310371 -0.000918483 7.08983e-06 1.16722e-05 -3.05557e-06 0.000159514 7.61939e-05 -1.15193e-05 -0.00027177 -0.000221861 8.77047e-05 -2.33858e-05 -7.57151e-06 -5.97554e-05 4.703e-06 7.13929e-06 0.000114484 -1.48527e-06 -1.23669e-05 -7.76456e-06 -2.36241e-05 -0.000141602 6.55924e-05 6.75256e-08 0.000112452
internal_weight=134443 124007 10436 6306 9113 7063 414 117701 114935 93573 5997 21362 87143 6649 1598 20569 2050 85545 16294 69251 68692 5293 61833 53015 51748 11896 2486 4149 48296 17117
internal_count=134443 124007 10436 6306 9113 7063 414 117701 114935 93573 5997 21362 87143 6649 1598 20569 2050 85545 16294 69251 68692 5293 61833 53015 51748 11896 2486 4149 48296 17117
is_linear=0
shrinkage=0.005


Tree=42
num_leaves=31
num_cat=0
split_feature=8 39 46 135 107 64 69 54 5 168 7 96 65 195 239 69 34 69 96 83 187 204 80 201 174 163 81 80 80 157
split_gain=15.164 8.72187 7.22265 5.51876 4.86956 6.38652 5.41608 5.71058 4.22574 3.98212 3.68809 3.86469 3.47853 3.32363 2.6183 2.63724 2.55909 2.36753 2.33493 2.23294 2.1345 2.10139 2.19875 1.87072 1.77846 1.60229 1.50434 3.16482 1.38374 1.32989
threshold=1.0724638104438784 -4.3644902706146231 -1.6428571343421934 -1.2731872200965879 0.19052014499902728 5.1882591247558603 -2.9921171665191646 -0.53571429848670948 1.466666638851166 0.42344214022159582 0.60641890764236461 -0.12251450121402739 0.63352942466735851 -1.7097816467285154 -0.079514916986227022 -2.1528594493865962 -1.1444876194000242 -2.2375191450119014 1.7559700012207033 2.343345165252686 -0.20652175694704053 0.71364304423332225 -0.50452187657356251 -0.35257618129253382 0.70068055391311657 -0.16204722225666043 -1.5958085656166074 -1.3319151401519773 1.6631399393081667 -0.48700454831123346
decision_type=10 8 10 8 10 10 10 2 10 8 10 10 8 8 10 10 10 10 8 10 10 10 8 8 8 10 10 10 8 8
left_child=1 3 -2 17 25 6 7 -6 9 10 13 -12 21 -3 24 -16 -5 -1 20 -18 29 -11 -23 -13 -15 -4 -10 -28 -22 -17
right_child=2 8 4 16 5 -7 -8 -9 26 12 11 23 -14 14 15 18 19 -19 -20 -21 28 22 -24 -25 -26 -27 27 -29 -30 -31
leaf_value=0.00094175255514988431 0.00014236717469150718 -0.0004088400989991298 -9.535725946318176e-06 0.00033685107099191188 -0.00040781013675441052 3.4985845464825907e-05 -0.00034761548740388663 -0.001416367254442116 -1.1089181212865337e-06 4.2038667878746455e-05 5.490280386145819e-05 -6.0256694980484125e-05 0.00015493436002866835 8.4940390282758253e-06 -0.00021532157940406128 -0.00015463168574037263 2.9788154667534815e-05 0.00036342514259451515 -0.00034729763801883101 0.00033608175816782692 6.1768086610523982e-06 -0.00061151612778677475 -7.0630148590090583e-05 -0.00025115105077962326 7.7629085913945973e-05 -0.00044688130763527798 -0.00090292581625755933 -0.0001916216951161178 0.00014057113861062884 -3.4624906208303573e-05
leaf_weight=296 1323 487 1952 1271 319 953 3956 257 259 20866 2434 2005 6999 33781 1820 2919 3560 468 530 711 14702 207 1706 3620 12844 230 243 440 2199 11086
leaf_count=296 1323 487 1952 1271 319 953 3956 257 259 20866 2434 2005 6999 33781 1820 2919 3560 468 530 711 14702 207 1706 3620 12844 230 243 440 2199 11086
internal_value=1.69206e-07 1.4391e-05 -0.000198135 0.000195535 -0.000257011 -0.000336449 -0.000414618 -0.000866986 4.7918e-06 7.46081e-06 -9.37576e-06 -0.000111313 5.74677e-05 8.46223e-07 3.3756e-06 -3.05094e-05 0.000140193 0.000592806 -1.97612e-05 8.12276e-05 -1.40729e-05 2.7471e-05 -0.00013086 -0.000183311 2.7556e-05 -5.67803e-05 -0.000327867 -0.000450141 2.37289e-05 -5.97193e-05
internal_weight=134443 125453 8990 6306 7667 5485 4532 576 119147 118205 88427 8059 29778 80368 79881 33256 5542 764 31436 4271 30906 22779 1913 5625 46625 2182 942 683 16901 14005
internal_count=134443 125453 8990 6306 7667 5485 4532 576 119147 118205 88427 8059 29778 80368 79881 33256 5542 764 31436 4271 30906 22779 1913 5625 46625 2182 942 683 16901 14005
is_linear=0
shrinkage=0.005


Tree=43
num_leaves=31
num_cat=0
split_feature=47 39 22 31 68 63 221 181 21 63 96 174 113 225 65 101 85 197 85 42 32 34 161 161 120 156 85 7 85 23
split_gain=13.2716 8.48216 6.73839 8.68419 6.42797 5.97758 4.69113 4.30273 4.64004 4.28111 4.20501 3.64452 4.03981 3.13007 3.09763 2.902 2.60402 2.37077 2.19323 2.0891 2.31897 1.90191 1.79644 1.65903 1.64287 1.52763 1.4748 1.46762 1.46095 1.42404
threshold=-1.2142857313156126 -4.3644902706146231 0.78155338764190685 -2.1481481790542598 -0.51498931646347035 6.5679845809936532 0.28879445791244512 0.69049984216690075 0.40033784508705145 -0.093115743249654756 1.0237910747528078 0.63958707451820385 -0.095291815698146806 -0.52184090018272389 0.94411766529083263 0.34940779209136968 1.9801276922225954 0.6973632574081422 3.291975855827332 -0.74275362491607655 0.92311805486679088 -1.1444876194000242 -0.33068239688873285 0.2031224146485329 0.56412723660469066 -0.17110778391361234 2.2074449062347417 1.1047297716140749 1.7667363286018374 0.97342994809150707
decision_type=8 8 10 10 2 10 10 10 10 8 10 10 10 8 10 8 10 10 10 8 10 10 10 8 10 10 8 10 10 8
left_child=2 4 5 16 -2 18 -5 8 9 10 15 12 24 28 23 19 -4 -9 -1 -3 29 -15 -22 -11 -10 -12 -23 -20 -6 -21
right_child=1 7 3 6 13 -7 -8 17 11 14 25 -13 -14 21 -16 -17 -18 -19 27 20 22 26 -24 -25 -26 -27 -28 -29 -30 -31
leaf_value=-0.00035475873896644537 0.00089254429052162325 -0.00014167544809821949 -0.0002826280665501676 -0.00027411631473802517 0.0002603980643975839 2.8420470410180971e-05 8.9293292795758288e-05 -6.4216597327338887e-05 -0.00025443598635101238 9.6263134294261444e-05 1.7474933155574221e-05 -0.00022982114115926777 2.0684173470662172e-05 0.0002884075235273871 0.00021940202619146238 0.00015257136928819415 -0.0008239548721629585 -0.00028505776776444622 -0.00048240047215304834 4.7998873108029257e-06 -0.00018366968704618486 1.2388063212511461e-05 3.6464194483634799e-05 2.6981512136255978e-05 -3.4971646180766523e-05 -0.00025618050581432814 0.00025548995753449778 -0.0010223669834526865 0.00069349027048063599 8.2470719466199563e-05
leaf_weight=2811 309 2482 1783 1074 482 986 5007 6225 2284 14517 667 2706 10406 1175 3112 3304 253 1510 347 32268 2634 3229 1421 21421 1371 2108 770 218 341 7222
leaf_count=2811 309 2482 1783 1074 482 986 5007 6225 2284 14517 667 2706 10406 1175 3112 3304 253 1510 347 32268 2634 3229 1421 21421 1371 2108 770 218 341 7222
internal_value=1.67689e-07 1.60641e-05 -0.000155101 -6.97677e-05 0.000194566 -0.000313517 2.48548e-05 6.31938e-06 1.44898e-05 2.85547e-05 -1.10031e-06 -6.19322e-05 -2.95167e-05 0.000157806 6.81325e-05 9.5514e-06 -0.000351994 -0.000107549 -0.000413426 -7.19729e-07 7.3184e-06 0.000111873 -0.000106455 5.49909e-05 -0.000172411 -0.000190312 5.95823e-05 -0.000698759 0.000443553 1.90258e-05
internal_weight=134443 121964 12479 8117 6306 4362 6081 115658 107923 91156 52106 16767 14061 5997 39050 49331 2036 7735 3376 46027 43545 5174 4055 35938 3655 2775 3999 565 823 39490
internal_count=134443 121964 12479 8117 6306 4362 6081 115658 107923 91156 52106 16767 14061 5997 39050 49331 2036 7735 3376 46027 43545 5174 4055 35938 3655 2775 3999 565 823 39490
is_linear=0
shrinkage=0.005


Tree=44
num_leaves=31
num_cat=0
split_feature=9 39 46 207 192 90 188 107 63 85 252 255 85 240 31 96 129 80 102 34 83 63 180 107 149 80 88 117 30 225
split_gain=17.0009 8.34384 6.82035 5.52264 4.06576 4.49715 4.11286 3.98487 4.83855 5.1182 4.71541 3.22979 3.22396 3.11764 2.77321 2.72132 2.30272 2.22058 2.16105 2.07023 2.55081 1.93963 1.84487 1.80317 2.43264 1.69442 1.51331 1.41876 1.68962 1.36811
threshold=0.94230768084526073 -4.3644902706146231 -1.6428571343421934 -1.4218399524688718 -0.38149812817573542 0.81824815273284923 0.76877254247665416 0.11070440337061883 6.5679845809936532 3.5255861282348637 1.115384638309479 -0.33928571641445154 2.0420763492584233 -0.35794189572334284 1.2222222089767458 1.3341150879859927 -0.37730300426483149 -1.0167198777198789 1.2525492310523989 -1.1444876194000242 2.343345165252686 -0.37741307914257044 0.46686764061450964 2.3159104585647587 0.2586801946163178 -1.1473127603530882 4.7894089221954355 2.8564583063125615 -0.47916667163372034 -0.10599694773554801
decision_type=10 8 10 8 8 10 10 10 10 10 2 10 10 8 10 10 8 10 10 10 10 10 10 10 8 10 8 10 10 8
left_child=1 3 -2 12 6 11 22 -4 9 16 -11 14 -1 -13 23 18 -9 -8 27 -5 -21 -17 25 24 -6 26 -3 28 -15 -30
right_child=2 4 7 19 5 -7 17 8 -10 10 -12 13 -14 15 -16 21 -18 -19 -20 20 -22 -23 -24 -25 -26 -27 -28 -29 29 -31
leaf_value=0.00033360113464272963 0.00014121323330020612 -0.00045916175991005727 -4.0109615748508732e-05 0.000321529843961659 4.0367104930058676e-05 -0.00018068712046662313 0.00044461783469565186 -0.00012351417707932472 2.8279084876763405e-05 -0.00043732325709606816 -0.0013084808187007559 -0.00031036374225789536 0.0010108204566851254 4.4956363804311052e-05 -0.00018093196194105755 2.4366288110530791e-05 -0.00035750444849925447 4.7329537344991846e-05 0.00010979670450843693 3.1946745036953581e-05 0.00035433221674202104 -0.00034081079580357271 5.2047120708084775e-05 -8.053006308702332e-05 0.00012687737750254703 -0.00011073766042598245 -3.5229142392769746e-05 -0.00022082956768132515 3.2556483896326666e-05 -3.315622367700169e-05
leaf_weight=478 1323 680 1929 1204 18856 2766 433 1436 986 443 244 783 284 18094 1139 583 4075 1814 5099 3604 736 948 1572 1896 14317 9687 309 698 11233 26794
leaf_count=478 1323 680 1929 1204 18856 2766 433 1436 986 443 244 783 284 18094 1139 583 4075 1814 5099 3604 736 948 1572 1896 14317 9687 309 698 11233 26794
internal_value=1.66606e-07 1.64843e-05 -0.000193597 0.000193605 6.98273e-06 1.80005e-05 -7.14099e-05 -0.00024231 -0.000296468 -0.000348192 -0.000754671 2.34859e-05 0.000591599 2.1889e-06 6.12467e-05 6.07803e-06 -0.000296792 0.000124927 1.1242e-05 0.000138329 8.70785e-05 -0.0002018 -0.000107507 6.91513e-05 7.77323e-05 -0.00013106 -0.000328056 2.37995e-06 5.18443e-06 -1.37301e-05
internal_weight=134443 124007 10436 6306 117701 103206 14495 9113 7184 6198 687 100440 762 64232 36208 63449 5511 2247 61918 5544 4340 1531 12248 35069 33173 10676 989 56819 56121 38027
internal_count=134443 124007 10436 6306 117701 103206 14495 9113 7184 6198 687 100440 762 64232 36208 63449 5511 2247 61918 5544 4340 1531 12248 35069 33173 10676 989 56819 56121 38027
is_linear=0
shrinkage=0.005


Tree=45
num_leaves=31
num_cat=0
split_feature=11 64 138 68 192 63 15 96 255 95 69 163 63 96 5 163 69 101 60 5 81 180 47 96 108 168 78 79 81 95
split_gain=16.6807 13.4402 7.39233 6.21462 4.54003 4.21181 3.80618 5.23049 4.5007 3.52342 3.40395 5.59469 3.30616 3.1192 2.87465 2.77315 2.41564 2.04741 2.02785 1.94877 1.92168 1.67279 1.59394 1.73869 1.69121 1.5732 1.84727 1.49799 1.46161 1.44963
threshold=0.84346503019332897 1.5040485858917239 -0.80282750725746144 -0.50078126788139332 -0.38149812817573542 7.1508271694183358 0.37847222387790685 -0.18385836482048032 -0.9107142686843871 -0.2148523926734924 -2.9921171665191646 -0.71490603685379017 -0.086459096521139131 1.3341150879859927 0.80000001192092907 0.54135274887084972 -2.7273360490798946 0.92221617698669445 7.5000000000000009 0.56666669249534618 -2.369918584823608 2.6102181673049931 -0.21428572386503217 1.0102026462554934 0.025973290205001835 1.7350925207138064 -1.4048465490341184 -2.2213071584701534 2.4654732942581181 0.71934622526168834
decision_type=10 10 10 2 8 10 8 10 8 10 10 10 10 10 10 10 8 10 2 10 10 10 8 10 2 10 10 10 10 10
left_child=1 4 5 -3 15 9 8 29 -6 -2 11 20 13 17 -9 25 -5 21 -4 -15 -11 22 28 24 -24 26 -1 -20 -10 -8
right_child=2 3 18 16 6 -7 7 14 12 10 -12 -13 -14 19 -16 -17 -18 -19 27 -21 -22 -23 23 -25 -26 -27 -28 -29 -30 -31
leaf_value=-0.00031393489672747107 -5.0217562994827269e-05 0.00094081735619792385 -0.00031974647934787138 0.00055028272564694772 0.0001634006410323173 8.272935968479684e-05 7.561097679009445e-05 -0.00014934123155629545 5.5664537179378508e-05 -1.7634921694121932e-05 -0.00031035156387897406 -0.0011867825270308891 6.5643377737187986e-05 -0.00030883909330083406 0.0001068256430989806 -0.00018105593923892826 0.00018546305745715158 0.00020145879178299429 0.00041074692203115371 2.2378864396257363e-05 -0.00059373717298680912 -0.00023657300473374176 0.00015479627122673699 -0.00020274931415896759 -1.2298979400702718e-05 0.00010781266940384371 -3.7016134317435842e-05 1.3250488593618664e-05 0.0004777669080758469 -3.3611193547505423e-05
leaf_weight=651 1064 332 425 520 6181 734 7363 9491 8003 249 4769 310 28346 1308 1232 4443 3555 1293 254 666 348 730 1585 1137 31729 1694 7495 2839 206 5158
leaf_count=651 1064 332 425 520 6181 734 7363 9491 8003 249 4769 310 28346 1308 1232 4443 3555 1293 254 666 348 730 1585 1137 31729 1694 7495 2839 206 5158
internal_value=-4.22126e-07 1.62389e-05 -0.000187005 0.000287217 6.16325e-06 -0.000275915 1.76036e-05 -3.87945e-05 3.37587e-05 -0.000315079 -0.000364553 -0.000645729 2.30581e-05 -2.80777e-06 -0.000119827 -7.74234e-05 0.000232757 5.78395e-06 1.86683e-06 -0.000197064 -0.000356426 -5.80755e-08 4.00471e-06 -1.0904e-05 -4.31195e-06 -3.05118e-05 -5.93869e-05 4.66649e-05 6.66022e-05 3.05818e-05
internal_weight=134110 123118 10992 4407 118711 7474 104428 23244 81184 6740 5676 907 75003 46657 10723 14283 4075 44683 3518 1974 597 43390 42660 34451 33314 9840 8146 3093 8209 12521
internal_count=134110 123118 10992 4407 118711 7474 104428 23244 81184 6740 5676 907 75003 46657 10723 14283 4075 44683 3518 1974 597 43390 42660 34451 33314 9840 8146 3093 8209 12521
is_linear=0
shrinkage=0.005


Tree=46
num_leaves=31
num_cat=0
split_feature=8 39 175 68 258 85 14 192 188 4 60 245 132 28 32 207 54 180 176 169 150 80 37 155 66 31 34 80 161 169
split_gain=14.7294 8.15608 7.17036 6.5672 4.15285 7.20642 3.9166 4.64013 4.01714 3.69037 3.79126 3.64901 3.1297 3.16036 3.0361 2.93389 2.57465 2.39516 2.22917 2.19014 2.16582 2.10007 2.09061 1.95546 1.7793 1.72555 1.69239 1.66634 1.51553 1.48105
threshold=1.0724638104438784 -4.3644902706146231 0.13488123565912249 -0.51498931646347035 0.48657718300819403 4.1869037151336679 0.49652777612209326 -0.38149812817573542 0.88982525467872631 0.32352942228317266 30.500000000000004 0.46792881190776831 0.25083751976490026 1.0000000180025095e-35 -0.47137227654457087 -0.86115562915801991 -0.35317461192607874 2.6102181673049931 -0.59910961985588063 -0.25745509564876551 -0.082374282181262956 -1.0167198777198789 0.24350579082965854 0.42561082541942602 -0.96536886692047108 1.2222222089767458 -1.1444876194000242 -0.53579112887382496 -0.27870295941829676 0.32077202200889593
decision_type=10 8 10 2 8 10 10 8 10 10 2 8 8 8 8 8 2 10 8 8 10 10 8 10 10 10 10 10 8 10
left_child=1 3 4 -1 -2 16 7 8 22 23 -11 12 14 20 24 -5 29 25 -18 -13 -14 -10 27 -8 -9 28 -17 -3 -16 -6
right_child=2 6 -4 15 5 -7 9 11 21 10 -12 19 13 -15 17 26 18 -19 -20 -21 -22 -23 -24 -25 -26 -27 -28 -29 -30 -31
leaf_value=0.0008929677433727885 4.3688205052047437e-05 -0.00017467881235189313 7.0006880451210589e-05 0.00042452987593430061 -0.00029421906311398276 -0.00097841845843091063 -0.00017382894957121452 -0.00024583583631460309 0.00046922472290236754 -0.00029718546117219212 -2.3248869988794576e-05 0.00017384004805927903 -3.1067469582259842e-05 -1.02462282760359e-05 0.00014891239121698886 0.00028356074727944658 -3.5011561303248016e-05 -0.00013716035708090859 -0.00029177088801092397 5.2529428124502089e-05 -0.00030854027013005623 5.7776011271981745e-05 -0.00017726026939156488 0.00010562423876132845 -9.0643315846908062e-06 -0.00016960395769246951 5.9895378304242846e-05 -1.5566770162139638e-06 6.2252802269463224e-05 -0.00056418320730103105
leaf_weight=310 904 1883 1963 842 1226 384 841 845 388 3007 2184 5410 1286 33164 6668 1066 1409 1362 2132 11977 1562 1499 5440 2397 12039 686 4091 5292 20942 911
leaf_count=310 904 1883 1963 842 1226 384 841 845 388 3007 2184 5410 1286 33164 6668 1066 1409 1362 2132 11977 1562 1499 5440 2397 12039 686 4091 5292 20942 911
internal_value=-4.20042e-07 1.3574e-05 -0.000196565 0.00018869 -0.000271753 -0.000318873 4.26823e-06 1.22027e-05 -7.11326e-05 -9.95808e-05 -0.000182162 2.48075e-05 1.02907e-05 -2.40011e-05 3.93301e-05 0.000151499 -0.000273358 6.71715e-05 -0.000189938 9.03433e-05 -0.000183698 0.000143658 -0.000103346 3.27321e-05 -2.47212e-05 7.70469e-05 0.000106456 -4.71503e-05 8.3223e-05 -0.000410586
internal_weight=134110 125181 8929 6309 6966 6062 118872 110443 14502 8429 5191 95941 78554 36012 42542 5999 5678 29658 3541 17387 2848 1887 12615 3238 12884 28296 5157 7175 27610 2137
internal_count=134110 125181 8929 6309 6966 6062 118872 110443 14502 8429 5191 95941 78554 36012 42542 5999 5678 29658 3541 17387 2848 1887 12615 3238 12884 28296 5157 7175 27610 2137
is_linear=0
shrinkage=0.005


Tree=47
num_leaves=31
num_cat=0
split_feature=9 64 175 68 90 69 45 255 85 90 256 69 38 156 254 254 137 132 186 33 24 234 201 60 60 85 141 132 164 29
split_gain=16.7974 7.73561 6.73486 6.70935 4.80021 4.88344 5.41083 4.51936 4.49779 3.85077 3.79405 3.01376 2.66608 2.51694 2.57499 2.43005 2.60143 2.37952 2.14605 2.12521 1.76544 1.77964 1.62492 1.59248 2.49679 1.57595 1.56822 1.54965 2.00204 1.69359
threshold=0.94230768084526073 1.3481781482696535 0.13488123565912249 -0.50078126788139332 -0.87807902693748463 -2.9921171665191646 -1.1658291220664976 1.2321428656578066 4.1869037151336679 0.81824815273284923 3.7007432742450314e-15 -2.7273360490798946 2.3001639842987065 -0.45276945829391474 1.1878980994224551 0.041401274502277381 0.17792366445064547 0.12483253329992296 1.0990182757377627 0.9389932155609132 -0.49182152748107905 -0.13058092445135114 -0.35257618129253382 13.500000000000002 25.500000000000004 0.99582788348197948 1.8358228802680971 0.25083751976490026 1.3953396677970888 -0.72456529736518849
decision_type=10 10 10 2 10 10 10 10 10 10 10 8 10 8 10 8 10 8 10 10 10 8 10 2 2 10 10 8 10 8
left_child=1 9 4 18 -2 6 -6 11 -8 10 12 -5 15 22 19 16 17 -1 -3 26 21 -7 -12 -17 -25 -22 27 29 -29 -15
right_child=2 3 -4 7 5 20 8 -9 -10 -11 13 -13 -14 14 -16 23 -18 -19 -20 -21 25 -23 -24 24 -26 -27 -28 28 -30 -31
leaf_value=9.8523911078918423e-05 -2.9211990657845973e-06 0.00043151632472290656 6.9657735269959447e-05 0.00054895212756724096 -0.0002384228152084333 -0.00013172614995417013 -0.00052409549840700092 -0.00010330159494622994 -0.0015372186023650456 -0.0001765956444949283 -0.00026232869125269033 0.00016334642968655709 -0.00020649944174151727 -0.00015011785236014591 -0.00022775922887257986 7.2090741019962523e-05 0.0001425882894607949 -4.4585455372155446e-06 0.0011262609305106601 -0.0001788051431097014 -7.2995301916718394e-05 -0.00032560535239465406 -5.748690659511121e-05 -0.0001132875563527213 1.6019227470502561e-05 -0.00052925953356728521 -0.00025231501744650493 -1.5288002244533654e-05 -0.00034052576577277873 4.765471843337187e-05
leaf_weight=10381 1543 259 1963 571 405 2689 229 1514 224 2809 1625 4413 1094 1139 1321 7230 9239 12176 210 1679 243 2145 2414 4854 16093 927 593 23792 478 19858
leaf_count=10381 1543 259 1963 571 405 2689 229 1514 224 2809 1625 4413 1094 1139 1321 7230 9239 12176 210 1679 243 2145 2414 4854 16093 927 593 23792 478 19858
internal_value=-4.18217e-07 1.57786e-05 -0.00019369 0.000177569 -0.000255259 -0.000311884 -0.000664444 0.000135468 -0.00103747 6.11443e-06 1.06298e-05 0.00020813 3.74819e-05 -2.03597e-05 -1.04257e-05 4.19576e-05 7.19174e-05 4.29244e-05 0.00075225 -4.35268e-06 -0.000260908 -0.000218107 -0.000140246 8.12539e-06 -1.39408e-05 -0.000435636 2.04217e-06 5.4128e-06 -2.1783e-05 3.68694e-05
internal_weight=134110 123742 10368 6967 8405 6862 858 6498 453 116775 113966 4984 61067 52899 48860 59973 31796 22557 469 47539 6004 4834 4039 28177 20947 1170 45860 45267 24270 20997
internal_count=134110 123742 10368 6967 8405 6862 858 6498 453 116775 113966 4984 61067 52899 48860 59973 31796 22557 469 47539 6004 4834 4039 28177 20947 1170 45860 45267 24270 20997
is_linear=0
shrinkage=0.005


Tree=48
num_leaves=31
num_cat=0
split_feature=9 39 46 45 85 85 135 65 15 132 257 95 39 195 34 60 107 129 257 221 119 95 54 34 3 117 69 108 85 15
split_gain=16.6314 7.80486 6.67851 4.85165 8.83228 4.67184 3.91086 3.60743 2.93292 5.09103 3.90403 4.15779 2.93441 2.94017 2.84393 2.70887 2.60787 2.46509 2.29916 2.12812 1.94688 1.87536 1.80672 1.69067 1.82685 1.92552 1.66857 1.66058 1.63004 1.76169
threshold=0.94230768084526073 -4.3644902706146231 -1.6428571343421934 -1.1658291220664976 4.1869037151336679 2.121915459632874 -1.1802642345428465 0.78882354497909557 0.41493055224418646 0.21285586804151538 0.30701753497123724 0.71934622526168834 0.81597399711608898 -1.5974230170249937 -1.1444876194000242 25.500000000000004 -0.65334093570709217 -0.37730300426483149 0.81578949093818676 0.20886946469545367 0.45182567834854132 3.441867589950562 0.42460317909717565 0.55925205349922191 -1.5562884807586668 2.8564583063125615 -1.026388883590698 -0.36296941339969629 1.7667363286018374 0.010416667093522848
decision_type=10 8 10 10 10 8 8 8 10 8 8 10 8 8 8 2 8 8 10 8 10 10 2 10 8 10 10 2 10 8
left_child=1 5 -2 15 17 14 -7 8 9 16 -10 27 13 -11 -1 -4 -3 -5 -15 -9 -14 -17 -21 24 -18 28 -19 -12 -26 -30
right_child=2 7 3 4 -6 6 -8 19 10 12 11 -13 20 18 -16 21 23 26 -20 22 -22 -23 -24 -25 25 -27 -28 -29 29 -31
leaf_value=0.00031966818453321526 0.00013799334421628066 0.00015435001593311402 -0.00033884439885730887 -0.00010481597990037946 -0.0011892355571691384 0.00095616936586333191 0.00030403189963124468 1.1132733623573314e-05 -0.00030304260972635144 -0.00035157223482717352 6.6535676280960593e-05 -0.00018186107235251882 -0.00024382142852913069 -9.9959020635605349e-06 4.0295224380863309e-05 3.6493331335040534e-06 -0.00015331856822157423 -0.00047871767040499435 -0.00031906554094606208 8.1609681658921797e-05 5.6569064551736344e-06 -0.0004823142423892337 0.00023761078877587171 -5.7012713768691784e-05 4.8920693296882339e-05 -0.00021712334006217794 -0.00025903441630765095 -0.00013030627399798447 0.00051090053006162632 8.7365791921019796e-05
leaf_weight=1217 1326 4766 948 1317 286 284 1200 7693 1658 653 5612 3522 2545 40348 3608 2719 1138 1611 606 7070 1122 209 2526 4832 30322 655 1952 1318 395 652
leaf_count=1217 1326 4766 948 1317 286 284 1200 7693 1658 653 5612 3522 2545 40348 3608 2719 1138 1611 606 7070 1122 209 2526 4832 30322 655 1952 1318 395 652
internal_value=-4.16822e-07 1.56997e-05 -0.000192731 -0.000241336 -0.00034165 0.000186952 0.000431962 6.48752e-06 -5.02351e-06 5.00856e-06 -7.79652e-05 -4.20855e-05 -3.19357e-05 -1.99617e-05 0.000111122 -0.000107239 4.41358e-05 -0.000290707 -1.46198e-05 7.31746e-05 -0.000167448 -3.16313e-05 0.000122829 3.02788e-05 4.30197e-05 5.00352e-05 -0.000359035 2.89597e-05 5.56632e-05 0.000249296
internal_weight=134110 123742 10368 9042 5166 6309 1484 117433 100144 88034 12110 10452 45274 41607 4825 3876 42760 4880 40954 17289 3667 2928 9596 37994 33162 32024 3563 6930 31369 1047
internal_count=134110 123742 10368 9042 5166 6309 1484 117433 100144 88034 12110 10452 45274 41607 4825 3876 42760 4880 40954 17289 3667 2928 9596 37994 33162 32024 3563 6930 31369 1047
is_linear=0
shrinkage=0.005


Tree=49
num_leaves=31
num_cat=0
split_feature=10 29 85 39 68 107 15 255 192 46 163 63 48 63 111 90 15 163 95 133 155 225 85 107 65 141 64 39 168 85
split_gain=12.0516 10.691 9.62307 7.63412 7.5818 5.04432 3.93472 5.37486 4.98011 3.53242 3.45941 3.3019 3.07837 2.93929 2.7305 2.63445 2.49008 2.39953 2.38992 1.91317 1.79072 1.71059 1.64804 1.55642 1.52644 1.50947 1.47614 1.45501 1.41662 1.43531
threshold=0.97523221373558056 -0.3314970582723617 4.1869037151336679 -4.3644902706146231 -0.51498931646347035 0.11070440337061883 0.37847222387790685 -0.9107142686843871 -0.38149812817573542 -0.50000001490116108 -0.56309732794761647 -0.086459096521139131 -0.20312499999999997 -0.44423618912696833 -1.0106379389762876 0.13252437859773639 0.50694444775581371 0.56591966748237621 0.44497686624526983 -0.21469053626060483 0.30663497745990759 0.29035544395446783 0.32478955388069158 -0.67230528593063343 0.54764705896377575 1.552189886569977 1.2206478118896487 -5.5546431541442862 2.1970493793487553 1.5913056135177615
decision_type=10 10 10 8 2 10 10 8 8 10 8 10 10 10 10 10 10 10 10 8 10 10 10 8 10 10 10 10 10 8
left_child=3 -2 5 4 -1 26 7 22 17 16 18 12 13 -10 -6 19 -8 28 -11 -14 -12 -17 -5 -13 -25 -7 -3 -16 29 -9
right_child=1 2 -4 6 14 25 9 8 11 10 20 23 15 -15 27 21 -18 -19 -20 -21 -22 -23 -24 24 -26 -27 -28 -29 -30 -31
leaf_value=0.0010152747722387083 3.6192307504770977e-05 -0.00020601242424130622 -0.0011607084599023578 9.8065432462483227e-05 0.00046013134001427278 -0.00039614922869383513 -0.00010004937953774734 -4.1081070577082165e-05 6.4590056108120218e-06 8.8791909956129514e-05 -0.00024951226057647437 0.00017611183239108386 5.0422060171646826e-05 0.00014223676602947069 0.00033530811362167395 -0.00010621940201346632 -0.00033553581724073313 -0.00018939729715831521 -5.417240290336003e-05 -6.4832678927416259e-05 4.0752550567384332e-05 -0.00034431646471230683 0.00026171026661192992 3.8617202678192344e-05 0.00015992804623537728 -0.00010620180768005455 9.5114208311968218e-05 7.5717267232818658e-05 0.00014109866454826666 -0.00027094004425664545
leaf_weight=262 3769 681 307 5310 628 3310 3990 8104 23464 6010 2094 2766 5730 4799 619 3145 1567 3748 5679 9659 706 996 2179 24324 2903 530 994 4138 961 738
leaf_count=262 3769 681 307 5310 628 3310 3990 8104 23464 6010 2094 2766 5730 4799 619 3145 1567 3748 5679 9659 706 996 2179 24324 2903 530 994 4138 961 738
internal_value=-4.15083e-07 -0.000171156 -0.000305389 1.27384e-05 0.000192281 -0.000256677 4.19736e-06 1.71577e-05 6.58974e-06 -5.966e-05 -1.84962e-05 2.20059e-05 -3.79163e-06 2.95526e-05 0.000151242 -5.20668e-05 -0.000166785 -8.18414e-05 1.92977e-05 -2.18834e-05 -0.000176204 -0.000163954 0.000145889 6.3124e-05 5.1597e-05 -0.000356451 -2.72651e-05 0.000109918 -4.05927e-05 -6.04651e-05
internal_weight=134110 9591 5822 124519 5647 5515 118872 98826 91337 20046 14489 77786 47793 28263 5385 19530 5557 13551 11689 15389 2800 4141 7489 29993 27227 3840 1675 4757 9803 8842
internal_count=134110 9591 5822 124519 5647 5515 118872 98826 91337 20046 14489 77786 47793 28263 5385 19530 5557 13551 11689 15389 2800 4141 7489 29993 27227 3840 1675 4757 9803 8842
is_linear=0
shrinkage=0.005


Tree=50
num_leaves=31
num_cat=0
split_feature=9 63 34 175 90 81 90 256 102 42 85 254 96 90 161 63 258 257 85 161 54 108 42 85 187 105 85 81 62 161
split_gain=16.2507 6.20483 6.17023 6.02274 4.35014 4.47325 3.98956 4.2665 3.68879 3.54931 3.23904 2.88417 2.87603 2.74717 2.88224 2.34805 2.31133 2.18818 2.05685 1.78926 3.07679 2.54238 1.89994 1.7861 1.88547 1.72795 1.48055 1.47003 1.46661 1.45095
threshold=0.94230768084526073 5.9187617301940927 -1.1444876194000242 0.16556137055158618 -0.87807902693748463 -3.0844295024871822 0.79219499230384838 -0.52777779102325428 1.2525492310523989 0.63768115639686596 2.0420763492584233 1.1878980994224551 1.6235568523406985 -0.70237588882446278 -0.068230304867029176 -0.10449327901005744 -0.53355702757835377 0.81578949093818676 1.0205492973327639 -0.40418976545333857 -0.23412698507308957 0.084380574524402632 -0.74275362491607655 3.5255861282348637 -0.22953963279724118 -2.1928437948226924 0.33439885079860693 3.0483018159866337 1.9727272987365725 -0.62144666910171498
decision_type=10 10 8 10 10 10 10 8 10 10 10 10 10 8 8 10 10 10 10 8 2 2 8 8 8 10 8 10 10 8
left_child=1 2 -1 4 -2 -6 7 12 11 28 -3 13 16 14 -9 17 26 19 -11 20 21 -15 -21 24 -16 -20 -4 -24 -7 -18
right_child=3 10 6 -5 5 9 -8 8 -10 18 -12 -13 -14 15 23 -17 29 -19 25 22 -22 -23 27 -25 -26 -27 -28 -29 -30 -31
leaf_value=0.00034133988006937005 -1.011655947738821e-05 0.00015508021442583081 0.00012764572191247128 6.9820545163121778e-05 -0.001026759263264774 -0.00025550835781575255 -0.00016293380734503442 9.6662723340403895e-05 0.00011791898648513069 -7.2526723974064458e-05 0.00070180255866765398 -0.00021806450428518755 -0.00034271327320990286 6.3309309271891991e-05 -0.000322413082237105 3.4838358153806642e-05 -0.00022687963153893918 -0.00029406015800694375 -0.00041809869078096498 -0.00013466146527880857 3.2807062674035205e-05 -0.00018812081225559135 7.9686997009293516e-06 -0.0005663268339950317 -8.4687281605206612e-05 -0.00080519129071331705 0.00034048180404323467 0.00039593261761979004 -3.8409783823296068e-05 6.7658898590372299e-05
leaf_weight=1406 1588 652 2537 1824 202 4235 3286 1417 6129 249 467 1612 396 1236 1062 33878 423 710 762 2398 4228 5273 34125 250 3902 496 1218 241 962 17248
leaf_count=1406 1588 652 2537 1824 202 4235 3286 1417 6129 249 467 1612 396 1236 1062 33878 423 710 762 2398 4228 5273 34125 250 3902 496 1218 241 962 17248
internal_value=1.16206e-07 1.59758e-05 1.2591e-05 -0.000190493 -0.000246459 -0.000300686 8.77084e-06 1.35518e-05 -7.27199e-07 -0.000277985 0.000385799 -8.78892e-06 7.66789e-05 -4.96878e-06 -0.000102825 2.93556e-06 8.45317e-05 -1.94735e-05 -0.000491736 -1.53282e-05 -7.20967e-05 -0.000140288 1.24506e-06 -0.000157176 -0.00013592 -0.0005737 0.000197177 1.07611e-05 -0.000215494 6.05179e-05
internal_weight=134412 124094 122975 10318 8494 6906 121569 118283 96461 6704 1119 90332 21822 88720 6631 82089 21426 48211 1507 47501 10737 6509 36764 5214 4964 1258 3755 34366 5197 17671
internal_count=134412 124094 122975 10318 8494 6906 121569 118283 96461 6704 1119 90332 21822 88720 6631 82089 21426 48211 1507 47501 10737 6509 36764 5214 4964 1258 3755 34366 5197 17671
is_linear=0
shrinkage=0.005


Tree=51
num_leaves=31
num_cat=0
split_feature=9 39 175 68 29 85 65 15 168 95 47 69 96 198 175 34 31 45 35 44 174 65 95 114 62 44 45 85 67 174
split_gain=16.0897 6.77929 5.9631 5.00785 3.6489 9.2103 3.51769 3.84219 3.73499 3.17145 3.09755 2.91171 2.83148 2.92727 3.57795 2.49762 2.31461 2.228 2.02316 1.92966 1.87799 1.80663 1.77866 1.65713 1.64355 1.54907 1.90606 1.80958 1.50157 1.3971
threshold=0.94230768084526073 -4.3644902706146231 0.16556137055158618 -0.51498931646347035 -0.3314970582723617 4.1869037151336679 0.21117646992206576 0.49652777612209326 0.40469767153263098 -0.2148523926734924 0.21428572386503222 -2.6205701828002925 1.3341150879859927 0.30585910379886633 -0.3760825097560882 -1.1444876194000242 0.50000000000000011 0.42462311685085302 0.04071499593555928 0.42249999940395361 -0.59549936652183522 0.52176469564437877 0.6065577268600465 -0.72705024480819691 5.0272727012634286 -0.12249999865889548 0.11055276542901994 2.0420763492584233 4.1956522464752206 0.70068055391311657
decision_type=10 8 10 2 10 10 8 8 8 10 8 10 10 10 8 10 10 10 10 10 8 10 10 10 10 10 10 8 10 8
left_child=1 3 4 -1 24 9 7 12 16 -6 -9 -5 13 20 -15 -13 29 -10 -14 -16 -3 -11 -12 -18 -2 26 -22 -27 -4 -8
right_child=2 6 28 11 5 -7 8 10 17 21 22 15 18 14 19 -17 23 -19 -20 -21 25 -23 -24 -25 -26 27 -28 -29 -30 -31
leaf_value=0.00082652740015289592 -0.00016975683833766856 0.00011214949760345787 -0.00010429372999241948 0.00042615815914035925 -4.0788319647794097e-05 -0.0011783922798501369 1.106420422569856e-05 -0.00024662330063050287 8.0294585132208786e-05 -0.00039290128525182116 7.046052452815046e-05 0.00029585523096350546 -0.00034931693178342821 -0.00017799882789756489 -6.9012600338201293e-05 3.9725598883166701e-05 -0.00020113367909080183 0.00024429352677032899 -4.6285873058843721e-05 1.9438800314941901e-05 -1.7411113304626189e-06 -0.00011740002625583291 -0.00021213958090328275 -2.2771836191632357e-05 0.0001063244875984442 4.5362565813759686e-05 -0.00020555460099575023 0.00039898571434047515 0.00018715024946238824 9.1817290716543021e-05
leaf_weight=278 2446 6352 735 795 1140 294 14596 3076 10544 3184 1868 1252 972 3731 9686 3955 1531 2582 1277 16936 12465 745 787 8637 685 12674 1259 368 1089 8473
leaf_count=278 2446 6352 735 795 1140 294 14596 3076 10544 3184 1868 1252 972 3731 9686 3955 1531 2582 1277 16936 12465 745 787 8637 685 12674 1259 368 1089 8473
internal_value=1.15064e-07 1.58959e-05 -0.000189548 0.000175901 -0.000245236 -0.000324433 7.35559e-06 -1.46471e-05 4.12732e-05 -0.000273692 -0.000138753 0.000145019 -3.80735e-06 2.36914e-06 -3.30882e-05 0.000101632 1.30479e-05 0.000112673 -0.00017796 -1.2731e-05 3.48814e-05 -0.000341005 -1.33616e-05 -4.97627e-05 -0.000109123 1.65082e-05 -2.05428e-05 5.5528e-05 6.94724e-05 4.07591e-05
internal_weight=134412 124094 10318 6280 8494 5363 117814 71451 46363 5069 5731 6002 65720 63471 30353 5207 33237 13126 2249 26622 33118 3929 2655 10168 3131 26766 13724 13042 1824 23069
internal_count=134412 124094 10318 6280 8494 5363 117814 71451 46363 5069 5731 6002 65720 63471 30353 5207 33237 13126 2249 26622 33118 3929 2655 10168 3131 26766 13724 13042 1824 23069
is_linear=0
shrinkage=0.005


Tree=52
num_leaves=31
num_cat=0
split_feature=9 64 29 85 68 192 107 90 119 78 254 65 67 163 96 8 102 96 65 68 64 66 181 181 16 75 80 215 64 138
split_gain=15.93 6.70777 5.7754 9.61735 5.44394 4.80078 4.70541 4.40357 4.01932 3.39512 3.36232 2.72518 2.56272 2.43719 2.42967 2.32741 2.63326 2.78515 2.07082 2.06868 2.04945 1.96474 1.81269 1.53638 1.50552 1.50497 1.42938 1.38289 1.38057 1.3662
threshold=0.94230768084526073 1.3481781482696535 -0.3314970582723617 4.1869037151336679 -0.50078126788139332 -0.3943690806627273 0.11070440337061883 0.79219499230384838 2.7050738334655766 -1.276531934738159 1.1878980994224551 0.78882354497909557 4.3695652484893808 0.54135274887084972 1.6840329170227053 0.74202898144721996 1.2525492310523989 1.0237910747528078 0.47588235139846807 -0.28026372194290156 -0.22469635307788846 -0.96536886692047108 0.19757834821939471 -1.7545575499534605 0.37868852913379675 -1.6709088683128355 4.992124319076539 1.3607130050659182 1.1639676094055178 -0.31125995516777033
decision_type=10 10 10 10 2 8 10 10 10 8 10 8 10 10 10 8 10 8 10 2 10 10 10 8 10 10 10 10 10 10
left_child=1 5 12 6 -3 13 28 10 9 -6 11 14 -2 -1 15 16 17 21 -8 -10 -13 -7 -11 -23 -25 -14 -17 -22 -4 -15
right_child=2 4 3 -5 8 7 18 -9 19 22 -12 20 25 29 -16 26 -18 -19 -20 -21 27 23 -24 24 -26 -27 -28 -29 -30 -31
leaf_value=-3.5838985988924558e-05 -0.00019955173988771426 0.0006982930875282648 -0.00026007326577234135 -0.0011474131717196866 0.00047484338961392724 -0.00023258039648131336 -0.00039577008304629113 -0.00016186723209987594 -0.00064182020792813855 7.125501250967607e-05 -0.00021231699916299723 4.6101412716886374e-06 0.00031545225989123031 -0.00039872942230284911 -0.00025972653601729115 7.2140323368485997e-05 0.00010935064993885928 -0.00016742272781121884 -0.00012213898019269829 -2.4843277486736402e-06 0.00015369076532761419 0.00010881452499747818 0.00029925980150784129 1.548788413779857e-05 -4.6468551080198438e-05 -4.3727510224774008e-06 0.000408003056890037 -7.7754128919915855e-06 6.5194739371962133e-05 -0.00014452188005600753
leaf_weight=8626 1701 446 436 305 771 853 3116 3286 229 4123 1478 4870 437 621 784 12610 5840 2428 903 279 8729 3578 1106 45438 12497 2174 321 1556 1246 3625
leaf_count=8626 1701 446 436 305 771 853 3116 3286 229 4123 1478 4870 437 621 784 12610 5840 2428 903 279 8729 3578 1106 45438 12497 2174 321 1556 1246 3625
internal_value=1.14344e-07 1.58167e-05 -0.000188605 -0.000288793 0.000166638 6.85219e-06 -0.000241804 1.81039e-05 0.000129619 0.000165878 2.39729e-05 2.74982e-05 -4.87685e-05 -8.42234e-05 1.63969e-05 1.90088e-05 7.70834e-06 -1.45288e-06 -0.000334642 -0.00029511 8.92264e-05 5.01346e-06 0.000119816 8.33494e-06 2.11194e-06 4.94655e-05 8.06709e-05 0.000129222 -1.93442e-05 -0.000182244
internal_weight=134412 124094 10318 6006 6954 117140 5701 104268 6508 6000 100982 99504 4312 12872 84349 83565 70634 64794 4019 508 15155 62366 5229 61513 57935 2611 12931 10285 1682 4246
internal_count=134412 124094 10318 6006 6954 117140 5701 104268 6508 6000 100982 99504 4312 12872 84349 83565 70634 64794 4019 508 15155 62366 5229 61513 57935 2611 12931 10285 1682 4246
is_linear=0
shrinkage=0.005


Tree=53
num_leaves=31
num_cat=0
split_feature=11 64 175 90 81 192 90 83 254 26 222 96 256 192 113 132 96 66 78 162 64 19 63 174 111 161 117 67 15 28
split_gain=15.6282 11.5135 5.48279 4.20105 4.13523 4.0465 4.32376 3.36076 3.30546 3.16366 2.97605 2.65899 2.71665 2.51481 2.26904 2.07989 2.41189 2.05835 2.04524 1.87693 1.85877 1.83565 1.70764 1.67814 1.64084 1.54499 1.47715 1.4768 1.29731 1.29064
threshold=0.84346503019332897 1.5040485858917239 0.16556137055158618 -0.91295009851455677 -3.0844295024871822 -0.3943690806627273 0.79219499230384838 2.8926692008972172 1.1878980994224551 -0.51976743340492237 0.48050196468830114 1.6840329170227053 -0.52777779102325428 0.68948403000831615 0.87801137566566478 0.26934660971164709 1.0102026462554934 -0.97598987817764271 -1.4048465490341184 1.9724493622779848 -0.091093115508556352 0.13725490868091586 -0.19513839483261106 0.14856661856174472 -0.058936825022101395 0.2031224146485329 2.8564583063125615 4.1956522464752206 0.50694444775581371 -0.24284232407808301
decision_type=10 10 10 10 10 8 10 10 10 10 10 10 8 8 10 8 10 8 10 10 8 10 10 10 10 8 10 10 10 10
left_child=1 5 3 -2 -5 10 8 19 11 14 22 12 13 20 -6 17 -17 -14 -12 -3 -7 25 -1 -20 -9 -19 -23 -4 -8 -18
right_child=2 7 27 4 9 6 28 24 -10 -11 18 -13 15 -15 -16 16 29 21 23 -21 -22 26 -24 -25 -26 -27 -28 -29 -30 -31
leaf_value=-0.00019504455676100585 -1.1764066191850816e-05 0.00011159927230906679 -0.00010304644247141639 -0.00096026536450100888 -0.00034445226603270062 7.432955506900065e-05 -0.00011327483196029269 0.0009859887413254428 -0.00021125899288694579 -0.00045567454305499647 -0.00046517270858956698 -0.00021953155029267677 -0.00026453170002771579 -1.2413458492465752e-06 -0.00013063511849544546 -6.7708925244468967e-07 4.1727384791970404e-05 0.00014009345700324727 -0.00020071660544831492 0.00033438593309196635 0.00019696406008678076 2.6158946986437864e-05 5.2974687376481206e-05 -5.0116947434548776e-05 0.00040640245283144133 3.6448595756733016e-05 -0.00021261540932112358 0.00018598095364945257 -0.00037016913138063575 -0.00023840718252435942
leaf_weight=812 1774 2050 735 215 1900 8040 2683 207 1478 1631 443 1081 542 6083 3629 35317 538 7435 3318 1777 5046 27511 4595 4209 331 6999 658 1089 603 1683
leaf_count=812 1774 2050 735 215 1900 8040 2683 207 1478 1631 443 1081 542 6083 3629 35317 538 7435 3318 1777 5046 27511 4595 4209 331 6999 658 1089 603 1683
internal_value=1.13355e-07 1.61945e-05 -0.000180668 -0.000230564 -0.000283083 6.93921e-06 1.73133e-05 0.000268259 2.30491e-05 -0.000262023 -7.49693e-05 2.64954e-05 2.91748e-05 8.26791e-05 -0.000204447 1.64525e-05 -1.07527e-05 4.01323e-05 -0.000136373 0.000215478 0.000121713 4.40506e-05 1.54901e-05 -0.000116659 0.00063735 8.99011e-05 2.05269e-05 6.92776e-05 -0.000161059 -0.000170383
internal_weight=134412 123439 10973 9149 7375 119074 105697 4365 102411 7160 13377 100933 99852 19169 5529 80683 37538 43145 7970 3827 13086 42603 5407 7527 538 14434 28169 1824 3286 2221
internal_count=134412 123439 10973 9149 7375 119074 105697 4365 102411 7160 13377 100933 99852 19169 5529 80683 37538 43145 7970 3827 13086 42603 5407 7527 538 14434 28169 1824 3286 2221
is_linear=0
shrinkage=0.005


Tree=54
num_leaves=31
num_cat=0
split_feature=9 39 46 68 45 85 63 90 256 69 90 254 24 34 96 254 33 63 254 168 40 22 31 109 141 85 54 27 96 24
split_gain=15.6176 6.58073 5.80848 4.90577 4.70969 7.4275 4.91989 3.80008 4.01844 2.85548 2.68398 2.63662 2.58145 2.43769 2.35673 2.44977 2.20783 2.16739 2.36385 2.04548 1.83399 1.79729 1.87586 1.57736 1.42862 1.31696 1.31623 1.31326 1.86491 1.5639
threshold=0.94230768084526073 -4.3644902706146231 -1.6428571343421934 -0.51498931646347035 -1.2788944840431211 4.1869037151336679 5.2310187816619882 0.79219499230384838 3.7007432742450314e-15 -2.6205701828002925 -0.69399508833885182 1.1878980994224551 0.37238259613513952 -1.1444876194000242 1.7559700012207033 0.041401274502277381 0.9389932155609132 -0.11157863959670065 -0.75477707386016835 6.890730857849122 -0.10457121580839156 0.78155338764190685 -2.0555555820465083 -0.11935039982199667 1.8358228802680971 0.33439885079860693 0.74206349253654491 0.0098980204202234762 1.0761528611183169 -0.95134130120277394
decision_type=10 8 10 2 10 10 10 10 10 10 10 10 10 10 10 8 10 8 10 10 8 10 10 10 10 10 2 8 10 8
left_child=1 3 -2 -1 19 21 -7 8 14 -5 12 16 -10 -11 15 17 24 18 -3 -4 -19 -6 -23 -17 27 -22 -25 -12 29 -29
right_child=2 7 4 9 5 6 -8 -9 10 13 11 -13 -14 -15 -16 23 -18 20 -20 -21 25 22 -24 26 -26 -27 -28 28 -30 -31
leaf_value=0.00081726428576066703 0.0001291016022137556 7.6508462397727292e-05 4.858422451377867e-05 0.00042114878891101403 -0.00033989727435927095 -0.0014882471594868951 -0.00039773317036270679 -0.00016025826156354693 -0.00033080846709622268 0.00029165097251618571 3.9981716980349869e-05 -0.00022996269188659034 -6.0570383894927299e-05 3.861305611931543e-05 -0.00030383259545096824 4.7362331233622844e-05 -0.00017874532392113011 4.9887201772835641e-05 -4.6966094881803773e-05 -0.00040131677466420548 0.00011832537134383009 -0.000280794836726314 -5.0561446751270234e-05 -4.8747468540170169e-05 -0.00024134649973909917 0.00024690158185972755 8.3835460942003777e-05 -0.00022492734553279743 -0.00016205615487207618 3.4547382979102433e-06
leaf_weight=278 1271 10481 1716 795 3049 202 220 3286 1247 1252 17921 1311 3037 3955 490 13053 1719 7009 6140 291 6819 1903 1666 12235 583 2841 2203 768 1995 24676
leaf_count=278 1271 10481 1716 795 3049 202 220 3286 1247 1252 17921 1311 3037 3955 490 13053 1719 7009 6140 291 6819 1903 1666 12235 583 2841 2203 768 1995 24676
internal_value=1.12275e-07 1.56599e-05 -0.000186747 0.000173304 -0.000231222 -0.000292101 -0.000932218 7.24556e-06 1.20627e-05 0.000142739 -1.96975e-05 -9.18172e-06 -0.000139643 9.97723e-05 3.96763e-05 4.24786e-05 -3.0749e-06 7.13231e-05 3.0865e-05 -1.72347e-05 0.000111613 -0.000250535 -0.000173683 7.52462e-06 3.50583e-06 0.000156299 -2.84609e-05 6.69012e-06 -1.50384e-05 -3.46192e-06
internal_weight=134412 124094 10318 6280 9047 7040 422 117814 114528 6002 53257 48973 4284 5207 61271 60781 47662 33290 16621 2007 16669 6618 3569 27491 45943 9660 14438 45360 27439 25444
internal_count=134412 124094 10318 6280 9047 7040 422 117814 114528 6002 53257 48973 4284 5207 61271 60781 47662 33290 16621 2007 16669 6618 3569 27491 45943 9660 14438 45360 27439 25444
is_linear=0
shrinkage=0.005


Tree=55
num_leaves=31
num_cat=0
split_feature=11 64 29 95 69 54 192 60 69 14 188 59 215 132 222 80 96 193 161 69 22 75 119 117 31 191 65 77 247 95
split_gain=15.4473 12.2049 6.56423 6.087 6.4941 5.08811 3.89127 3.79537 3.75317 3.4082 4.23406 3.61273 3.43158 3.35728 2.7768 2.57672 2.3474 2.18044 2.14365 2.05635 2.01344 1.90654 1.90101 1.94079 1.82491 2.10666 1.81251 1.6909 1.5693 1.47503
threshold=0.84346503019332897 1.5040485858917239 -0.3314970582723617 -0.060552544891834252 -2.9921171665191646 -0.52777779102325428 -0.38149812817573542 7.5000000000000009 -2.7273360490798946 0.22743055969476703 0.55665269494056713 1.5000000000000002 0.13529460132122043 0.25506703555583959 0.48050196468830114 0.99610620737075817 1.0102026462554934 0.4299707710742951 0.2031224146485329 -1.7361339330673216 0.78155338764190685 -1.6709088683128355 -0.19191864877939221 2.8564583063125615 -0.24074073880910871 1.0170483589172366 0.52176469564437877 -0.34115014970302576 -0.83554983139038075 0.59338077902793895
decision_type=10 10 10 10 10 2 8 2 8 10 8 2 8 8 10 10 10 10 8 10 10 10 10 10 8 8 10 10 8 10
left_child=1 6 7 20 5 -5 14 -2 27 12 11 -11 13 18 -1 -10 -15 -13 -8 -16 -4 -9 -20 28 25 -14 -6 -3 -24 -12
right_child=2 8 3 4 26 -7 9 21 15 10 29 17 24 16 19 -17 -18 -19 22 -21 -22 -23 23 -25 -26 -27 -28 -29 -30 -31
leaf_value=1.5602351300037418e-05 -0.00029105804973352835 0.00094907001029420634 -0.00029039127695319495 -0.00047255689982954064 -0.00038766103343705621 -0.0015066403837599419 0.0001403107822904543 0.00029003311058340537 0.00017902637990981337 3.3004237331903776e-06 6.9539924831591991e-05 -0.00011463925707755229 0.00011920566221168696 -5.4671162515388048e-06 -0.00038125158004939674 0.00075767022740641011 -0.00017955448191862443 -0.00030462407649019653 -6.1147135494270442e-05 -0.0001038168974724507 3.9222991193645382e-05 -1.7415459131097811e-05 -6.5057142631363884e-05 -0.00020738665558949859 0.00013824705052871742 -9.0021661987336392e-05 -0.00010389158659389809 0.00041754647342966199 8.7393835894740437e-05 -2.6985963471379487e-05
leaf_weight=5570 1204 245 691 274 2725 218 6193 591 3505 5209 8460 5442 2544 31700 727 200 2058 2101 4163 7991 1377 3259 1910 655 10418 2272 721 428 14101 7420
leaf_count=5570 1204 245 691 274 2725 218 6193 591 3505 5209 8460 5442 2544 31700 727 200 2058 2101 4163 7991 1377 3259 1910 655 10418 2272 721 428 14101 7420
internal_value=-6.40734e-07 1.54135e-05 -0.000179606 -0.000291294 -0.000406559 -0.000942302 5.85993e-06 -4.66245e-05 0.000274531 1.64326e-05 -3.0048e-05 -9.7889e-05 3.39477e-05 1.71152e-05 -7.15184e-05 0.000211376 -1.61199e-05 -0.00016779 5.86489e-05 -0.000127215 -7.11076e-05 2.99652e-05 3.43168e-05 5.82039e-05 0.000101045 2.04057e-05 -0.00032867 0.000617353 6.91617e-05 2.4412e-05
internal_weight=134372 123312 11060 6006 3938 492 118934 5054 4378 104646 28632 12752 76014 60780 14288 3705 33758 7543 27022 8718 2068 3850 20829 16666 15234 4816 3446 673 16011 15880
internal_count=134372 123312 11060 6006 3938 492 118934 5054 4378 104646 28632 12752 76014 60780 14288 3705 33758 7543 27022 8718 2068 3850 20829 16666 15234 4816 3446 673 16011 15880
is_linear=0
shrinkage=0.005


Tree=56
num_leaves=31
num_cat=0
split_feature=9 64 29 107 68 192 255 80 90 65 102 80 113 67 163 14 66 108 45 36 83 204 58 60 44 132 23 108 203 186
split_gain=15.7976 7.13171 5.92231 6.69327 5.68308 4.5651 4.4265 4.10959 4.0262 2.86387 2.91669 2.80294 2.71715 2.6767 2.27514 1.97613 1.8687 1.85037 1.69484 1.66941 1.74017 1.64393 1.57578 1.5319 1.44104 1.85722 1.94618 1.72428 1.35126 1.35004
threshold=0.94230768084526073 1.3481781482696535 -0.3314970582723617 0.19052014499902728 -0.50078126788139332 -0.3943690806627273 1.4821428656578066 -0.99478453397750843 0.79219499230384838 0.23588235676288608 1.2525492310523989 -1.3319151401519773 -0.063436325639486299 4.3695652484893808 0.54135274887084972 0.25000000000000006 -0.96536886692047108 0.049881352111697204 0.24120602756738665 -0.56081297993659962 1.1373663544654848 -1.080601632595062 3.5000000000000004 20.500000000000004 0.32500000298023229 0.29794786870479589 -0.12801932543516156 0.38503113389015203 -0.2784633189439773 0.99024468660354625
decision_type=10 10 10 10 2 8 10 10 10 8 10 10 8 10 10 10 10 2 8 10 10 8 2 2 8 8 8 2 8 10
left_child=1 5 13 17 29 14 11 23 9 10 16 -6 15 -2 -1 28 -7 -4 -14 -9 -21 -18 -17 -5 25 26 -23 -26 -11 -3
right_child=2 4 3 7 6 8 -8 19 -10 12 -12 -13 18 -15 -16 22 21 -19 -20 20 -22 24 -24 -25 27 -27 -28 -29 -30 -31
leaf_value=-3.6619680587252052e-05 -0.0002028310544193417 0.00043904885850620649 2.7465941147199703e-05 -0.0010140581076132124 0.00045050406874025151 -0.00023794696015396087 -0.00013887839692574484 -0.00023057493485252199 -0.00015528896872069316 -1.2141136926635596e-05 0.00011555760210427466 0.00014227091663527883 5.8016930247612178e-05 5.0665544428324421e-05 -0.00017827555192022362 5.6873430786746087e-05 7.7450716981670011e-05 -0.00042322809340062908 0.00015272862492904491 -0.00022684659052465576 -0.00087261713081137086 7.1338052304779174e-05 -0.00028843341482918424 -0.00054382767873357519 0.00011894563516453911 -9.3044555797202694e-05 -3.4396688270397009e-05 -2.3455874346902264e-06 7.7702953299945814e-05 0.00099811840891575075
leaf_weight=8717 1697 255 1571 212 887 868 1221 2304 3286 9285 5168 4393 11216 2674 4207 509 5480 261 8201 205 224 5654 918 1229 3689 9274 18822 14133 7601 211
leaf_count=8717 1697 255 1571 212 887 868 1221 2304 3286 9285 5168 4393 11216 2674 4207 509 5480 261 8201 205 224 5654 918 1229 3689 9274 18822 14133 7601 211
internal_value=-6.37866e-07 1.50449e-05 -0.000187996 -0.00028985 0.000170401 5.78489e-06 0.000131769 -0.000400335 1.67931e-05 2.24143e-05 1.79651e-06 0.000194524 5.6871e-05 -4.77572e-05 -8.28211e-05 1.31415e-05 -8.35446e-06 -3.74482e-05 9.80743e-05 -0.000285195 -0.000571353 -4.83209e-06 -0.000165147 -0.000616621 -1.35917e-05 -3.28024e-05 -9.94177e-06 2.27589e-05 2.82824e-05 0.00070116
internal_weight=134372 123995 10377 6006 6967 117028 6501 4174 104104 100818 63088 5280 37730 4371 12924 18313 57920 1832 19417 2733 429 57052 1427 1441 51572 33750 24476 17822 16886 466
internal_count=134372 123995 10377 6006 6967 117028 6501 4174 104104 100818 63088 5280 37730 4371 12924 18313 57920 1832 19417 2733 429 57052 1427 1441 51572 33750 24476 17822 16886 466
is_linear=0
shrinkage=0.005


Tree=57
num_leaves=31
num_cat=0
split_feature=9 39 46 68 107 29 85 90 256 78 34 192 54 6 96 62 65 31 174 78 68 192 168 167 14 188 141 5 85 80
split_gain=15.6415 6.97968 6.43228 5.31949 3.86582 4.71444 7.90421 3.50093 3.82628 2.98208 2.90334 2.69234 2.59542 2.45131 2.31125 2.08215 1.9496 1.91777 1.90075 1.99871 1.72111 1.51337 1.4532 1.44128 1.64235 1.34602 1.33465 1.58669 1.63861 2.64312
threshold=0.94230768084526073 -4.3644902706146231 -1.6428571343421934 -0.51498931646347035 0.11070440337061883 -0.3314970582723617 4.1869037151336679 0.81824815273284923 3.7007432742450314e-15 -1.276531934738159 -1.1444876194000242 -0.37388800084590906 0.47222222387790685 0.80375427007675182 1.7559700012207033 5.0272727012634286 0.47588235139846807 1.2222222089767458 0.11012383550405504 -1.4048465490341184 -0.49543276429176325 -0.37821710109710688 0.095079381018877043 -1.03568959236145 0.46701389551162725 0.71229788661003124 1.8358228802680971 -0.23333334177732465 1.9259790778160097 1.3943019509315493
decision_type=10 8 10 2 10 10 10 10 10 10 10 8 2 10 10 10 10 10 10 10 2 8 8 8 10 10 10 10 10 8
left_child=1 3 -2 -1 25 15 16 8 12 -5 -11 18 14 26 17 -6 -7 21 -10 -20 -14 -3 -22 -23 -25 -4 27 -13 -29 -30
right_child=2 7 4 9 5 6 -8 -9 11 10 -12 13 20 -15 -16 -17 -18 -19 19 -21 22 23 -24 24 -26 -27 -28 28 29 -31
leaf_value=0.0008246746675074926 0.00014221581919016517 -5.8214299857321138e-05 -0.00039121504702095862 0.00044767051287120059 -0.00020675021402975167 -0.00039179507408672348 -0.0011767214535207799 -0.00016851866879714485 -0.0001941965568454367 0.0003035630627101098 3.5094882793063063e-05 -3.4925234843359835e-05 0.00042192619044650106 -0.00023441707754913698 -0.00032082828457069188 0.00010564217686926772 -0.00012458719645738148 -0.00020176662333235877 -0.00038072741577181859 -1.0098990633103945e-05 2.4817243799744881e-05 0.00011520035765474352 0.00012520159565540203 3.5893154072055315e-05 -8.6895559606335298e-05 1.2897738150472084e-05 -0.00023446899452549992 2.1639444702302361e-05 -2.8456520478542938e-05 0.00064033607268354129
leaf_weight=297 1293 4658 229 709 2141 3118 295 2792 3390 1345 3993 16340 385 1132 491 704 889 930 391 4516 6039 5127 9004 31859 2971 1708 590 26452 309 275
leaf_count=297 1293 4658 229 709 2141 3118 295 2792 3390 1345 3993 16340 385 1132 491 704 889 930 391 4516 6039 5127 9004 31859 2971 1708 590 26452 309 275
internal_value=-6.35059e-07 1.497e-05 -0.000187065 0.000176454 -0.000234042 -0.000287718 -0.000392146 6.251e-06 1.05108e-05 0.000143879 0.000103054 -2.04446e-05 3.74101e-05 -5.19967e-06 1.85828e-05 -0.000129223 -0.000332866 2.22876e-05 -0.000103195 -4.00907e-05 9.35325e-05 2.69913e-05 8.49572e-05 3.69428e-05 2.5394e-05 -3.55049e-05 7.16643e-07 3.95382e-06 2.74721e-05 0.000288385
internal_weight=134372 123995 10377 6344 9084 7147 4302 117651 114859 6047 5338 53395 61464 45098 46036 2845 4007 45545 8297 4907 15428 44615 15043 39957 34830 1937 43966 43376 27036 584
internal_count=134372 123995 10377 6344 9084 7147 4302 117651 114859 6047 5338 53395 61464 45098 46036 2845 4007 45545 8297 4907 15428 44615 15043 39957 34830 1937 43966 43376 27036 584
is_linear=0
shrinkage=0.005


Tree=58
num_leaves=31
num_cat=0
split_feature=9 7 175 255 68 65 168 192 21 132 65 43 77 78 37 58 58 3 35 192 257 181 209 204 111 168 114 108 108 34
split_gain=15.4863 6.47039 5.8239 5.39787 5.11909 3.51348 3.39754 3.69548 3.0755 3.71303 2.89463 2.76167 3.08207 2.19952 2.11113 2.10919 2.41051 1.93631 1.86514 1.83246 1.78421 1.78377 2.08048 1.77662 1.75695 2.05854 1.74543 1.55233 1.53107 1.46275
threshold=0.94230768084526073 0.79054054617881786 0.13488123565912249 1.4821428656578066 -0.51498931646347035 -0.9552941322326659 0.42344214022159582 -0.54528069496154774 0.40033784508705145 0.25083751976490026 0.63352942466735851 -0.40601503849029535 -2.0118376016616817 -1.276531934738159 0.80086228251457225 7.5000000000000009 3.5000000000000004 0.7899376153945924 -0.67874875664710987 0.97503066062927257 0.83333334326744091 -1.7545575499534605 0.19083680212497714 0.74336498975753795 -0.9196895658969878 6.890730857849122 0.66095474362373363 0.32385517656803137 -0.33343604207038874 -1.1444876194000242
decision_type=10 10 10 10 2 10 8 8 10 8 8 10 10 10 10 2 2 8 10 8 10 8 10 10 10 10 10 2 2 10
left_child=1 6 5 4 -3 -2 7 -1 9 19 23 12 -7 -6 17 16 28 20 -18 -9 26 -21 -23 -8 25 -13 -11 -4 -10 -15
right_child=2 3 27 -5 13 11 10 8 15 14 -12 24 -14 29 -16 -17 18 -19 -20 21 -22 22 -24 -25 -26 -27 -28 -29 -30 -31
leaf_value=-0.00017811890400953954 -0.00044880841825971059 0.00094052886670004457 0.00012771133610939552 -0.00011402673665478778 0.00048145590655751676 -0.00093501012585505458 3.8546684117996471e-05 9.0172096925300038e-05 5.4619204209992252e-05 -2.0790199718594082e-05 0.00014144391936622325 8.4820579411923962e-05 -0.00028498284390018322 0.00030865254849432664 4.4508891204566038e-05 1.9026707857701071e-05 -0.00034294457460173997 -0.00019788309855676788 -0.00012763775349739078 0.00010896898484952825 -0.00035043690844435173 3.2689233102481218e-05 -0.00010938025124683746 -0.00012271612076636499 -0.00019793095228095344 -0.00036751958195290667 -0.00030999263288283201 -0.00023049586549362736 -0.00017588510343229715 0.00010339633115315009
leaf_weight=3113 1667 247 1585 1318 635 206 20633 15303 2184 31028 7031 1347 1484 1246 9713 3729 1513 1813 3053 3574 424 7016 4064 1856 3416 304 526 368 1068 2908
leaf_count=3113 1667 247 1585 1318 635 206 20633 15303 2184 31028 7031 1347 1484 1246 9713 3729 1513 1813 3053 3574 424 7016 4064 1856 3416 304 526 368 1068 2908
internal_value=-6.32105e-07 1.48953e-05 -0.000186135 0.000170248 0.000244785 -0.000243154 6.4933e-06 -9.05455e-06 -2.8474e-06 9.07164e-06 5.29162e-05 -0.000192049 -0.000367036 0.000207853 -2.04174e-05 -7.86897e-05 -0.000125344 -3.90986e-05 -0.000199389 5.1909e-05 -3.00511e-05 1.19001e-05 -1.94007e-05 2.51912e-05 -0.000133282 3.70696e-07 -2.56753e-05 5.95434e-05 -2.10818e-05 0.000165381
internal_weight=134372 123995 10377 6354 5036 8424 117641 88121 85008 73461 29520 6757 1690 4789 43504 11547 7818 33791 4566 29957 31978 14654 11080 22489 5067 1651 31554 1953 3252 4154
internal_count=134372 123995 10377 6354 5036 8424 117641 88121 85008 73461 29520 6757 1690 4789 43504 11547 7818 33791 4566 29957 31978 14654 11080 22489 5067 1651 31554 1953 3252 4154
is_linear=0
shrinkage=0.005


Tree=59
num_leaves=31
num_cat=0
split_feature=9 39 46 68 45 69 257 168 65 254 69 114 62 254 96 204 39 47 132 251 117 245 204 46 69 69 24 35 198 96
split_gain=15.3327 6.84358 6.32307 5.22008 4.70248 8.54358 4.09491 3.31658 3.16335 3.03689 3.02172 2.98182 2.74154 2.57617 2.46565 2.56141 2.39728 2.33576 2.36597 2.14562 1.98041 1.97999 1.94693 1.94062 1.86833 1.52957 1.60351 1.4471 1.4312 1.33314
threshold=0.94230768084526073 -4.3644902706146231 -1.6428571343421934 -0.51498931646347035 -1.1658291220664976 -2.9921171665191646 -0.46491228044033045 0.42344214022159582 0.63352942466735851 -0.060509555041790002 -2.6205701828002925 -0.65452894568443287 0.1545454487204552 1.1624203920364382 1.6840329170227053 0.0040058600716292867 0.81597399711608898 -0.35714286565780634 0.33232834935188299 2.3382258415222172 2.8564583063125615 4.3890686035156259 0.74336498975753795 0.78571429848670971 -0.94260612130165089 -1.4899145960807798 0.37238259613513952 0.02706057578325272 -0.057264931499958031 1.0102026462554934
decision_type=10 8 10 2 10 10 8 8 8 10 10 10 10 8 10 8 8 10 8 10 10 10 10 10 10 8 8 10 10 10
left_child=1 3 -2 -1 12 6 -6 9 19 14 -5 25 -4 17 15 20 -17 28 -19 22 -3 -14 -9 -12 27 -11 -27 -7 -13 -20
right_child=2 7 4 10 5 24 -8 8 -10 11 23 13 21 -15 -16 16 -18 18 29 -21 -22 -23 -24 -25 -26 26 -28 -29 -30 -31
leaf_value=0.0008168611443928822 0.00014126080505844269 6.5533220087050402e-05 -0.00032912023202113681 0.00042674532352346894 -0.00043278517708054384 -0.00045028389471751546 -0.0013722878519253007 4.6847380552692542e-05 0.00014571670573199395 -0.00046033399151338875 6.1741299362362052e-05 -6.8131800421889198e-05 1.3992651803116432e-05 -0.0002412923560012686 -0.00022024986456937887 -2.004092950046888e-06 -0.00021073844966952514 5.0605765732628558e-05 -2.8386592704909084e-05 -0.00023401650218118672 -0.00020538651814443307 -0.00045789699438715943 -0.00012210418821880309 0.00035308473451909044 -0.00018414497350669384 -0.00026439825448449001 -4.5519742764225663e-05 -5.5205726534105153e-05 -0.00025917174574046205 -0.00019288981279410233
leaf_weight=297 1293 23369 983 806 217 1538 267 20223 6889 419 4591 4952 2710 1361 1083 25291 1450 12533 10728 776 689 237 1856 650 2854 1479 1940 278 1224 1389
leaf_count=297 1293 23369 983 806 217 1538 267 20223 6889 419 4591 4952 2710 1361 1083 25291 1450 12533 10728 776 689 237 1856 650 2854 1479 1940 278 1224 1389
internal_value=-6.29342e-07 1.48209e-05 -0.000185211 0.000174723 -0.000231787 -0.000331115 -0.000960819 6.1873e-06 5.18235e-05 -9.25044e-06 0.000142453 -4.45187e-05 -0.000101142 -2.87781e-05 1.52309e-05 2.02822e-05 -1.33784e-05 -1.93415e-05 2.43088e-06 2.34745e-05 5.77125e-05 -2.4499e-05 3.25979e-05 9.82717e-05 -0.000264788 -0.000176186 -0.000140597 -0.000390396 -0.000106253 -4.7357e-05
internal_weight=134372 123995 10377 6344 9084 5154 484 117651 29744 87907 6047 36025 3930 32187 51882 50799 26741 30826 24650 22855 24058 2947 22079 5241 4670 3838 3419 1816 6176 12117
internal_count=134372 123995 10377 6344 9084 5154 484 117651 29744 87907 6047 36025 3930 32187 51882 50799 26741 30826 24650 22855 24058 2947 22079 5241 4670 3838 3419 1816 6176 12117
is_linear=0
shrinkage=0.005


Tree=60
num_leaves=31
num_cat=0
split_feature=9 64 29 85 9 85 192 95 254 9 111 6 168 66 163 207 129 95 54 180 222 75 162 256 27 102 251 133 35 197
split_gain=14.1978 6.83479 5.238 8.00225 4.67457 5.35591 4.34446 4.25322 3.20373 3.63257 2.78446 2.4902 2.45611 2.35835 2.24002 2.0202 1.93863 1.7902 1.75008 1.6576 2.03499 1.63077 1.60069 1.35781 1.3485 1.33576 1.93451 1.44209 1.82967 1.19716
threshold=0.94230768084526073 1.3481781482696535 -0.3314970582723617 4.1869037151336679 0.76923078298568737 2.3167549371719365 -0.3943690806627273 -0.20877373218536374 0.7165605127811433 0.69082841277122509 -0.058936825022101395 1.0631399154663088 0.43539145588874822 -0.96536886692047108 0.54135274887084972 0.36659081280231481 -0.37730300426483149 0.6065577268600465 0.78174602985382091 2.6102181673049931 -0.26199415326118464 -1.6709088683128355 1.9724493622779848 -1.083333373069763 0.26724655926227575 1.2525492310523989 0.37415960431098944 -0.21030129492282865 0.83540219068527233 -0.12096802517771719
decision_type=10 10 10 10 8 8 8 10 10 8 10 8 8 10 10 10 8 10 2 10 8 10 10 8 10 8 10 8 8 8
left_child=1 6 11 7 5 22 14 -4 12 15 -7 -2 13 -8 -1 -10 -9 -11 23 20 -15 -13 -3 -14 -16 27 -27 29 -29 -22
right_child=2 4 3 -5 -6 10 8 16 9 17 -12 21 18 19 24 -17 -18 -19 -20 -21 25 -23 -24 -25 -26 26 -28 28 -30 -31
leaf_value=-3.4255933967722446e-05 -0.00019632362323534458 8.6083547690315337e-05 4.7208780981369519e-07 -0.001076574526959637 -8.6315879171231018e-05 0.00089683727411893279 -0.00022366153671910129 -4.3101464070216038e-05 -0.00011896070348292348 7.3779406988384359e-05 0.00035920354114982221 0.0003076633355446369 0.00018899645798545713 7.3295109893915455e-05 -0.00033517370742766259 -0.00038863492139862678 -0.0003556292398192847 -8.4933911778356221e-05 0.00018175522605370461 -0.00020412988567549854 -1.1978450686433017e-07 -9.7020807897267453e-06 0.00028554145629718748 4.0520731074649757e-05 -0.00012424301539239302 0.00011676954034568659 -0.00011497314632792513 -5.2811637680495782e-05 2.8752065661996448e-05 8.1119570950062355e-05
leaf_weight=8726 1682 2900 1458 291 1436 373 1030 581 3838 4395 715 491 1707 13989 999 849 3617 2974 3248 834 11764 2185 1550 15627 3210 5038 1090 19683 10553 7362
leaf_count=8726 1682 2900 1458 291 1436 373 1030 581 3838 4395 715 491 1707 13989 999 849 3617 2974 3248 834 11764 2185 1550 15627 3210 5038 1090 19683 10553 7362
internal_value=5.65044e-07 1.54041e-05 -0.000177708 -0.000274164 0.000167408 0.000233307 6.32612e-06 -0.000231877 1.70811e-05 -5.95265e-05 0.000547238 -4.58044e-05 2.71364e-05 1.32438e-05 -8.00652e-05 -0.000168278 -0.000312597 9.64351e-06 7.52529e-05 1.67369e-05 1.94098e-05 4.88077e-05 0.000155912 5.52213e-05 -0.000174764 5.81098e-06 7.54073e-05 -2.82563e-06 -2.43276e-05 3.11378e-05
internal_weight=134195 123890 10305 5947 6974 5538 116916 5656 103981 12056 1088 4358 91925 71343 12935 4687 4198 7369 20582 70313 69479 2676 4450 17334 4209 55490 6128 49362 30236 19126
internal_count=134195 123890 10305 5947 6974 5538 116916 5656 103981 12056 1088 4358 91925 71343 12935 4687 4198 7369 20582 70313 69479 2676 4450 17334 4209 55490 6128 49362 30236 19126
is_linear=0
shrinkage=0.005


Tree=61
num_leaves=31
num_cat=0
split_feature=9 64 68 46 192 51 65 254 96 78 95 62 65 96 66 163 132 96 85 34 64 223 249 44 169 74 83 162 62 64
split_gain=14.0568 6.76716 6.3467 5.66336 4.30123 3.8513 3.69829 3.17187 4.71789 3.15978 2.79564 2.83697 2.52231 2.77774 2.45357 2.21776 2.17541 2.45768 2.13013 2.08407 2.06962 2.04494 1.73761 1.6488 1.52556 1.51752 1.4494 1.40832 1.40775 1.33672
threshold=0.94230768084526073 1.3481781482696535 -0.50078126788139332 -1.6428571343421934 -0.3943690806627273 -0.64163091778755177 -1.0270588397979734 0.7165605127811433 -0.095380693674087511 -1.276531934738159 -0.20877373218536374 5.690908908843995 0.7311764955520631 1.3341150879859927 -0.96536886692047108 0.54135274887084972 0.29794786870479589 0.15220998972654345 4.7154777050018319 -1.1444876194000242 -0.22469635307788846 0.34760005772113806 0.67921590805053722 0.30750000476837164 0.7198733687400819 0.15260817110538485 3.3599425554275517 1.5659866333007815 7.6090908050537118 0.22469635307788852
decision_type=10 10 2 10 8 8 10 10 10 8 8 10 8 8 10 10 8 10 10 8 10 10 10 8 8 2 10 8 10 10
left_child=1 4 25 -2 15 -4 26 12 -9 -7 -8 18 13 14 -6 -1 17 -16 27 -11 -14 -15 -10 -18 -22 -3 28 -12 -5 -17
right_child=3 2 5 6 7 9 10 8 22 19 11 -13 20 21 16 29 23 -19 -20 -21 24 -23 -24 -25 -26 -27 -28 -29 -30 -31
leaf_value=-3.408475227478183e-05 0.00012783656296703024 0.001000099480417953 -0.00032231372601175014 -0.00048145554911230168 -0.00024071193582101314 0.00045566541994648715 8.6686935181427106e-05 2.2256402415924312e-05 -0.00011973651008276955 0.00028708735581917463 -0.00010097780401953563 0.00010342457985854415 3.7449592698285156e-06 -4.0487940641520662e-05 1.276902012347382e-05 -0.000131817644693397 -5.4199139106783378e-05 9.121550530816597e-05 -0.00066570916160969221 5.7028198077864647e-05 0.00014667609998871557 -0.00032642333316574705 -0.00033035628821978074 2.0147622136514145e-05 -5.8238078151616553e-05 0.00041554384502376059 -0.00070969448747038423 -0.00027453439135983473 -9.0656659738233019e-05 -0.0003651272628991125
leaf_weight=8726 1324 242 442 694 879 776 882 7178 3511 1309 1667 639 5172 1802 21724 3459 11511 18501 285 3974 9231 958 1367 21146 1001 231 402 4059 353 750
leaf_count=8726 1324 242 442 694 879 776 882 7178 3511 1309 1667 639 5172 1802 21724 3459 11511 18501 285 3974 9231 958 1367 21146 1001 231 402 4059 353 750
internal_value=5.62008e-07 1.53272e-05 0.000166577 -0.000176823 6.29421e-06 0.000125492 -0.000221838 1.69956e-05 -5.92301e-05 0.00015848 -0.000177007 -0.000212095 2.70008e-05 1.5239e-05 2.10759e-05 -7.96663e-05 2.42564e-05 4.88688e-05 -0.000245778 0.000114343 8.53722e-05 -0.000140328 -0.00017914 -6.04724e-06 0.000126562 0.000722998 -0.000453121 -0.000224227 -0.000351229 -0.000173894
internal_weight=134195 123890 6974 10305 116916 6501 8981 103981 12056 6059 7532 6650 91925 76521 73761 12935 72882 40225 6011 5283 15404 2760 4878 32657 10232 473 1449 5726 1047 4209
internal_count=134195 123890 6974 10305 116916 6501 8981 103981 12056 6059 7532 6650 91925 76521 73761 12935 72882 40225 6011 5283 15404 2760 4878 32657 10232 473 1449 5726 1047 4209
is_linear=0
shrinkage=0.005


Tree=62
num_leaves=31
num_cat=0
split_feature=11 64 138 90 85 65 90 132 96 90 96 69 45 111 54 259 5 66 66 37 108 49 28 46 205 168 245 256 78 85
split_gain=13.6738 11.4814 6.00761 4.37131 3.7725 3.2905 2.99711 3.14624 3.23493 3.29697 2.89647 2.76176 3.51061 2.5634 2.50853 2.45622 2.24282 2.17594 1.85535 1.81967 1.77169 3.18494 1.57688 1.50759 1.54638 1.48153 1.45677 1.40949 1.3955 1.34908
threshold=0.84346503019332897 1.5647773742675783 -0.80282750725746144 -0.87807902693748463 2.3167549371719365 1.1858823299407961 0.81824815273284923 0.2309881076216698 0.99079665541648876 -0.8078998029232024 0.27867533266544348 -2.9921171665191646 -1.1658291220664976 -0.2971386313438415 -0.51984128355979908 0.90561223030090343 0.56666669249534618 -0.96536886692047108 -0.63602718710899342 0.232154555618763 -0.37351679801940912 1.4843750000000002 -0.48564064502716059 -1.6428571343421934 -0.58530294895172108 0.43539145588874822 0.64763593673706066 0.47222222387790685 2.5293003320693974 2.2074449062347417
decision_type=10 10 10 10 10 8 10 8 10 8 10 10 10 10 2 10 10 10 10 10 2 10 10 10 10 10 10 10 10 10
left_child=1 5 3 -2 22 6 7 10 9 -9 17 12 -5 -6 -14 26 -10 -1 -13 28 -19 27 -3 -4 -25 -7 -11 29 -12 -22
right_child=2 4 23 11 13 25 -8 8 16 15 19 18 14 -15 -16 -17 -18 20 -20 -21 21 -23 -24 24 -26 -27 -28 -29 -30 -31
leaf_value=-0.00023951518311437974 -3.1779288827006042e-05 4.896374215243403e-06 0.0001571827537536059 -0.00025265650557118493 0.00093358127836697439 6.0335225651300723e-05 -0.0001658672885324936 -0.00036338831273451707 -0.00024170959186433196 -1.0585948661165e-05 9.0767214436432376e-05 -0.00041220767054438645 -0.00048182706113581022 0.00037254659708079742 -0.0012804075396891923 -0.00016103494263058768 -3.0152831453263246e-05 3.4373538083433155e-05 -0.00020175729126345877 -0.00010265109448702087 1.3110344050174653e-05 -0.00030752292824023561 0.00025325923533246286 6.8776641885535819e-05 -0.0001811681079494279 0.00020702834768456993 7.3165269578031225e-05 -7.9210197721885043e-05 0.00037313209077506919 0.0003139579338331869
leaf_weight=879 1768 881 1070 416 288 6708 2686 655 2771 34611 14670 1567 200 734 215 2445 2297 27450 3265 1198 7323 991 2365 1133 1348 2322 6103 5000 448 388
leaf_count=879 1768 881 1070 416 288 6708 2686 655 2771 34611 14670 1567 200 734 215 2445 2297 27450 3265 1198 7323 991 2365 1133 1348 2322 6103 5000 448 388
internal_value=5.58841e-07 1.56332e-05 -0.000168453 -0.000249249 0.000270282 6.48069e-06 -1.05447e-06 3.07684e-06 -2.65064e-05 -1.26525e-05 2.78698e-05 -0.000316967 -0.000583532 0.000534909 -0.000907058 -7.27656e-06 -0.000146047 5.90475e-06 -0.000270465 8.44034e-05 1.11875e-05 -3.52216e-05 0.000186116 5.95846e-07 -6.69158e-05 9.82053e-05 1.96346e-06 -1.384e-05 9.92883e-05 2.85067e-05
internal_weight=134195 123213 10982 7431 4268 118945 109915 107229 48882 43814 58347 5663 831 1022 415 43159 5068 42031 4832 16316 41152 13702 3246 3551 2481 9030 40714 12711 15118 7711
internal_count=134195 123213 10982 7431 4268 118945 109915 107229 48882 43814 58347 5663 831 1022 415 43159 5068 42031 4832 16316 41152 13702 3246 3551 2481 9030 40714 12711 15118 7711
is_linear=0
shrinkage=0.005


Tree=63
num_leaves=31
num_cat=0
split_feature=11 64 68 46 36 36 192 216 14 215 96 132 113 80 222 14 225 80 96 180 63 68 83 80 60 239 80 80 157 30
split_gain=13.5384 11.3678 5.55831 5.24143 3.59136 3.57555 3.55585 3.52115 3.25031 3.25007 2.94351 2.85477 2.8338 2.82284 2.80235 2.53876 2.20606 2.19398 2.16649 2.11983 2.2481 1.97284 1.83656 1.81245 1.67559 1.60179 1.46645 1.72828 1.46299 1.45498
threshold=0.84346503019332897 1.5647773742675783 -0.50078126788139332 -1.6428571343421934 -0.56081297993659962 -0.5708140730857848 -0.38841052353382105 -0.61378365755081166 0.22743055969476703 0.024518527090549472 -0.1394456401467323 0.29794786870479589 0.62217289209365856 -0.99478453397750843 0.48050196468830114 0.46701389551162725 -0.80311787128448475 -1.1473127603530882 1.0102026462554934 1.5834646821022036 -0.56525734066963185 -0.49543276429176325 1.5562801957130434 -1.6549729108810423 7.5000000000000009 0.21457610279321673 -2.1577475070953365 -1.7263370752334593 -0.59550157189369191 -0.47916667163372034
decision_type=10 10 2 10 10 10 8 8 10 8 10 8 10 10 10 10 8 10 10 10 8 2 10 8 2 10 8 8 10 10
left_child=1 6 -3 -2 5 7 14 24 9 11 -10 16 15 26 21 -12 -8 -16 29 20 25 -1 -6 -4 -5 -11 -9 -28 -18 -13
right_child=3 2 23 4 22 -7 8 13 10 19 12 18 -14 -15 17 -17 28 -19 -20 -21 -22 -23 -24 -25 -26 -27 27 -29 -30 -31
leaf_value=0.00048427561094432101 0.00012679084607100416 0.00089848678639445172 0.00054626195258614108 -0.00024249552569201524 -0.00029959825491496206 4.7554671576452746e-05 -7.2744917198934987e-05 -5.6389292751068076e-05 1.7423824844163799e-05 7.200064131410298e-05 -7.1099618267887372e-05 5.7606654732068139e-05 9.9594624480571579e-05 -0.00020639807917633722 -0.00038498665962418419 -0.00024620276242656757 4.4718158542003162e-05 -0.00010048744988449583 -0.00019782442440456873 -0.00011744510446426292 0.00013296332088700018 0 -0.0008146260415696603 0.0001812739276866656 3.936447653142057e-05 -0.00011336321167472681 -0.00084891484544773416 -0.00042167413963636272 0.00013510428144110917 -2.8683480095302695e-05
leaf_weight=214 1324 320 375 811 376 1437 3114 216 15542 3611 8520 6274 1798 3294 741 2739 16761 7705 1610 1186 14037 5279 339 3573 1481 1714 293 1411 6124 21976
leaf_count=214 1324 320 375 811 376 1437 3114 216 15542 3611 8520 6274 1798 3294 741 2739 16761 7705 1610 1186 14037 5279 339 3573 1481 1714 293 1411 6124 21976
internal_value=5.55677e-07 1.55553e-05 0.000268941 -0.000167618 -0.000208074 -0.000180514 6.44811e-06 -0.000224247 1.64132e-05 3.34348e-05 -2.9043e-05 1.36428e-05 -8.43772e-05 -0.000296022 -6.85649e-05 -0.000113832 5.195e-05 -0.00012572 -1.96975e-05 8.71978e-05 9.97859e-05 1.92597e-05 -0.000548442 0.000216716 -6.04618e-05 1.21919e-05 -0.000448587 -0.000497699 6.89515e-05 -9.49494e-06
internal_weight=134195 123213 4268 10982 9658 8943 118945 7506 105006 76407 28599 55859 13057 5214 13939 11259 25999 8446 29860 20548 19362 5493 715 3948 2292 5325 1920 1704 22885 28250
internal_count=134195 123213 4268 10982 9658 8943 118945 7506 105006 76407 28599 55859 13057 5214 13939 11259 25999 8446 29860 20548 19362 5493 715 3948 2292 5325 1920 1704 22885 28250
is_linear=0
shrinkage=0.005


Tree=64
num_leaves=31
num_cat=0
split_feature=9 39 46 68 90 24 168 181 254 96 85 69 2 34 69 66 223 132 39 96 80 54 181 85 18 96 108 123 129 195
split_gain=13.6558 6.32183 5.50782 5.28133 3.49119 3.89731 3.16964 3.09417 3.66769 3.16064 2.78019 2.68234 2.64009 2.55922 2.50899 2.31808 2.23385 2.18026 2.44118 2.43868 2.10391 2.17594 2.04451 1.99617 1.75188 1.73306 1.73317 1.53342 1.49252 1.36908
threshold=0.94230768084526073 -4.3644902706146231 -1.6428571343421934 -0.51498931646347035 -0.87807902693748463 -0.49182152748107905 0.42344214022159582 0.63351979851722728 0.7165605127811433 -0.095380693674087511 3.291975855827332 -2.6205701828002925 -0.5292852222919463 -1.1444876194000242 -1.7361339330673216 -0.96536886692047108 0.37544667720794683 0.25506703555583959 0.86454564332962047 1.0102026462554934 -0.99478453397750843 0.10714285820722581 0.040483934804797179 3.291975855827332 0.54111841320991527 0.24993508309125903 -0.026281228289008137 -0.35950788855552668 0.13704911619424823 -1.7097816467285154
decision_type=10 8 10 2 10 10 8 10 10 10 10 10 10 10 10 10 10 8 10 10 10 2 8 10 10 10 2 8 10 8
left_child=1 3 -2 -1 -4 12 7 8 15 -10 -7 -5 20 -13 -9 -3 22 25 19 -19 21 -6 28 -23 -11 26 27 -17 -8 -16
right_child=2 6 4 11 5 10 16 14 9 24 -12 13 -14 -15 29 17 -18 18 -20 -21 -22 23 -24 -25 -26 -27 -28 -29 -30 -31
leaf_value=0.0008062898350964749 0.00012615927743119126 -0.00023002443904127619 -4.2280613888879043e-06 0.00040780132910434377 -0.00015689436436647781 -0.00037878677860279431 8.3653416074654135e-05 -0.00039191630109572449 5.0211918313135521e-06 -9.9279809937402705e-05 -0.00091423517069442453 0.00029036092593959716 5.3886248968022724e-05 3.1833297589765064e-05 -0.00033853598286003164 -5.3361895670724938e-05 -2.9560562108763529e-05 8.3245634224676625e-06 -0.00022360148114947126 -0.00018473435455895748 -0.00017924625103151536 -0.00041296959537703761 0.00013048037191873402 -0.00095029520601002727 -0.00031004455473759011 0.00010641360462658857 -0.0001427078059554393 5.7051126431200307e-05 -2.0833272258984192e-05 -5.6244776871852939e-05
leaf_weight=305 1324 956 1571 786 584 1226 7357 641 3621 2108 306 1262 839 3946 447 3873 6640 34960 1266 1711 3482 741 9559 232 1875 9083 1446 16554 6365 9129
leaf_count=305 1324 956 1571 786 584 1226 7357 641 3621 2108 306 1262 839 3946 447 3873 6640 34960 1266 1711 3482 741 9559 232 1875 9083 1446 16554 6365 9129
internal_value=5.52587e-07 1.51057e-05 -0.000174284 0.000169366 -0.000218677 -0.000264042 6.8314e-06 -8.32949e-06 2.45485e-06 -0.000101781 -0.000488688 0.000136228 -0.000205041 9.47939e-05 -9.00935e-05 1.3816e-05 5.12642e-05 1.72234e-05 -8.17388e-06 -6.93527e-07 -0.000248263 -0.00040122 7.43392e-05 -0.000545803 -0.000198887 4.83605e-05 2.42117e-05 3.60842e-05 3.51605e-05 -6.96439e-05
internal_weight=134195 123890 10305 6299 8981 7410 117591 87670 77453 7604 1532 5994 5878 5208 10217 69849 29921 68893 37937 36671 5039 1557 23281 973 3983 30956 21873 20427 13722 9576
internal_count=134195 123890 10305 6299 8981 7410 117591 87670 77453 7604 1532 5994 5878 5208 10217 69849 29921 68893 37937 36671 5039 1557 23281 973 3983 30956 21873 20427 13722 9576
is_linear=0
shrinkage=0.005


Tree=65
num_leaves=31
num_cat=0
split_feature=11 64 29 85 68 107 60 192 15 255 64 15 188 102 75 65 69 258 253 107 37 192 68 85 85 69 64 174 108 197
split_gain=13.6638 11.3477 6.23638 9.57686 5.43432 4.27698 4.04803 3.74787 3.39275 4.09776 3.40554 2.91878 2.75413 2.60784 2.22247 2.17716 2.08291 1.99908 1.97596 1.95003 1.88346 1.59784 1.56162 1.58891 1.53436 1.5021 1.45956 1.3776 1.36988 1.36304
threshold=0.84346503019332897 1.4615384340286257 -0.3314970582723617 4.1869037151336679 -0.50078126788139332 0.11070440337061883 7.5000000000000009 -0.38841052353382105 0.37847222387790685 -0.62499999999999989 0.59716600179672252 0.49652777612209326 0.88982525467872631 1.2525492310523989 -1.6709088683128355 0.47588235139846807 -2.7273360490798946 1.573825538158417 -0.72875818610191334 -0.050159640610218041 0.24350579082965854 0.42757336795330053 -0.26322774589061732 2.7570731639862065 1.7026113271713259 -2.1528594493865962 -0.066801618784666048 0.83767431974411022 -0.14511746168136594 0.76307791471481334
decision_type=10 10 10 10 2 10 2 8 10 8 10 10 10 10 10 10 8 10 8 10 8 8 2 10 8 10 8 10 2 10
left_child=1 7 6 5 -3 28 22 12 9 26 11 -10 20 17 -8 -7 -6 18 -11 29 24 -19 23 -2 -1 -14 -9 -26 -4 -20
right_child=2 4 3 -5 16 15 14 8 10 13 -12 -13 25 -15 -16 -17 -18 21 19 -21 -22 -23 -24 -25 27 -27 -28 -29 -30 -31
leaf_value=-2.1704406469374785e-05 -0.00022852417285566963 0.00087776767250174288 7.7201850436910965e-05 -0.0011393614592037661 0.00050311283336096444 -0.00038437396010498572 0.00031267520463797263 7.0001940778028745e-05 -6.5607040235283906e-05 6.3103407396321724e-05 1.5462990697188011e-05 -0.00027925726159438248 0.00051507580216247678 0.00014319948941668073 -1.2946022235189167e-05 -0.00010448176342743649 0.00016811372586995389 -2.0832904515492166e-05 -1.6621860029585426e-05 4.3010101525629839e-05 -0.00016854860056976961 -0.00025697400759767941 -0.00012170599680458068 -0.00076735179111062774 -0.00050719316122332697 6.1030490331505166e-05 0.0001834906011494332 5.8502910012664566e-06 -0.0002261689705160304 -0.00017999912879421661
leaf_weight=6402 303 327 1148 302 532 3075 620 7096 6965 15638 11233 2076 204 3775 3227 910 3630 1738 32422 16672 5324 1221 653 260 317 1470 4748 217 544 1325
leaf_count=6402 303 327 1148 302 532 3075 620 7096 6965 15638 11233 2076 204 3775 3227 910 3630 1738 32422 16672 5324 1221 653 260 317 1470 4748 217 544 1325
internal_value=-5.51047e-07 1.45341e-05 -0.000169018 -0.00027831 0.000261167 -0.000231455 -3.97071e-05 5.20339e-06 1.54414e-05 2.93615e-05 -4.26373e-05 -0.000114848 -7.18202e-05 1.5316e-05 3.97405e-05 -0.000320795 0.000211607 8.30397e-06 1.40097e-05 -1.21205e-06 -9.78209e-05 -0.000118712 -0.000290595 -0.000482806 -4.33767e-05 0.000118029 0.000115597 -0.000299661 -2.04202e-05 -2.3077e-05
internal_weight=134374 123332 11042 5979 4489 5677 5063 118843 104909 84635 20274 9041 13934 72791 3847 3985 4162 69016 66057 50419 12260 2959 1216 563 6936 1674 11844 534 1692 33747
internal_count=134374 123332 11042 5979 4489 5677 5063 118843 104909 84635 20274 9041 13934 72791 3847 3985 4162 69016 66057 50419 12260 2959 1216 563 6936 1674 11844 534 1692 33747
is_linear=0
shrinkage=0.005


Tree=66
num_leaves=31
num_cat=0
split_feature=9 39 46 135 67 90 256 4 102 37 78 81 96 49 54 257 49 32 83 34 167 253 163 91 83 129 81 39 46 37
split_gain=13.9368 6.57795 5.82915 3.72154 3.65991 3.53263 3.72289 3.07621 2.80587 2.53845 2.48956 2.41789 2.39389 2.32232 2.08544 1.88187 1.84436 1.71433 1.71126 2.31193 1.67118 2.01802 1.86815 1.65623 1.59988 1.57696 1.55403 1.17102 1.16383 1.22998
threshold=0.94230768084526073 -4.3644902706146231 -1.6428571343421934 -1.2731872200965879 8.260869503021242 0.79219499230384838 3.7007432742450314e-15 1.2352941632270815 -0.3523042351007461 -0.5589390993118285 5.9564526081085214 -2.1627249717712398 1.7559700012207033 0.046875000000000007 0.75793650746345531 -0.62280699610710133 1.4843750000000002 -0.027885053306818005 2.343345165252686 -1.1444876194000242 -0.7254275083541869 0.13398693501949313 0.22511918097734454 -2.0254837274551387 1.4686001539230349 -1.1465103626251218 -0.60413897037506092 0.86454564332962047 0.5000000149011613 -1.530397295951843
decision_type=10 8 10 8 10 10 10 10 8 10 8 10 10 8 2 10 10 10 10 10 8 8 10 10 10 8 10 10 8 8
left_child=1 3 -2 24 7 6 12 11 13 -9 18 -4 14 27 20 -6 25 -16 19 -5 -3 22 -22 -11 -1 -10 -17 -8 29 -27
right_child=2 5 4 10 15 -7 8 9 16 23 -12 -13 -14 -15 17 26 -18 -19 -20 -21 21 -23 -24 -25 -26 28 -28 -29 -30 -31
leaf_value=0.00028326385416001606 0.00013676929909544071 8.5897555290585711e-05 -0.0007887248943266856 0.00026496747865163088 -0.00018096084361417957 -0.00015535313713074613 -4.8613323615573443e-05 3.7858637172087833e-05 -0.0001258250103622984 -9.5915108724202078e-05 0.00059885915216667703 -0.00023853568280871398 -0.0003050114042838887 -0.00036006818111257986 5.680443095577216e-05 -0.00091704523079746665 -0.00020791710949428003 0.00020601359535910312 0.00033395571861017336 4.0609829032840712e-06 8.4186597070896871e-05 -2.9933129003064832e-05 0 -0.0004967725257662253 0.00075306623680412767 -0.00015537500294883423 -0.00044268492480475057 -0.00020675310226797952 -3.3302086224448948e-05 3.1631569928862902e-05
leaf_weight=412 1296 10158 206 1117 357 3302 7012 2119 2294 641 261 4571 502 779 5027 289 1072 3134 690 3508 12936 15933 13409 434 341 902 487 1406 11695 28084
leaf_count=412 1296 10158 206 1117 357 3302 7012 2119 2294 641 261 4571 502 779 5027 289 1072 3134 690 3508 12936 15933 13409 434 341 902 487 1406 11695 28084
internal_value=-5.48601e-07 1.41988e-05 -0.000176317 0.000171162 -0.000220992 5.74346e-06 1.04066e-05 -0.000182873 -2.01487e-05 -6.24047e-05 0.000126224 -0.000263166 3.70413e-05 -9.9559e-05 3.99081e-05 -0.000486749 -3.54714e-06 0.000114256 0.00010238 6.73995e-05 2.83175e-05 1.44625e-05 4.13318e-05 -0.000259763 0.00050024 1.56277e-06 -0.000624728 -7.51927e-05 8.77303e-06 2.57692e-05
internal_weight=134374 123974 10400 6329 9104 117645 114343 7971 53244 3194 5576 4777 61099 9197 60597 1133 44047 8161 5315 4625 52436 42278 26345 1075 753 42975 776 8418 40681 28986
internal_count=134374 123974 10400 6329 9104 117645 114343 7971 53244 3194 5576 4777 61099 9197 60597 1133 44047 8161 5315 4625 52436 42278 26345 1075 753 42975 776 8418 40681 28986
is_linear=0
shrinkage=0.005


Tree=67
num_leaves=31
num_cat=0
split_feature=11 64 138 68 192 90 67 62 176 254 222 65 80 233 132 28 66 216 69 69 257 69 190 64 44 22 80 63 80 69
split_gain=13.4103 11.1423 6.12484 5.36101 3.6917 3.94299 3.39665 2.90904 3.23349 2.81811 2.65992 2.50643 2.46015 4.13868 2.4155 2.92976 2.58133 2.23471 2.1683 2.04951 1.86329 2.04025 1.839 1.78876 1.77248 2.05074 1.9571 1.67572 1.58975 1.56038
threshold=0.84346503019332897 1.4615384340286257 -0.7588047683238982 -0.50078126788139332 -0.38841052353382105 0.79219499230384838 8.260869503021242 5.690908908843995 -0.41174757480621332 1.1878980994224551 0.48050196468830114 0.79941177368164074 -1.5318576097488401 1.2020069360733034 0.25083751976490026 1.0000000180025095e-35 -0.96536886692047108 -0.17056418210268018 -1.4899145960807798 -2.7273360490798946 -0.62280699610710133 -1.2133411169052122 0.45537938177585607 -0.22469635307788846 -0.12249999865889548 -0.10922329872846602 3.4305380582809453 -0.19513839483261106 4.992124319076539 -2.5154035091400142
decision_type=10 10 10 2 8 10 10 10 8 10 10 8 10 10 8 8 10 10 10 8 10 10 10 10 8 10 10 10 8 10
left_child=1 4 6 -3 10 9 7 8 22 11 27 14 13 -10 16 17 -6 -16 -12 -5 -8 -22 -2 -13 25 28 -26 -1 -18 -4
right_child=2 3 29 19 5 -7 20 -9 12 -11 18 23 -14 -15 15 -17 24 -19 -20 -21 21 -23 -24 -25 26 -27 -28 -29 -30 -31
leaf_value=-0.00019449493151615333 -1.1421786519970976e-05 0.00087121613333120953 0.00032496434707204836 0.00049872553945576261 -0.00023678708715529741 -0.00015457754698416679 -0.00018006853694536786 0.00012434621655038711 -0.0011611894935496889 -0.00019578189159274816 -0.00036172976935591538 4.3804270569128816e-06 -0.00024923769385175765 -0.00033432347622437334 -2.0719176376285741e-05 -4.2094383579330263e-06 4.76334457215642e-05 -0.00030866780942312563 -9.9235741925926763e-05 0.00016642108255778232 -0.00084731585482436728 -0.00032120815057664172 -0.0003199693554988268 0.00012228136064035364 7.0429415682854294e-05 -3.0634380302084588e-05 0.00049023856068482446 5.168157036244731e-05 0.00036109891061422651 -3.8802613562028406e-06
leaf_weight=807 2044 327 437 532 841 3302 357 664 207 1474 876 4760 3418 564 1266 34296 13250 1447 7617 3630 437 339 629 9980 20723 12880 277 4634 413 1946
leaf_count=807 2044 327 437 532 841 3302 357 664 207 1474 876 4760 3418 564 1266 34296 13250 1447 7617 3630 437 339 629 9980 20723 12880 277 4634 413 1946
internal_value=-5.46283e-07 1.43983e-05 -0.000167444 0.000258789 5.1523e-06 1.53133e-05 -0.000229203 -0.000190429 -0.000221029 2.08466e-05 -7.12919e-05 2.40501e-05 -0.000307712 -0.000563018 1.36476e-05 -1.67479e-05 3.69068e-05 -0.000174768 -0.000126566 0.000209565 -0.000484353 -0.000621651 -8.46766e-05 8.42558e-05 4.17831e-05 1.45998e-05 7.61061e-05 1.49322e-05 5.7274e-05 5.67688e-05
internal_weight=134374 123332 11042 4489 118843 104909 8659 7526 6862 101607 13934 100133 4189 771 85393 37009 48384 2713 8493 4162 1133 776 2673 14740 47543 26543 21000 5441 13663 2383
internal_count=134374 123332 11042 4489 118843 104909 8659 7526 6862 101607 13934 100133 4189 771 85393 37009 48384 2713 8493 4162 1133 776 2673 14740 47543 26543 21000 5441 13663 2383
is_linear=0
shrinkage=0.005


Tree=68
num_leaves=31
num_cat=0
split_feature=8 29 85 39 68 107 14 192 174 155 168 168 96 69 34 222 66 180 80 65 23 163 75 80 13 65 30 162 81 69
split_gain=11.872 7.58427 9.33916 6.60836 5.40706 4.53649 3.40946 3.68079 3.31913 3.73032 3.28958 2.96277 3.36088 2.7132 2.46246 2.1957 2.158 2.14755 2.14267 2.13891 2.07182 1.71787 1.51409 1.46645 1.45666 1.44864 1.40019 1.42814 1.33292 1.32972
threshold=1.0724638104438784 -0.3314970582723617 4.1869037151336679 -4.3644902706146231 -0.51498931646347035 0.11070440337061883 0.49652777612209326 -0.38149812817573542 0.82020363211631786 0.39839901030063635 1.7350925207138064 0.49213972687721258 1.3341150879859927 -2.6205701828002925 -1.1444876194000242 -0.22048258036375043 -0.96536886692047108 2.6102181673049931 -1.0167198777198789 0.63352942466735851 0.76570045948028576 0.54135274887084972 -2.6413145065307613 0.46782824397087103 0.74208861589431774 0.47588235139846807 0.77083334326744091 -0.31377547979354853 1.2649208307266238 -1.0047053694725034
decision_type=10 10 10 8 2 10 10 8 10 10 10 8 10 10 10 8 10 10 10 8 8 8 10 10 10 10 8 10 10 10
left_child=3 22 5 4 -1 23 7 10 9 -8 21 12 16 28 -15 -14 -9 20 -12 -13 26 -5 -2 -3 -11 29 -18 -28 -6 -7
right_child=1 2 -4 6 13 25 8 11 -10 24 18 19 15 14 -16 -17 17 -19 -20 -21 -22 -23 -24 -25 -26 -27 27 -29 -30 -31
leaf_value=0.00082395949038236783 0.00039233330566989253 3.4330297779726893e-05 -0.0011386510250408345 -4.3771685381939027e-05 0.00052506510760488845 -0.00048824553248311505 -0.00022740236563641768 -0.00021557962830800822 -0.00031170348654362606 -4.9562823299583961e-05 0.00045021389884134926 4.5081936759350873e-05 2.4592035928528088e-05 0.00028530303331504689 3.2656746442064917e-05 -0.00025951300753787403 -1.2625472005812953e-05 -0.00017547162078993575 4.2448478434538959e-05 0.00016198707991280288 6.0083987420941433e-05 -0.00016231353590344188 -1.0284690730163037e-05 -0.00041647525134697988 0.00012326858137996742 -0.00013293568357975908 0.00013768376957293149 1.4604933720918742e-05 5.6588367523353311e-05 -0.00027706960748764218
leaf_weight=296 249 1492 298 7490 598 1476 2045 998 1438 2770 403 14613 1056 1274 3953 1886 35892 1402 1555 5352 23541 5183 2871 200 2167 758 3351 7960 208 1599
leaf_count=296 249 1492 298 7490 598 1476 2045 998 1438 2770 403 14613 1056 1274 3953 1886 35892 1402 1555 5352 23541 5183 2871 200 2167 758 3351 7960 208 1599
internal_value=-5.44017e-07 -0.000176505 -0.000283019 1.20042e-05 0.000169378 -0.000235791 3.63053e-06 1.10147e-05 -9.33247e-05 -4.80853e-05 -6.28412e-05 2.22727e-05 8.03846e-06 0.000136523 9.45447e-05 -0.000157498 1.47138e-05 1.79211e-05 0.000127563 7.64783e-05 2.1773e-05 -9.23372e-05 2.22636e-05 -1.97319e-05 2.62449e-05 -0.000330886 2.65164e-06 5.11572e-05 0.000405879 -0.000379224
internal_weight=134374 8943 5823 125431 6329 5525 119102 110682 8420 6982 14631 96051 76086 6033 5227 2942 73144 72146 1958 19965 70744 12673 3120 1692 4937 3833 47203 11311 806 3075
internal_count=134374 8943 5823 125431 6329 5525 119102 110682 8420 6982 14631 96051 76086 6033 5227 2942 73144 72146 1958 19965 70744 12673 3120 1692 4937 3833 47203 11311 806 3075
is_linear=0
shrinkage=0.005


Tree=69
num_leaves=31
num_cat=0
split_feature=11 64 138 68 29 85 181 90 216 256 102 54 95 69 49 132 77 96 22 66 68 129 79 68 85 32 111 14 32 127
split_gain=13.1544 10.9468 6.01081 5.2675 3.55211 8.87996 3.49059 3.40255 3.23307 3.04926 2.81501 2.69027 2.6292 2.31838 2.12195 2.29624 2.0413 1.90689 2.19101 1.72582 1.95099 1.70496 1.64139 1.60315 1.81371 1.59705 1.85659 1.78394 1.59037 1.33334
threshold=0.84346503019332897 1.4615384340286257 -0.7588047683238982 -0.50078126788139332 -0.3314970582723617 4.1869037151336679 0.63351979851722728 0.79219499230384838 -0.16482146829366681 -0.52777779102325428 1.2525492310523989 0.75000000000000011 -0.2148523926734924 -1.4501309990882871 1.4843750000000002 -0.77479067444801319 -1.1750805377960203 1.0761528611183169 -0.12864077836275098 -0.97598987817764271 -0.53606104850769032 -0.37730300426483149 -2.2213071584701534 -0.26322774589061732 2.9017442464828496 0.92311805486679088 -0.71930581331253041 -0.66840279102325428 -0.30109123885631556 0.63547953963279735
decision_type=10 10 10 2 10 10 10 10 8 8 10 2 10 10 10 8 8 8 8 8 2 8 10 2 10 10 8 10 8 10
left_child=1 6 4 -3 11 12 7 9 -8 28 14 -2 -6 -10 17 -16 -5 19 -19 -11 -21 -14 -4 24 -13 26 -22 -27 -1 -30
right_child=2 3 22 16 5 -7 8 -9 13 10 -12 23 21 -15 15 -17 -18 18 -20 20 25 -23 -24 -25 -26 27 -28 -29 29 -31
leaf_value=8.2891420097290389e-06 1.2487842718030881e-05 0.00086356246702894439 0.00045500475174023935 0.00056926724911455975 -3.7086399417867728e-05 -0.0011373889683330856 6.030346405998803e-05 -0.00015285633039962711 -0.00037885365954840912 -0.00027655727597295605 0.00010959183454937531 -0.00023499070970118175 -4.6957328789010731e-05 -9.9159623370111597e-05 6.9623329471190165e-05 -0.00030261591067948885 0.00017325642008628688 -0.00021204696866805511 2.8489305404855639e-05 0.00036740200157939017 8.501762908033996e-05 -0.00035307096821047309 1.2902657968674317e-05 -0.00011745056828592844 -0.00084897149917109076 -0.00017174301438456361 4.2726941980044835e-06 5.0437720938985924e-05 9.3446357636791668e-05 0.00028466627632722232
leaf_weight=5772 2073 327 228 354 1096 298 3190 2959 815 524 6123 291 528 7965 636 1165 3808 2148 1682 375 8060 3547 2155 615 211 2462 60860 1418 11700 989
leaf_count=5772 2073 327 228 354 1096 298 3190 2959 815 524 6123 291 528 7965 636 1165 3808 2148 1682 375 8060 3547 2155 615 211 2462 60860 1418 11700 989
internal_value=-5.41392e-07 1.42598e-05 -0.000165838 0.000256497 -0.00022702 -0.000304366 5.09532e-06 1.41691e-05 -7.58491e-05 1.89371e-05 6.33987e-06 -9.39921e-05 -0.00025521 -0.00012538 -1.62962e-06 -0.000171059 0.000207702 2.31055e-06 -0.000106382 7.97272e-06 1.00358e-05 -0.000313636 5.62755e-05 -0.000291225 -0.000499872 8.163e-06 1.37283e-05 -9.04549e-05 7.72032e-05 0.000108496
internal_weight=134374 123332 11042 4489 8659 5469 118843 106873 11970 103914 85453 3190 5171 8780 79330 1801 4162 77529 3830 73699 73175 4075 2383 1117 502 72800 68920 3880 18461 12689
internal_count=134374 123332 11042 4489 8659 5469 118843 106873 11970 103914 85453 3190 5171 8780 79330 1801 4162 77529 3830 73699 73175 4075 2383 1117 502 72800 68920 3880 18461 12689
is_linear=0
shrinkage=0.005


Tree=70
num_leaves=31
num_cat=0
split_feature=9 64 46 255 85 192 107 63 85 174 168 18 96 65 219 46 96 66 69 180 62 163 131 23 31 31 7 10 184 162
split_gain=13.8131 6.03693 5.65717 4.74655 5.2732 4.36916 3.8134 4.10722 5.82598 7.17274 2.90713 2.93197 3.50129 2.56976 2.48036 2.21854 2.74446 2.65063 2.2119 2.19241 2.0836 2.00434 1.59366 1.58523 1.45499 1.44916 1.27507 1.26303 1.36596 1.24782
threshold=0.94230768084526073 1.3481781482696535 -1.6428571343421934 1.2321428656578066 2.3167549371719365 -0.3943690806627273 0.11070440337061883 6.5679845809936532 4.1869037151336679 3.0964974164962773 0.42344214022159582 0.47368420660495764 -0.12251450121402739 0.63352942466735851 0.47717715799808508 0.21428572386503222 1.0237910747528078 -0.96536886692047108 -1.0763781070709226 2.6102181673049931 1.7909090518951418 0.54135274887084972 -0.026386650279164311 -0.11835749074816702 0.24074073880910876 1.2222222089767458 -0.42229729890823359 -0.42879256606101984 -0.35136549174785608 1.9231294393539431
decision_type=10 10 10 10 10 8 10 10 10 10 8 10 8 8 10 10 10 10 10 10 10 10 10 8 10 10 8 10 8 10
left_child=1 5 -2 4 29 21 -4 8 18 -10 11 15 -13 22 -14 17 27 -7 -8 25 -6 -1 24 -24 -12 -19 -23 -17 -29 -3
right_child=2 3 6 -5 20 10 7 -9 9 -11 13 12 14 -15 -16 16 -18 19 -20 -21 -22 26 23 -25 -26 -27 -28 28 -30 -31
leaf_value=-3.7605199994538369e-05 0.00013353668846489289 8.5204681688190819e-05 -2.1333022840482764e-05 -7.5325254498242035e-05 0.00042041153804370191 -0.00021714431754625373 -0.00039500046887881577 2.5676655927998758e-05 -0.0015308471773989327 -0.00028869975185761236 0.00013653048866046905 3.3037857274417824e-05 -7.3563645953392731e-05 0.00015445695966434243 -0.00026174853581956777 -6.3692499298230242e-05 -0.0002354097993000753 5.8342794533722951e-05 -0.00019344037058172185 -0.0002212004453916912 0.00095834537254532379 -0.0001317065280143036 7.4814682224434489e-05 -5.2791884802576424e-05 -3.3957765209973022e-06 -0.00015942009369109889 -0.00036832778098136156 -7.938907285968753e-05 3.5586837936401866e-05 0.0002605508271322529
leaf_weight=8720 1290 2684 1918 1676 787 961 2317 990 210 262 5290 6154 7102 5954 2328 6942 1376 35347 3380 735 240 3521 3847 6603 2851 775 682 3118 14905 1647
leaf_count=8720 1290 2684 1918 1676 787 961 2317 990 210 262 5290 6154 7102 5954 2328 6942 1376 35347 3380 735 240 3521 3847 6603 2851 775 682 3118 14905 1647
internal_value=-3.40176e-07 1.42894e-05 -0.000175641 0.000156511 0.000229127 5.74383e-06 -0.000219685 -0.000272704 -0.000320651 -0.000852652 1.6495e-05 1.84125e-06 -5.96572e-05 6.40724e-05 -0.000120188 1.67903e-05 -1.84242e-05 4.13303e-05 -0.000275778 4.81118e-05 0.00055064 -8.09517e-05 3.5065e-05 -5.75444e-06 8.74945e-05 5.36354e-05 -0.000170613 -6.39984e-06 1.56516e-05 0.000152224
internal_weight=134612 124245 10367 7034 5358 117211 9077 7159 6169 472 104288 79743 15584 24545 9430 64159 26341 37818 5697 36857 1027 12923 18591 10450 8141 36122 4203 24965 18023 4331
internal_count=134612 124245 10367 7034 5358 117211 9077 7159 6169 472 104288 79743 15584 24545 9430 64159 26341 37818 5697 36857 1027 12923 18591 10450 8141 36122 4203 24965 18023 4331
is_linear=0
shrinkage=0.005


Tree=71
num_leaves=31
num_cat=0
split_feature=11 21 138 68 181 63 85 108 23 69 162 69 67 253 96 204 96 193 161 45 192 66 68 88 36 85 208 258 195 96
split_gain=13.3936 10.1705 5.74883 4.65834 3.47778 3.41574 4.6924 5.54449 3.10805 2.79973 2.57688 2.50609 2.45992 2.4582 4.5044 2.49723 2.29236 2.16585 2.06074 2.11997 2.02527 1.80569 1.88359 1.51633 1.40304 1.31867 1.31509 1.25616 1.23466 1.32919
threshold=0.84346503019332897 0.97804051637649547 -0.80282750725746144 -0.50078126788139332 0.63351979851722728 7.1508271694183358 4.1869037151336679 -0.80930867791175831 2.3550724983215336 -3.7965571880340572 1.5659866333007815 -1.7361339330673216 4.1956522464752206 0.79411765933036815 -0.12251450121402739 0.74336498975753795 0.27867533266544348 0.10283800587058069 0.2031224146485329 -0.37939698994159693 -0.41908097267150873 -0.97598987817764271 -0.54924288392066944 4.7894089221954355 -0.56081297993659962 1.4256001710891726 -0.88817206025123585 1.5939597487449648 -1.7097816467285154 1.7559700012207033
decision_type=10 10 10 2 10 10 10 2 10 8 8 10 10 10 8 10 10 10 10 10 10 8 2 8 10 10 10 10 8 10
left_child=1 4 5 -3 9 6 10 -8 11 -1 -2 23 26 15 -15 16 21 -16 -18 -20 -17 -11 -23 -6 -12 -5 -4 -24 -13 -30
right_child=2 3 12 25 8 -7 7 -9 -10 13 24 28 -14 14 17 20 18 -19 19 -21 -22 22 27 -25 -26 -27 -28 -29 29 -31
leaf_value=0.00045483933866754259 -2.2322640680125916e-05 0.0010312187574227909 6.8983066458028818e-05 0.00017457843368172909 -0.00057795635153650728 7.0032823862057957e-05 -0.00034754767554335804 -0.001371789421827433 0.00015413423447670007 -0.00026838618484634105 -0.0002593855889228552 -0.00032983832913928901 0.00018757755676017594 5.2893608926004343e-05 -3.9808428859720782e-05 -0.00027253398278963444 0.00010369032493857068 -0.00024007191530124591 -0.00024059826391089622 3.8293376472823382e-05 -3.0648225093977442e-05 0.00044187458175563876 2.1250916044830185e-05 -8.8188691071355052e-05 -0.00053824358352953534 0.00041530598463931424 -0.00017880832748145745 -0.00011575221364534435 -5.0906215775209105e-05 -0.00026361363012792553
leaf_weight=358 1120 203 812 1817 423 767 388 201 1321 544 4534 475 1161 4863 2350 968 15786 3197 876 2997 7922 258 67072 258 507 843 1542 1710 8538 801
leaf_count=358 1120 203 812 1817 423 767 388 201 1321 544 4534 475 1161 4863 2350 968 15786 3197 876 2997 7922 258 67072 258 507 843 1542 1710 8538 801
internal_value=-3.38964e-07 1.45614e-05 -0.000167228 0.000308841 7.56541e-06 -0.000245235 -0.000281158 -0.000706523 -7.38824e-05 1.64103e-05 -0.000239871 -0.00010269 -1.53945e-07 1.49387e-05 -5.80867e-05 2.2693e-05 3.0658e-05 -0.000155432 7.83342e-05 -2.48866e-05 -5.71809e-05 1.71766e-05 1.94532e-05 -0.00039513 -0.000288036 0.000251693 -9.3157e-05 1.78294e-05 -8.21557e-05 -6.93348e-05
internal_weight=134612 123580 11032 2863 120717 7517 6750 589 11816 108901 6161 10495 3515 108543 10410 98133 89243 5547 19659 3873 8890 69584 69040 681 5041 2660 2354 68782 9814 9339
internal_count=134612 123580 11032 2863 120717 7517 6750 589 11816 108901 6161 10495 3515 108543 10410 98133 89243 5547 19659 3873 8890 69584 69040 681 5041 2660 2354 68782 9814 9339
is_linear=0
shrinkage=0.005


Tree=72
num_leaves=31
num_cat=0
split_feature=11 64 29 85 68 162 60 168 254 90 90 204 77 22 60 80 258 253 63 47 39 28 72 109 127 109 251 68 74 42
split_gain=13.2609 10.0822 5.5773 9.58432 5.24143 3.38838 3.26552 3.13774 2.99834 2.80958 2.70056 2.50018 2.30363 2.1073 2.05295 1.92803 1.81876 2.08163 2.14451 2.43908 1.72671 1.67068 1.66147 1.54225 1.47664 1.46502 1.80587 1.4091 2.27218 1.37238
threshold=0.84346503019332897 1.5040485858917239 -0.3314970582723617 4.1869037151336679 -0.50078126788139332 2.142687320709229 7.5000000000000009 0.42344214022159582 1.1624203920364382 -0.71020987629890431 0.81824815273284923 0.71364304423332225 -1.2711246013641355 0.78155338764190685 7.5000000000000009 -0.50452187657356251 1.573825538158417 -0.7352941334247588 -0.10449327901005744 -0.35714286565780634 0.86454564332962047 1.0000000180025095e-35 -2.4533169269561763 0.12971897423267367 -0.45672333240509028 0.19895052164793017 1.0953319668769839 -0.26841250061988825 -0.68774539232254017 -0.52898550033569325
decision_type=10 10 10 10 2 10 2 8 10 8 10 10 8 10 2 8 10 8 10 8 10 8 10 10 10 10 10 2 2 8
left_child=1 7 6 5 -3 13 27 8 9 -1 16 14 -6 -4 -9 -13 17 -11 20 23 21 -19 -8 -20 -18 26 -16 28 -2 -23
right_child=2 4 3 -5 12 -7 22 11 -10 10 -12 15 -14 -15 25 -17 24 18 19 -21 -22 29 -24 -25 -26 -27 -28 -29 -30 -31
leaf_value=-0.0001303398333613337 -1.5766072321367107e-05 0.00086136264435087264 -0.00029077343470695465 -0.0011309621582216893 0.00061279783093008645 -0.00035398534064146894 0.00036882351079403164 0.00015434390285074594 -0.0002421143071850625 6.0382328468893495e-05 -0.00015638207989191464 -0.00054749668021688094 0.00016555033835636155 -1.3547027538293285e-05 0.00012284570481963832 -6.3221263260835898e-05 -0.00026225747958560144 -0.00028297896238792865 4.2504653846603291e-06 5.5556629764502206e-05 -0.00020042711960740627 -0.00011587871389386712 -3.7001411047412216e-06 -0.00015605534108184205 6.3079913373710333e-06 -1.6560623826649796e-06 -2.6405256799184167e-06 -0.00010524020805163067 -0.00067501437994406421 -6.5972952214030164e-06
leaf_weight=4278 202 320 1040 302 309 2636 322 4991 1354 16230 2636 228 3774 2006 8134 1798 1123 597 3992 21250 1407 3175 3506 2393 930 10335 4414 643 375 29912
leaf_count=4278 202 320 1040 302 309 2636 322 4991 1354 16230 2636 228 3774 2006 8134 1798 1123 597 3992 21250 1407 3175 3506 2393 930 10335 4414 643 375 29912
internal_value=-3.37719e-07 1.44886e-05 -0.000166398 -0.000269608 0.000249314 -0.000222785 -4.38058e-05 5.79864e-06 -9.04441e-06 -5.43592e-06 9.53689e-07 5.01286e-05 0.000200228 -0.000108686 6.24718e-05 -0.00011918 6.08884e-06 9.91894e-06 -3.13398e-06 2.97983e-05 -2.90837e-05 -2.18831e-05 2.79452e-05 -5.58265e-05 -0.000140636 4.23824e-05 7.86802e-05 -0.000268543 -0.000447198 -1.71149e-05
internal_weight=134612 123580 11032 5984 4403 5682 5048 119177 89277 87923 83645 29900 4083 3046 27874 2026 81009 78956 62726 27635 35091 33684 3828 6385 2053 22883 12548 1220 577 33087
internal_count=134612 123580 11032 5984 4403 5682 5048 119177 89277 87923 83645 29900 4083 3046 27874 2026 81009 78956 62726 27635 35091 33684 3828 6385 2053 22883 12548 1220 577 33087
is_linear=0
shrinkage=0.005


Tree=73
num_leaves=31
num_cat=0
split_feature=11 64 46 68 14 85 181 198 90 65 254 77 27 107 77 119 91 258 257 203 164 203 188 135 18 174 31 36 115 15
split_gain=13.1295 9.98252 5.21154 5.19006 3.79603 9.98742 3.27944 3.24982 3.09994 3.08716 2.41276 2.28111 2.224 2.46146 2.17348 2.3216 2.08663 2.05476 2.19638 1.93298 1.66255 1.59613 1.63928 1.47826 1.41699 1.41346 1.36848 1.36259 1.34352 1.27846
threshold=0.84346503019332897 1.5040485858917239 -1.6428571343421934 -0.50078126788139332 1.1979166865348818 4.1869037151336679 0.63351979851722728 -0.15720819681882856 0.79219499230384838 0.54764705896377575 1.1878980994224551 -1.2711246013641355 0.0098980204202234762 -0.65334093570709217 -1.2711246013641355 3.4335794448852544 1.6144573688507082 0.21812080591917041 0.81578949093818676 -0.47907783091068262 -1.0626493096351621 -0.15625751018524167 0.5807800590991975 0.28714889287948614 0.50328946113586437 -0.046838043257594102 0.85185185074806224 -0.56081297993659962 3.0568865537643437 0.50694444775581371
decision_type=10 10 10 2 10 10 10 8 10 8 10 8 8 8 10 10 8 10 10 8 8 10 10 10 10 10 10 10 10 10
left_child=1 6 -2 -3 5 16 8 -8 9 10 12 -5 13 -1 20 -16 27 18 26 -11 -6 -9 -23 -19 -21 -26 -14 -4 -15 -10
right_child=2 3 4 11 14 -7 7 21 29 19 -12 -13 17 28 15 -17 -18 23 -20 24 -22 22 -24 -25 25 -27 -28 -29 -30 -31
leaf_value=0.00014461888874209557 0.00013243414210232019 0.00085712208389179204 -0.00025232960458740502 0.00060978263326506073 0.00024410856833326355 -0.0011981015361112119 6.5774034554397901e-05 -6.0136861272615132e-05 -9.1878237909541911e-05 -3.6551364512922297e-05 -0.000195281498902336 0.00016472368190693099 6.7121212359498032e-06 2.5214197585768957e-05 -5.6822169803873801e-05 -0.00036601044888055393 -2.2811011740019763e-05 -0.00017424406835113467 -0.00030644849345232058 0.00010688859312111004 -9.3445159039759075e-05 -0.00024131896882808164 2.9493289101522226e-05 3.9855525259847279e-05 -0.00020979994227755157 5.0958768975328376e-05 -0.00013409145326067753 -0.00052928486666455315 -0.00021624376358289138 -0.00035057812292006024
leaf_weight=4573 1290 320 3991 309 690 282 3094 4721 2364 3578 1478 3774 35040 33017 1609 977 926 3212 590 16753 761 3335 666 1069 696 2001 1810 506 581 599
leaf_count=4573 1290 320 3991 309 690 282 3094 4721 2364 3578 1478 3774 35040 33017 1609 977 926 3212 590 16753 761 3335 666 1069 696 2001 1810 506 581 599
internal_value=-3.36652e-07 1.4416e-05 -0.000165572 0.000248078 -0.000205132 -0.000288155 5.76911e-06 -7.32669e-05 1.44754e-05 1.90088e-05 4.53631e-06 0.000199233 8.25118e-06 3.58332e-05 -8.74708e-05 -0.000174308 -0.000239685 -1.69732e-05 -5.0871e-06 7.01137e-05 6.70168e-05 -0.000122656 -0.000196135 -0.000120681 8.97657e-05 -1.64125e-05 -2.07562e-07 -0.000284157 2.09923e-05 -0.000144848
internal_weight=134612 123580 11032 4403 9742 5705 119177 11816 107361 104398 81370 4083 79892 38171 4037 2586 5423 41721 37440 23028 1451 8722 4001 4281 19450 2697 36850 4497 33598 2963
internal_count=134612 123580 11032 4403 9742 5705 119177 11816 107361 104398 81370 4083 79892 38171 4037 2586 5423 41721 37440 23028 1451 8722 4001 4281 19450 2697 36850 4497 33598 2963
is_linear=0
shrinkage=0.005


Tree=74
num_leaves=31
num_cat=0
split_feature=11 64 138 68 63 162 168 254 65 195 69 23 67 96 254 77 180 204 81 80 240 131 66 108 19 114 96 131 223 81
split_gain=12.9994 9.88383 5.60563 5.13919 3.33498 3.21578 3.09172 2.94745 2.71423 2.68945 2.67596 5.77255 2.40664 2.39659 2.31882 2.2588 2.1575 2.01659 1.95257 1.88767 1.80595 1.88906 1.80576 1.91025 2.60258 2.01116 1.80078 1.72823 1.56354 1.54302
threshold=0.84346503019332897 1.5040485858917239 -0.80282750725746144 -0.50078126788139332 7.1508271694183358 1.5659866333007815 0.42344214022159582 1.1624203920364382 0.94411766529083263 -1.7097816467285154 -2.9921171665191646 0.77777776122093212 4.1956522464752206 1.3566902875900271 -0.65923568606376637 -1.2711246013641355 2.6102181673049931 0.71364304423332225 -2.369918584823608 -0.50452187657356251 1.2206631302833559 1.0516481399536135 -0.96536886692047108 0.058187542483210571 0.40359477698802954 -0.63341504335403431 -0.1394456401467323 -0.10518302023410796 0.34760005772113806 2.7204495668411259
decision_type=10 10 10 2 10 8 8 10 8 8 10 10 10 8 8 8 10 10 10 8 10 10 8 2 10 8 10 10 8 10
left_child=1 6 4 -3 5 -2 7 9 17 -1 11 18 -4 14 16 -5 29 27 -7 -19 21 22 -16 24 -24 -25 -26 -8 -15 -11
right_child=2 3 12 15 -6 10 8 -9 -10 13 -12 -13 -14 28 20 -17 -18 19 -20 -21 -22 -23 23 25 26 -27 -28 -29 -30 -31
leaf_value=-0.0003740639613373255 -3.438019903766039e-05 0.00085290241106892402 -9.176154390397491e-05 0.00060678226649030827 6.9731546179623678e-05 3.2028914037017297e-05 0.000104596833420605 -0.00024007734111433765 0.00017297980246693597 5.1918132184326161e-05 -0.0002776577537703087 -0.001167085025357001 0.00018591692354534588 -6.1945327952008111e-05 -0.0002300294285083399 0.00016390115335292762 -0.00021773091227380551 -0.00054988388524910539 -0.00053149228173278592 -6.5601421706443539e-05 -0.00020954970918137246 -0.00010579089831643655 7.1166751717934511e-05 -0.00014243765963897772 1.7498857169407638e-05 -1.1794690565518237e-05 -0.00011590647773526182 1.427894747270809e-05 -0.00030235319698331995 0.00043212183029890254
leaf_weight=487 1139 320 2354 309 767 255 7895 1354 3884 19922 4702 280 1161 2115 849 3774 735 223 374 1770 1147 4724 16523 3328 7542 25491 3797 16128 997 266
leaf_count=487 1139 320 2354 309 767 255 7895 1354 3884 19922 4702 280 1161 2115 849 3774 735 223 374 1770 1147 4724 16523 3328 7542 25491 3797 16128 997 266
internal_value=-3.35425e-07 1.43439e-05 -0.00016475 0.000246848 -0.000241779 -0.000277275 5.73986e-06 -8.99388e-06 4.97435e-05 -5.4161e-06 -0.000326418 -0.000575194 0 -3.33582e-06 1.69093e-06 0.000198242 4.73316e-05 3.12963e-05 -0.000303798 -0.000121279 -1.33656e-05 -9.72648e-06 -1.82108e-06 1.60832e-06 3.11347e-05 -2.69207e-05 -2.71608e-05 4.39977e-05 -0.000139487 5.70583e-05
internal_weight=134612 123580 11032 4403 7517 6750 119177 89277 29900 87923 5611 909 3515 87436 84324 4083 20923 26016 629 1993 63401 62254 57530 56681 27862 28819 11339 24023 3112 20188
internal_count=134612 123580 11032 4403 7517 6750 119177 89277 29900 87923 5611 909 3515 87436 84324 4083 20923 26016 629 1993 63401 62254 57530 56681 27862 28819 11339 24023 3112 20188
is_linear=0
shrinkage=0.005


Tree=75
num_leaves=31
num_cat=0
split_feature=9 64 68 175 192 255 29 85 69 254 96 95 111 96 163 258 38 102 255 58 18 31 62 168 27 62 67 38 138 34
split_gain=12.9839 5.71364 5.51111 4.8841 4.1145 3.85629 3.21557 6.36857 2.87983 2.86604 4.06759 2.54269 2.35127 3.38102 1.876 1.63757 2.26776 1.63308 1.6274 1.61897 1.6034 1.51359 1.50566 1.417 1.40289 1.34032 1.30488 1.49953 1.29208 1.28889
threshold=0.94230768084526073 1.3481781482696535 -0.50078126788139332 0.13488123565912249 -0.38841052353382105 1.2321428656578066 -0.3314970582723617 4.1869037151336679 -1.7361339330673216 0.69745221734046947 -0.095380693674087511 -0.22111371159553525 -0.38677075505256647 1.3341150879859927 0.54135274887084972 1.6208053827285769 0.619155913591385 1.2829083800315859 -1.0535714030265806 1.5000000000000002 0.54111841320991527 0.85185185074806224 5.0272727012634286 -0.62270760536193837 0.26724655926227575 -1.136363625526428 0.71739131212234508 -0.06174036301672458 -0.29141883552074427 -1.1444876194000242
decision_type=10 10 2 10 8 10 10 10 8 10 10 10 10 10 10 10 8 10 10 2 10 10 10 8 10 10 10 10 10 8
left_child=1 4 25 6 14 8 22 11 -4 12 -11 -8 23 15 -1 16 17 21 -13 -18 -12 26 -2 -6 -16 -3 -14 -28 -22 -10
right_child=3 2 5 -5 9 -7 7 -9 29 10 20 18 13 -15 24 -17 19 -19 -20 -21 28 -23 -24 -25 -26 -27 27 -29 -30 -31
leaf_value=-3.6217741106419183e-05 -0.000152779701286976 0.0004142199974654798 0.0003973224575529702 5.4656021688068123e-05 -3.8826653104639872e-05 -0.00010282281545860888 -2.8620568838196816e-05 -0.0010205604344909322 0.0002618250272393767 2.2176819067236336e-05 -8.447227634989204e-05 -0.00014679123986670829 1.3087561521750371e-05 -0.0001778548926719227 -0.00033237385435725932 -0.00019956117260488168 0.00020784114849887 0.00010147877490922772 -0.00037401498755344558 5.5387512524353656e-05 -1.7158606293264709e-05 -0.00012757597333889532 0.0001115964954034605 8.5807019378806462e-05 -0.00011437045349407492 0.00097435272019573069 -0.00014871604896066361 3.3761233292632693e-05 -0.00031972654395504403 5.785422193588235e-05
leaf_weight=8987 2472 248 1185 1959 2576 1548 996 284 1077 7306 3057 1106 41123 2269 955 847 2051 4120 2897 11580 443 2287 682 19370 3306 210 2784 1879 1812 2775
leaf_count=8987 2472 248 1185 1959 2576 1548 996 284 1077 7306 3057 1106 41123 2269 955 847 2051 4120 2897 11580 443 2287 682 19370 3306 210 2784 1879 1812 2775
internal_value=-2.56437e-07 1.3995e-05 0.000152248 -0.000169935 5.64451e-06 0.000114986 -0.000222144 -0.000297573 0.000182059 1.62688e-05 -5.43175e-05 -0.000255421 2.60765e-05 1.17168e-05 -7.72979e-05 1.81888e-05 2.10133e-05 6.00211e-06 -0.000311621 7.8431e-05 -0.000159542 -2.17983e-06 -9.53683e-05 7.11494e-05 -0.00016368 0.000679878 4.08601e-06 -7.51206e-05 -0.000260677 0.000115279
internal_weight=134191 123795 7043 10396 116752 6585 8437 5283 5037 103504 12618 4999 90886 68940 13248 66671 65824 52193 4003 13631 5312 48073 3154 21946 4261 458 45786 4663 2255 3852
internal_count=134191 123795 7043 10396 116752 6585 8437 5283 5037 103504 12618 4999 90886 68940 13248 66671 65824 52193 4003 13631 5312 48073 3154 21946 4261 458 45786 4663 2255 3852
is_linear=0
shrinkage=0.005


Tree=76
num_leaves=31
num_cat=0
split_feature=11 21 36 6 44 85 68 168 181 65 253 4 69 79 35 85 78 252 188 19 119 80 33 54 6 198 174 33 75 47
split_gain=12.5115 9.90218 4.60676 4.60246 4.62796 4.0584 3.91096 3.2199 3.06399 2.71649 2.69688 2.82328 2.16492 2.06253 1.99515 1.80009 1.74548 1.73914 1.68274 3.03112 2.45447 1.67259 1.647 1.64681 1.5606 1.45669 1.41896 1.40154 1.39714 1.30704
threshold=0.84346503019332897 0.97804051637649547 -0.56081297993659962 1.0631399154663088 -1.2574999928474424 4.1869037151336679 -0.49543276429176325 0.42344214022159582 0.69049984216690075 1.0194117426872256 0.79411765933036815 0.32352942228317266 -1.4501309990882871 -1.0680634975433347 -0.67874875664710987 2.3167549371719365 -1.276531934738159 -0.2692307755351066 -0.17424130439758298 0.21568627655506137 0.68668147921562206 -2.0056647062301631 0.97120743989944469 -0.75793650746345509 0.35665529966354376 -0.15973851829767224 2.8449468612670903 -1.7041040062904356 1.4714496135711672 1.0714285969734194
decision_type=10 10 10 10 10 10 2 8 10 8 10 10 10 10 10 10 10 2 10 10 8 10 10 2 10 8 8 10 10 10
left_child=1 7 3 5 23 27 -3 8 10 15 18 -12 17 -7 -13 -9 -8 -10 19 20 22 -20 24 -5 -1 -14 -17 -2 -6 -27
right_child=2 6 -4 4 28 13 16 9 12 -11 11 14 25 -15 -16 26 -18 -19 21 -21 -22 -23 -24 -25 -26 29 -28 -29 -30 -31
leaf_value=-6.5471809682573034e-06 0.0001470535479759722 0.00092894914086656211 -0.00054601179188890395 0.0001059636064903786 8.182873901034801e-05 -0.0010869360212600084 0.00058388239748460077 2.56254132352813e-05 -0.00050806284117757821 0.00017588893261232257 -9.3972769377274534e-06 -0.00033809314418473775 4.3638270129483219e-05 -0.00038693802125706542 -8.4544996206548618e-05 0.00011301864804956767 0.00019859033820210847 4.733503012871945e-06 0.00020453573928191096 8.4229561659705476e-05 -0.00022002415459424399 3.127816812914374e-05 -0.00023449474544494866 -0.00029837628966199019 -0.00019137626856824749 -0.00017663920659770336 0.00052137857863327863 -0.00023426894271361774 -0.00020699571461666938 -3.6835457647081441e-05
leaf_weight=29205 254 227 723 289 3669 200 337 26628 522 3810 4885 1443 2124 241 1696 691 2294 238 1458 7079 1608 29802 865 1765 1184 3330 308 3468 467 3381
leaf_count=29205 254 227 723 289 3669 200 337 26628 522 3810 4885 1443 2124 241 1696 691 2294 238 1458 7079 1608 29802 865 1765 1184 3330 308 3468 467 3381
internal_value=-2.5531e-07 1.42244e-05 -0.000161183 -0.00013401 -4.73827e-05 -0.000262485 0.000304842 7.30111e-06 -8.08674e-06 5.07872e-05 2.1293e-06 -8.47332e-05 -9.24489e-05 -0.000714145 -0.000201613 3.34878e-05 0.000249145 -0.000347842 1.19306e-05 -9.56333e-06 -2.97928e-05 3.94065e-05 -1.99559e-05 -0.000241123 -1.37951e-05 -7.02388e-05 0.000241387 -0.00020795 4.8886e-05 -0.00010636
internal_weight=134191 123115 11076 10353 6190 4163 2858 120257 88820 31437 79225 8024 9595 441 3139 27627 2631 760 71201 39941 32862 31260 31254 2054 30389 8835 999 3722 4136 6711
internal_count=134191 123115 11076 10353 6190 4163 2858 120257 88820 31437 79225 8024 9595 441 3139 27627 2631 760 71201 39941 32862 31260 31254 2054 30389 8835 999 3722 4136 6711
is_linear=0
shrinkage=0.005


Tree=77
num_leaves=31
num_cat=0
split_feature=11 21 138 85 168 192 64 85 108 21 132 66 65 96 39 66 180 96 85 193 92 69 119 38 127 108 174 45 223 181
split_gain=12.3876 9.80452 5.45344 3.81692 3.18794 3.22482 3.1457 3.89534 3.71632 2.83546 3.35278 2.73917 2.69096 2.62788 2.61852 2.25325 2.16969 2.0106 1.85625 1.82161 1.67572 1.642 1.54287 1.53829 1.48882 1.47236 1.36591 1.32593 1.32462 1.33704
threshold=0.84346503019332897 0.97804051637649547 -0.80282750725746144 1.5913056135177615 0.42344214022159582 -0.54528069496154774 5.6902832984924325 4.1869037151336679 -0.8387540578842162 0.40033784508705145 0.25083751976490026 -0.96536886692047108 0.94411766529083263 -0.14930085837841031 0.81597399711608898 -0.63602718710899342 2.6102181673049931 1.0102026462554934 2.3167549371719365 0.090769767761230483 3.2948669195175175 -1.4501309990882871 0.49001421034336096 -0.42314144968986506 -0.085065934807062135 0.32385517656803137 2.8449468612670903 -0.39698491990566248 0.4623942375183106 0.053143419325351722
decision_type=10 10 10 10 8 8 10 10 2 10 8 8 8 8 8 10 10 10 10 8 8 10 10 8 10 2 8 8 10 8
left_child=1 4 6 -3 5 21 7 15 -9 10 11 -7 18 -11 17 -2 23 -12 28 -15 -17 -1 -16 27 -21 -4 -20 -13 29 -6
right_child=2 3 25 -5 12 9 -8 8 -10 13 14 16 -14 19 22 20 -18 -19 26 24 -22 -23 -24 -25 -26 -27 -28 -29 -30 -31
leaf_value=-0.00044457373125280996 -0.00037037815592034162 0.00017878814723462619 4.2038886630850613e-05 0.00057343562458527441 9.8020881126818562e-06 -0.00022654757014733869 5.1032040116031918e-05 -0.00035637878513576963 -0.0012062676776850658 2.3298739380844046e-05 -1.3018408775949707e-06 3.7616344870042788e-05 0.00016744174773698198 -4.9579614464313193e-05 -0.00025440273287409613 -0.00021558796025055653 -0.00021157514617436027 -0.00017346050814903032 0.00011641813358297127 -0.00013377787933013655 4.2456117342113695e-05 -0.00011858172674851613 1.0262887823506079e-05 8.7585996538907962e-05 -0.00033935720007810744 -0.00025631581495410546 0.00051881333242347917 -0.00012776510338940292 -4.4944489868647615e-05 9.1923199476682562e-05
leaf_weight=453 2057 1963 3059 895 12500 862 842 364 202 4557 39175 5926 4253 3860 1783 3308 719 1768 674 2696 771 2585 790 20805 1323 473 308 1518 5475 8227
leaf_count=453 2057 1963 3059 895 12500 862 842 364 202 4557 39175 5926 4253 3860 1783 3308 719 1768 674 2696 771 2585 790 20805 1323 473 308 1518 5475 8227
internal_value=-2.54278e-07 1.41535e-05 -0.000160383 0.000303335 7.26443e-06 -8.04682e-06 -0.000236256 -0.000272434 -0.000668478 -2.36653e-06 9.46571e-06 5.02961e-05 5.05341e-05 -7.21676e-05 -1.85144e-05 -0.000235306 5.8589e-05 -8.76848e-06 3.21979e-05 -0.000127426 -0.000166699 -0.000168006 -0.000173085 6.55192e-05 -0.000201914 1.63647e-06 0.000245123 3.76108e-06 2.41535e-05 4.24362e-05
internal_weight=134191 123115 11076 2858 120257 88820 7544 6702 566 85782 73346 29830 31437 12436 43516 6136 28968 40943 27184 7879 4079 3038 2573 28249 4019 3532 982 7444 26202 20727
internal_count=134191 123115 11076 2858 120257 88820 7544 6702 566 85782 73346 29830 31437 12436 43516 6136 28968 40943 27184 7879 4079 3038 2573 28249 4019 3532 982 7444 26202 20727
is_linear=0
shrinkage=0.005


Tree=78
num_leaves=31
num_cat=0
split_feature=10 29 85 39 107 44 14 192 188 4 245 85 60 80 65 74 38 38 63 35 38 45 38 75 80 163 47 74 72 80
split_gain=9.53975 7.66554 6.61896 5.47781 4.54623 3.81991 3.17184 3.54415 3.49628 3.4827 3.19231 2.54059 2.53413 2.18583 2.05636 2.01623 1.85119 2.05587 2.06504 2.87813 2.87483 1.75961 1.77728 1.57832 1.49222 1.71083 1.44195 1.59846 1.43543 1.4146
threshold=0.97523221373558056 -0.3314970582723617 4.1869037151336679 -4.3644902706146231 0.11070440337061883 -0.91749998927116383 0.46701389551162725 -0.38841052353382105 0.91192916035652172 0.26470588892698294 0.53294935822486889 1.9801276922225954 30.500000000000004 -1.0900028944015501 0.32176470756530767 0.0078632533550262469 2.3001639842987065 1.5614793896675112 -0.093115743249654756 -0.25347566604614252 -0.48255163431167597 0.14572864025831225 -0.28224964439868921 -0.50434482097625721 -0.53579112887382496 0.56591966748237621 1.0000000180025095e-35 -1.8222624659538267 -2.4533169269561763 0.46782824397087103
decision_type=10 10 10 8 10 8 10 8 10 8 8 10 2 10 8 2 10 8 10 8 10 8 10 8 10 10 10 2 10 10
left_child=3 28 4 5 29 11 7 8 24 -8 16 -1 26 -10 -12 -13 17 18 19 -9 -20 -22 -23 -16 -5 -26 27 -11 -2 -3
right_child=1 2 -4 6 -6 -7 9 10 13 12 14 15 -14 -15 23 -17 -18 -19 20 -21 21 22 -24 -25 25 -27 -28 -29 -30 -31
leaf_value=0.00020085685723760199 0.00036754700574763709 4.4632490347458894e-05 -0.0009937058996051702 -0.00018386800406635211 -0.00032053473392045396 4.6308828679596214e-05 3.5004085179954242e-05 -0.00025294447508419243 0.0005205646186383137 0.00012121685454259856 2.6492378197470502e-05 0.00083815810806117956 -2.2157437964316047e-05 6.2361527039465721e-05 0.00025597671143418407 0.00031668034642575392 -0.00013698556617910523 0.0001162029202983637 -3.3117680808105388e-05 -9.7082224686964655e-06 9.3299950562845399e-05 -0.00014430795379812079 4.1968978876647242e-05 0.00010007902653957149 -1.2415953053262405e-05 -0.00016180780261273507 -8.3535471294807887e-05 -0.0003351404126158396 -3.8021181331324573e-06 -0.00039741959161400901
leaf_weight=1752 276 1482 292 3266 3863 3131 3854 1253 314 204 6992 334 2187 1445 2257 442 2073 4642 10667 36868 17014 1632 5874 5876 6180 2779 1104 2449 3488 201
leaf_count=1752 276 1482 292 3266 3863 3131 3854 1253 314 204 6992 334 2187 1445 2257 442 2073 4642 10667 36868 17014 1632 5874 5876 6180 2779 1104 2449 3488 201
internal_value=-2.53525e-07 -0.000152072 -0.000265439 1.14487e-05 -0.000226145 0.000163369 4.20915e-06 1.19514e-05 -6.235e-05 -8.19371e-05 2.28796e-05 0.000307776 -0.00015781 0.000145683 8.94879e-05 0.0005457 1.0279e-05 1.42103e-05 7.73762e-06 -1.77484e-05 3.53615e-05 6.51733e-05 1.33185e-06 0.000143535 -9.2371e-05 -5.88761e-05 -0.000236507 -0.000299699 2.37463e-05 -8.88621e-06
internal_weight=134191 9602 5838 124589 5546 5659 118930 109132 13984 9798 95148 2528 5944 1759 15125 776 80023 77950 73308 38121 35187 24520 7506 8133 12225 8959 3757 2653 3764 1683
internal_count=134191 9602 5838 124589 5546 5659 118930 109132 13984 9798 95148 2528 5944 1759 15125 776 80023 77950 73308 38121 35187 24520 7506 8133 12225 8959 3757 2653 3764 1683
is_linear=0
shrinkage=0.005


Tree=79
num_leaves=31
num_cat=0
split_feature=9 7 175 7 36 192 188 14 96 245 69 80 65 240 80 7 66 5 96 54 81 180 195 75 75 234 80 69 234 54
split_gain=12.4757 5.1531 4.73498 4.19707 3.28677 2.95806 3.46174 3.06173 3.76363 3.06245 2.43378 2.16438 2.03588 1.99173 2.88854 3.22127 1.95344 2.28512 2.30522 3.13718 1.90928 1.72323 1.66277 1.5971 1.56285 1.49212 1.40472 2.07991 1.40461 1.33042
threshold=0.94230768084526073 0.79054054617881786 0.13488123565912249 1.2449324131011965 -0.56081297993659962 -0.38841052353382105 0.91192916035652172 0.46701389551162725 -1.0000000180025095e-35 0.53294935822486889 -2.7273360490798946 -1.0900028944015501 0.32176470756530767 -0.41202153265476221 -0.95399838685989369 1.1199324727058413 -0.96536886692047108 0.63333335518836986 1.0102026462554934 0.40079365670681005 -0.86859944462776173 2.6102181673049931 -1.7097816467285154 -0.22168060392141339 -0.52483844757080067 -0.098363637924194322 -2.1577475070953365 -3.1620037555694576 -0.47233346104621882 -0.15476191043853757
decision_type=10 10 10 10 10 8 10 10 10 8 10 10 8 8 10 10 8 8 10 2 10 10 8 10 8 10 8 10 10 2
left_child=1 5 4 10 13 6 22 9 -9 16 23 -8 -11 -2 15 26 -7 18 21 -20 -6 -18 -1 -3 -14 -16 -15 -28 -5 -10
right_child=2 3 -4 28 20 7 11 8 29 12 -12 -13 24 14 25 -17 17 -19 19 -21 -22 -23 -24 -25 -26 -27 27 -29 -30 -31
leaf_value=-0.00034870008277191244 4.0184502982536514e-05 0.00090588435965205112 5.4554828526856802e-05 4.3633611655991244e-05 -0.00092061046100646736 -0.00022460061791744319 0.00051800259673598641 -1.2532323080082337e-05 -6.8684345886086071e-05 2.6360011060868365e-05 0.00019755272164621502 6.205079498911549e-05 0.00025708746367607906 -8.2468616543337702e-05 -8.5457739283239422e-05 4.362858005238935e-05 1.5920624233674584e-05 8.1376701790796091e-05 -0.00018904732485605289 9.2924548542392099e-05 -0.0003593710372269581 -0.00013282279314977654 -7.8562365120737461e-05 0.00033525284717547676 0.00010047153589565203 -0.00030238430103913654 -0.00083066890145809427 -0.0003961498253908422 -0.00025656171133617745 -0.00032797483739130856
leaf_weight=596 850 203 1959 1674 225 862 314 6730 732 6992 3658 1445 2189 257 3324 425 60894 10844 3261 1407 498 2006 11629 335 5944 1044 347 1467 502 1578
leaf_count=596 850 203 1959 1674 225 862 314 6730 732 6992 3658 1445 2189 257 3324 425 60894 10844 3261 1407 498 2006 11629 335 5944 1044 347 1467 502 1578
internal_value=-2.52202e-07 1.37175e-05 -0.000166577 0.000152145 -0.000217983 6.19521e-06 -6.20378e-05 1.54271e-05 -7.24389e-05 2.38501e-05 0.000244476 0.000144964 8.90414e-05 -0.000187422 -0.000215689 -0.000351409 1.14009e-05 1.40158e-05 3.19246e-06 -0.000103942 -0.000539841 1.11588e-05 -9.19103e-05 0.000557845 0.000142818 -0.000137706 -0.000432628 -0.000481599 -2.58212e-05 -0.000246352
internal_weight=134191 123795 10396 6372 8437 117423 13984 103439 9040 94399 4196 1759 15125 7714 6864 2496 79274 78412 67568 4668 723 62900 12225 538 8133 4368 2071 1814 2176 2310
internal_count=134191 123795 10396 6372 8437 117423 13984 103439 9040 94399 4196 1759 15125 7714 6864 2496 79274 78412 67568 4668 723 62900 12225 538 8133 4368 2071 1814 2176 2310
is_linear=0
shrinkage=0.005


Tree=80
num_leaves=31
num_cat=0
split_feature=9 7 175 9 90 80 90 256 72 102 254 36 38 181 80 38 85 85 181 85 164 66 195 107 30 175 258 74 119 85
split_gain=11.9896 5.62321 4.61944 4.15456 3.59012 3.3153 3.2421 3.42261 3.14787 3.08178 2.76206 2.42709 2.41556 2.13907 2.30812 2.05238 1.89336 1.8289 1.78947 3.68564 1.61567 1.57491 1.56475 1.55435 1.61696 1.67787 1.55512 1.38874 1.37015 1.3479
threshold=0.94230768084526073 0.79054054617881786 0.13488123565912249 0.86686390638351452 -0.87807902693748463 -0.97404438257217396 0.79219499230384838 -0.52777779102325428 -1.640940725803375 1.2525492310523989 1.1624203920364382 -0.56081297993659962 2.3001639842987065 0.69049984216690075 -1.0167198777198789 -0.068227574229240404 1.2874357700347903 1.5913056135177615 1.0471893548965456 1.9259790778160097 -0.48174881935119623 -0.97598987817764271 -1.7097816467285154 0.36560282111167913 -0.54166665673255909 -0.36640860140323633 1.5536912679672243 -0.18936567753553388 0.79305413365364086 2.0420763492584233
decision_type=10 10 10 10 10 10 10 8 10 10 10 10 10 10 10 8 10 10 8 10 10 8 8 8 10 8 10 2 10 10
left_child=1 6 4 8 -2 18 7 12 -3 10 13 -7 15 21 -15 -1 -13 -10 -6 -20 -17 -9 -16 24 -23 -26 29 -19 -27 -25
right_child=2 3 -4 -5 5 11 -8 9 17 -11 -12 16 -14 14 22 20 -18 27 19 -21 -22 23 -24 26 25 28 -28 -29 -30 -31
leaf_value=1.8567650107202514e-05 4.6874161247274792e-06 0.00075577251868623951 5.562271758167773e-05 -8.0876367798593166e-05 -0.00033935311672075408 -0.00013872029183573375 -0.00014809259418024272 -0.00026618614621715629 0.00012946008345853964 0.00010666514812157766 -0.00022605641974832722 -0.00020530412188515311 -0.00019913234600050478 -0.00034890284967654841 -0.00033299775695403962 0.00017774412234467088 -0.00088304440308204293 0.00053546844580745789 -0.00029898005947560843 -0.0011927847401659209 6.0460254319095718e-05 5.9868872810395508e-05 -3.5646794804533634e-05 3.9035774049197346e-05 -0.00012665580700215278 -9.6974612200266149e-06 -0.0001558539228215486 0.0002167990045449761 -0.00023810262891690756 0.00026044367780075401
leaf_weight=8132 1545 263 1969 1397 2063 3960 3295 540 3208 6088 1445 219 802 754 473 6177 201 573 279 200 5640 6977 6095 21812 3516 43219 990 889 662 706
leaf_count=8132 1545 263 1969 1397 2063 3960 3295 540 3208 6088 1445 219 802 754 473 6177 201 573 279 200 5640 6977 6095 21812 3516 43219 990 889 662 706
internal_value=4.96612e-07 1.42382e-05 -0.000162204 0.000159342 -0.000212921 -0.000261532 6.39856e-06 1.08735e-05 0.000227485 -2.04286e-06 -9.64485e-06 -0.000177633 6.89438e-05 -5.97897e-06 -8.76806e-05 7.97934e-05 -0.000537401 0.00019685 -0.000405266 -0.000681676 0.000121859 1.64796e-06 -5.73739e-05 3.5284e-06 -1.11519e-05 -2.16221e-05 3.75003e-05 0.000343435 -1.31814e-05 4.6056e-05
internal_weight=134089 123653 10436 6330 8467 6922 117323 114028 4933 93277 87189 4380 20751 85744 7322 19949 420 4670 2542 479 11817 78422 6568 77882 54374 47397 23508 1462 43881 22518
internal_count=134089 123653 10436 6330 8467 6922 117323 114028 4933 93277 87189 4380 20751 85744 7322 19949 420 4670 2542 479 11817 78422 6568 77882 54374 47397 23508 1462 43881 22518
is_linear=0
shrinkage=0.005


Tree=81
num_leaves=31
num_cat=0
split_feature=11 64 138 83 36 65 6 85 44 80 150 96 38 113 33 131 132 180 161 54 81 34 80 85 4 155 66 85 255 54
split_gain=11.8648 10.0257 4.97306 3.17677 2.94048 2.93281 2.86425 3.84257 2.90074 2.31901 2.19802 2.70586 2.64258 3.15916 2.44718 2.14046 2.13315 1.96016 1.93335 2.34923 1.88408 1.79359 1.79071 1.64629 1.68719 1.72564 1.54108 1.56078 1.38933 1.33438
threshold=0.84346503019332897 1.5040485858917239 -0.7588047683238982 2.7154710292816167 -0.56081297993659962 1.2776470184326174 1.0631399154663088 4.1869037151336679 -1.2574999928474424 0.9480193853378297 -0.082374282181262956 1.3566902875900271 -0.42314144968986506 -0.10479213669896124 -0.3501600176095962 -0.012781928759068249 0.26934660971164709 2.6102181673049931 -0.42104253172874445 -0.24206349253654477 -0.88657850027084339 0.56726565957069408 4.992124319076539 2.9017442464828496 0.64705884456634533 1.6552847623825075 -0.96536886692047108 1.8239222168922427 -1.1607143282890318 0.57539683580398571
decision_type=10 10 10 10 10 8 10 10 10 8 10 10 8 10 10 10 8 10 8 2 10 10 8 10 8 10 10 10 10 2
left_child=1 5 4 9 6 10 7 -2 28 -3 12 15 13 14 -1 16 22 21 19 -18 -6 26 -12 24 25 -17 -14 -28 -8 -5
right_child=2 3 -4 29 20 -7 8 -9 -10 -11 11 -13 17 -15 -16 23 18 -19 -20 -21 -22 -23 -24 -25 -26 -27 27 -29 -30 -31
leaf_value=-0.00019090341031442916 -0.00023138062367834104 0.00016403940653172486 4.65592638292221e-05 0.00039880580340803136 -0.00087758843557369701 9.7741046197048477e-05 2.1086070087193388e-05 -0.00077090712660196799 2.1990916665512676e-05 0.00071125979992833429 7.4209446111870529e-05 -0.00017137361025148525 -0.00026613773768265135 1.7833573569656756e-05 5.0667019057969159e-05 -3.1612237132394539e-05 -0.00014395495021146272 -0.00013191527111102745 1.3867725204909936e-05 2.6315016045617557e-05 -0.0003309893256073736 -2.3945686372591293e-05 0.0005409195712511209 -0.00050044198951386181 -0.00032693860496142279 -0.00023486939173009985 7.3339241849299942e-05 0.00029235307910699333 -0.00030332011324708222 0.00089902191963996949
leaf_weight=3935 3267 3605 2377 395 238 8096 412 365 2366 201 6378 2856 319 12804 1422 16780 4965 1402 23469 3410 497 5394 208 203 540 1110 24433 839 1587 216
leaf_count=3935 3267 3605 2377 395 238 8096 412 365 2366 201 6378 2856 319 12804 1422 16780 4965 1402 23469 3410 497 5394 208 203 540 1110 24433 839 1587 216
internal_value=4.93494e-07 1.46355e-05 -0.000155954 0.000248396 -0.000211134 5.91254e-06 -0.000182987 -0.000286723 -9.63277e-05 0.000193965 -8.17056e-07 -2.13058e-05 2.34599e-05 -2.47951e-05 -0.000126699 -1.37718e-05 7.54092e-06 5.05339e-05 -9.38991e-06 -7.45931e-05 -0.000513393 5.88254e-05 8.94242e-05 -5.77457e-05 -5.2708e-05 -4.43135e-05 7.62925e-05 8.06864e-05 -0.000236324 0.000582315
internal_weight=134089 122980 11109 4417 8732 118563 7997 3632 4365 3806 110467 59919 50548 18161 5357 57063 38430 32387 31844 8375 735 30985 6586 18633 18430 17890 25591 25272 1999 611
internal_count=134089 122980 11109 4417 8732 118563 7997 3632 4365 3806 110467 59919 50548 18161 5357 57063 38430 32387 31844 8375 735 30985 6586 18633 18430 17890 25591 25272 1999 611
is_linear=0
shrinkage=0.005


Tree=82
num_leaves=31
num_cat=0
split_feature=9 64 46 255 83 45 162 90 65 80 181 132 90 254 66 77 107 109 259 257 36 162 95 9 225 168 64 44 101 175
split_gain=11.75 5.94224 4.90049 4.02062 4.08191 3.34472 3.22615 3.16716 2.6763 2.59286 2.61169 2.5295 2.79908 2.66694 2.41245 2.36967 2.20452 2.52691 2.18827 2.10959 2.07411 1.91386 1.64312 1.59412 1.53775 1.44941 1.42064 1.41654 1.51768 1.50717
threshold=0.94230768084526073 1.3481781482696535 -1.6428571343421934 1.2321428656578066 2.4501894712448125 -1.2788944840431211 1.4384356141090395 0.79219499230384838 1.1858823299407961 -1.3760218024253843 1.5648011565208437 0.2309881076216698 -0.8078998029232024 1.1878980994224551 -0.96536886692047108 -1.6591976284980772 -0.65334093570709217 0.12443542852997781 0.90561223030090343 0.78070175647735607 -0.56081297993659962 1.9231294393539431 3.441867589950562 0.76479288935661327 -0.91284403204917897 0.43539145588874822 0.28947368264198309 0.42249999940395361 0.32733127474784857 0.50488319993019115
decision_type=10 10 10 10 10 10 8 10 8 10 8 8 10 10 10 10 8 10 10 10 10 10 10 8 8 10 10 10 10 10
left_child=1 7 -2 4 21 22 -7 8 11 10 15 13 -13 14 -1 -8 -16 26 19 27 -11 -3 -4 -19 -6 -10 -18 29 -29 -14
right_child=2 3 5 -5 24 6 9 -9 25 20 -12 12 18 -15 16 -17 17 23 -20 -21 -22 -23 -24 -25 -26 -27 -28 28 -30 -31
leaf_value=-0.00023269774010382688 0.00012528572725388292 7.9755134633189618e-05 2.2197300441337066e-05 -6.1528911429917905e-05 0.00093425798611400488 -5.3596605311854853e-05 -0.00012440480089181949 -0.00014707439152985736 5.5875776873246834e-05 -0.00021623983143865774 -0.0010282078841601838 -0.00034349605427819684 -9.4255579013494389e-05 -0.00018290285573340192 0.0001359725230396571 -0.0006251936369248383 9.9186578329173053e-05 -3.090679198815406e-05 -0.00013001318029603543 -0.00028352009489014738 -0.00058496708993650522 0.00028788633829553482 -0.00044714727546909486 8.2690413124966809e-05 0.00041697878332502353 0.0002028313927992636 2.4828871031616815e-05 9.5006600163059222e-06 0.00018860515834402753 3.405875734158923e-06
leaf_weight=845 1306 2716 1866 1627 202 1579 428 3295 6572 3887 206 669 7340 1484 4973 539 12002 19278 4054 682 423 1874 202 3671 561 2259 13873 25914 1235 8527
leaf_count=845 1306 2716 1866 1627 202 1579 428 3295 6572 3887 206 669 7340 1484 4973 539 12002 19278 4054 682 423 1874 202 3671 561 2259 13873 25914 1235 8527
internal_value=4.90824e-07 1.40944e-05 -0.000160576 0.000155754 0.000221884 -0.000201568 -0.000253331 5.60902e-06 1.0057e-05 -0.000310659 -0.000519461 2.9898e-06 -2.34822e-05 2.58367e-05 3.15311e-05 -0.000405836 3.57119e-05 2.54767e-05 -1.89529e-05 -8.62432e-06 -0.00025318 0.00016506 -2.43745e-05 -1.26996e-05 0.000559767 9.36176e-05 5.93512e-05 -4.2219e-06 1.76997e-05 -4.17558e-05
internal_weight=134089 123653 10436 6980 5353 9130 7062 116673 113378 5483 1173 104547 48421 56126 54642 967 53797 48824 47752 43698 4310 4590 2068 22949 763 8831 25875 43016 27149 15867
internal_count=134089 123653 10436 6980 5353 9130 7062 116673 113378 5483 1173 104547 48421 56126 54642 967 53797 48824 47752 43698 4310 4590 2068 22949 763 8831 25875 43016 27149 15867
is_linear=0
shrinkage=0.005


Tree=83
num_leaves=31
num_cat=0
split_feature=11 64 29 85 107 60 83 168 254 156 96 80 204 66 80 193 60 114 204 255 72 33 259 180 109 251 234 108 80 81
split_gain=11.6399 9.84416 4.97949 6.70899 3.518 3.13061 3.12088 2.81337 2.59179 2.44817 2.40671 2.29481 2.17037 1.93436 1.8216 1.80993 1.77155 1.73727 1.97945 1.71415 1.69564 1.68386 1.62248 1.56524 1.5646 1.89592 1.54211 1.3528 1.34288 1.33859
threshold=0.84346503019332897 1.5040485858917239 -0.3314970582723617 4.1869037151336679 0.11070440337061883 7.5000000000000009 2.7154710292816167 0.42344214022159582 1.1751592159271242 -0.43510480225086207 1.7559700012207033 0.9480193853378297 0.74336498975753795 -0.96536886692047108 -0.50452187657356251 -1.0610414147377012 7.5000000000000009 1.1698285937309267 0.37267747521400457 -1.0892856717109678 -2.4533169269561763 0.97120743989944469 -0.36479592323303217 2.6102181673049931 0.1834220960736275 1.0953319668769839 -0.20679918676614759 0.049881352111697204 0.40031549334526068 3.0483018159866337
decision_type=10 10 10 10 10 2 10 8 10 8 10 8 10 8 8 10 2 10 8 8 10 8 8 10 10 10 10 2 10 10
left_child=1 7 5 4 28 -2 11 8 9 15 13 -3 16 -11 -14 -1 -9 18 23 -6 -7 22 -20 29 25 -18 -19 -24 -4 -15
right_child=2 6 3 -5 19 20 -8 12 -10 10 -12 -13 14 17 -16 -17 24 26 21 -21 -22 -23 27 -25 -26 -27 -28 -29 -30 -31
leaf_value=-0.00026896777122256265 -0.00025834304167183944 0.00016240990624792392 3.4272589746382371e-05 -0.00098232372079074155 -0.00011073046990717553 0.00037168154185655209 0.00057710174714629362 0.00014416209653765415 -0.00023696865352425487 -0.00023154109580041701 -0.00025738422198408355 0.00070676211491512526 -0.00054466968950913752 3.2795581643074213e-05 -5.8759051536163532e-05 -5.7437104651199469e-05 0.00012401016218127516 -3.0015969409212564e-05 -0.00028682122388143985 -0.00035088987086481733 -5.3254791385505894e-07 -0.00020454401075335524 8.6774513151896944e-05 -0.00019926505703369408 -4.4135691219049993e-06 -5.2578708082520601e-06 -0.00022563148810808534 -2.4852352474778462e-05 -0.00037718828978712413 0.0003226551926904474
leaf_weight=1219 1221 3605 1468 294 996 330 611 5016 1217 845 874 201 213 49970 1727 5916 8031 4198 527 3075 3501 1227 3223 717 10525 4372 1325 17024 224 397
leaf_count=1219 1221 3605 1468 294 996 330 611 5016 1217 845 874 201 213 49970 1727 5916 8031 4198 527 3075 3501 1227 3223 717 10525 4372 1325 17024 224 397
internal_value=4.87975e-07 1.44953e-05 -0.000154469 -0.000251103 -0.000212894 -3.8379e-05 0.00024613 5.85165e-06 -8.28298e-06 -5.08182e-06 2.79851e-06 0.000192179 4.78064e-05 5.68288e-06 -0.000113629 -9.38098e-05 5.90502e-05 8.25386e-06 1.4723e-05 -0.000292464 3.18421e-05 -2.49109e-05 -1.42303e-05 3.18033e-05 4.0381e-05 7.84197e-05 -7.71974e-05 -7.04141e-06 -2.0856e-05 3.5122e-05
internal_weight=134089 122980 11109 6057 5763 5052 4417 118563 88679 87462 80327 3806 29884 79453 1940 7135 27944 78608 73085 4071 3831 22001 20774 51084 22928 12403 5523 20247 1692 50367
internal_count=134089 122980 11109 6057 5763 5052 4417 118563 88679 87462 80327 3806 29884 79453 1940 7135 27944 78608 73085 4071 3831 22001 20774 51084 22928 12403 5523 20247 1692 50367
is_linear=0
shrinkage=0.005


Tree=84
num_leaves=31
num_cat=0
split_feature=9 64 29 95 255 83 192 90 69 258 65 254 203 60 195 162 129 102 75 258 27 127 225 188 24 169 69 30 258 113
split_gain=11.5197 5.82685 4.77149 4.60649 3.95358 4.01195 3.6451 3.56234 3.39085 4.18697 2.58023 2.16645 2.02438 2.01003 1.92171 1.89046 1.88888 1.86725 1.74321 1.62844 2.50894 1.52619 1.52287 1.46884 1.46732 1.43738 1.34357 1.27994 1.25417 1.23538
threshold=0.94230768084526073 1.3481781482696535 -0.3314970582723617 -0.20877373218536374 1.2321428656578066 2.4501894712448125 -0.38149812817573542 0.79219499230384838 -2.9921171665191646 0.75503355264663707 0.54764705896377575 1.1878980994224551 -0.43577107787132258 8.5000000000000018 -1.7097816467285154 1.9231294393539431 -0.35023882985115046 1.2525492310523989 -1.3930960297584531 1.573825538158417 -0.5359928011894225 -0.46404653787612909 -0.91284403204917897 0.88982525467872631 -0.95134130120277394 -0.31719774007797236 -1.7361339330673216 -0.54166665673255909 -0.37248322367668146 1.4557344913482668
decision_type=10 10 10 10 10 10 8 10 10 10 8 10 8 2 8 10 10 10 10 10 8 10 8 10 8 8 10 10 8 10
left_child=1 6 13 -4 5 15 14 10 9 -5 11 17 -12 -2 -1 -3 -10 19 -15 20 -8 -21 -7 26 -22 -14 28 -26 -16 -6
right_child=2 4 3 8 29 22 7 -9 16 -11 12 -13 25 18 23 -17 -18 -19 -20 21 24 -23 -24 -25 27 -27 -28 -29 -30 -31
leaf_value=-0.00034012103371063669 -0.00024258746520346917 7.8691291245147583e-05 -4.3448084679041677e-06 -0.0012099382267022054 5.9376515247882394e-05 0.00092741414259473582 5.9508969457962801e-05 -0.00014582534526892869 -5.1150138285538446e-05 -0.00033805258010151157 -3.4795516794869392e-05 -0.00018111052408728594 0.00017962697466906006 0.00026100982181332001 4.6693811355390691e-05 0.00028554527471009886 -0.00032747573601236231 9.9806630827739152e-05 -3.0588885036988465e-05 -0.00024471628602852418 -0.00022187628129568247 -1.2219014996089182e-05 0.00041272198772017779 0.00010587436132041588 9.094832202640398e-05 6.8803339407750682e-05 -5.780052687143901e-05 -1.2216587778116719e-05 -0.00033941346880809873 -0.00021741023124705156
leaf_weight=628 903 2716 1456 226 918 202 18318 3295 772 361 3813 1484 3710 619 278 1874 3242 5541 2857 1230 791 1660 561 1235 3212 14014 10811 45834 819 709
leaf_count=628 903 2716 1456 226 918 202 18318 3295 772 361 3813 1484 3710 619 278 1874 3242 5541 2857 1230 791 1660 561 1235 3212 14014 10811 45834 819 709
internal_value=4.8491e-07 1.39546e-05 -0.000158996 -0.000249856 0.000154232 0.000219809 5.55194e-06 1.57806e-05 -0.000327351 -0.000681964 2.11386e-05 7.76354e-06 6.95859e-05 -3.30622e-05 -7.08221e-05 0.000163473 -0.000274585 1.14415e-05 2.14952e-05 4.53603e-06 9.47556e-06 -0.000111596 0.000554786 -5.7792e-05 -8.90873e-06 9.20733e-05 -7.48454e-05 -5.44159e-06 -0.000241345 -6.12294e-05
internal_weight=134089 123653 10436 6057 6980 5353 116673 102902 4601 587 99607 78070 21537 4379 13771 4590 4014 76586 3476 71045 68155 2890 763 13143 49837 17724 11908 49046 1097 1627
internal_count=134089 123653 10436 6057 6980 5353 116673 102902 4601 587 99607 78070 21537 4379 13771 4590 4014 76586 3476 71045 68155 2890 763 13143 49837 17724 11908 49046 1097 1627
is_linear=0
shrinkage=0.005


Tree=85
num_leaves=31
num_cat=0
split_feature=11 21 138 68 90 256 102 36 6 69 163 44 96 101 49 195 258 83 78 54 32 66 68 78 78 69 67 44 144 163
split_gain=11.9853 9.72331 4.72712 4.10965 3.04886 3.07257 3.02228 2.81477 2.57515 3.88539 4.94424 2.61943 2.43149 2.14521 3.37582 2.42713 1.82965 1.82116 1.6716 1.65324 1.64546 1.54143 2.42651 1.47744 1.38279 1.32762 1.32047 1.24215 2.42835 1.28951
threshold=0.84346503019332897 0.97804051637649547 -0.7588047683238982 -0.50078126788139332 0.79219499230384838 -0.52777779102325428 1.2525492310523989 -0.56081297993659962 1.0631399154663088 -3.1620037555694576 -0.74313127994537342 -1.2574999928474424 1.5841800570487978 0.94501334428787243 1.4843750000000002 -1.5974230170249937 -0.53355702757835377 2.0113861560821538 -1.820061922073364 -0.75793650746345509 0.92311805486679088 -0.96536886692047108 -0.53606104850769032 -1.3141229152679441 2.334038615226746 -2.4184221029281612 4.1956522464752206 0.42249999940395361 0.50493839383125316 0.37465634942054754
decision_type=10 10 10 2 10 8 10 10 10 10 8 10 10 8 10 8 10 10 8 2 10 8 2 10 8 8 10 8 10 8
left_child=1 4 7 -3 5 12 13 8 9 10 -2 19 16 14 15 -7 -1 -9 -17 -10 21 -20 -23 -5 27 -15 -4 28 -24 -29
right_child=2 3 26 23 -6 6 -8 17 11 -11 -12 -13 -14 25 -16 18 -18 -19 20 -21 -22 22 24 -25 -26 -27 -28 29 -30 -31
leaf_value=0.00017449329297948506 -0.00028323987090151959 0.00098394686394461949 -5.4323963928007904e-05 0.00056223993537697073 -0.00014441388906393069 -0.00027392543638401768 0.00010685065622120893 -0.00033854687723986024 0.00010821063414006852 -0.00021372735822393509 -0.0012768587032679145 1.1215090094915603e-05 -0.0002532787664788208 0.00032315600212697612 -0.00028426517317851744 -0.00024073742202192341 5.2000388529439134e-05 -0.00088497885456515683 -0.00021781865763653027 -0.00029363932874177707 -0.00011256322356917362 0.00043019536656468287 -4.1241672956897515e-06 0.00020259976111017001 8.4508001272836299e-05 4.846594939567856e-05 0.00018782993788479178 0.00011565835148523806 -9.5251146245577768e-05 6.803226151221129e-06
leaf_weight=3694 324 200 1425 325 3234 877 6059 530 296 3054 205 2352 580 458 1160 773 17548 220 818 1716 3567 321 33672 2376 4321 9250 922 3110 9338 21603
leaf_count=3694 324 200 1425 325 3234 877 6059 530 296 3054 205 2352 580 458 1160 773 17548 220 818 1716 3567 321 33672 2376 4321 9250 922 3110 9338 21603
internal_value=-3.30165e-07 1.38043e-05 -0.000158093 0.0002996 6.90088e-06 1.10883e-05 -1.15916e-06 -0.000211814 -0.000183849 -0.000283199 -0.000677577 -0.000101934 6.4601e-05 -8.50143e-06 -1.70693e-05 -1.30917e-05 7.33616e-05 -0.000504295 -1.0117e-05 -0.000234151 -7.77222e-06 -2.65044e-06 -1.96433e-07 0.000247017 -2.15075e-06 6.16363e-05 4.07887e-05 -7.69314e-06 -2.39294e-05 2.05429e-05
internal_weight=134328 123284 11044 2901 120383 117149 95327 8697 7947 3583 529 4364 21822 89268 79560 78400 21242 750 77523 2012 76750 73183 72365 2701 72044 9708 2347 67723 43010 24713
internal_count=134328 123284 11044 2901 120383 117149 95327 8697 7947 3583 529 4364 21822 89268 79560 78400 21242 750 77523 2012 76750 73183 72365 2701 72044 9708 2347 67723 43010 24713
is_linear=0
shrinkage=0.005


Tree=86
num_leaves=31
num_cat=0
split_feature=11 21 175 85 168 181 90 85 65 254 69 90 65 204 80 66 132 169 126 85 19 258 131 88 67 216 27 204 203 15
split_gain=11.8668 9.62743 4.10586 3.79493 3.51575 3.17436 3.06586 3.42389 2.49767 2.47755 2.37382 2.28984 2.18468 1.83981 1.79917 1.79728 1.83001 1.94218 1.85829 1.65902 1.56802 1.65805 1.55415 1.53444 1.52361 1.44559 1.35866 1.31109 1.25053 1.22868
threshold=0.84346503019332897 0.97804051637649547 0.13488123565912249 1.5913056135177615 0.43539145588874822 0.69049984216690075 -0.87807902693748463 6.2738258838653573 1.0194117426872256 1.1878980994224551 -1.4501309990882871 0.81824815273284923 -1.0270588397979734 0.71364304423332225 -0.46586948633193964 -0.96536886692047108 0.25506703555583959 0.06924010813236238 -0.21356255561113355 2.3167549371719365 0.40359477698802954 1.5536912679672243 -0.026386650279164311 4.7894089221954355 4.1956522464752206 -0.14885747432708737 0.74625074863433849 -0.33766347169876093 -0.15625751018524167 0.50694444775581371
decision_type=10 10 10 10 8 10 10 10 8 10 10 10 10 10 8 10 8 10 10 10 10 10 10 8 10 10 10 8 10 10
left_child=1 4 6 -3 5 9 -2 12 13 11 23 15 -8 19 -15 -1 20 -18 -19 22 21 -17 26 -7 -4 -22 -6 -12 -29 -13
right_child=2 3 24 -5 8 10 7 -9 -10 -11 27 29 -14 14 -16 16 17 18 -20 -21 25 -23 -24 -25 -26 -27 -28 28 -30 -31
leaf_value=-0.00021085017659469847 -3.3551492916059367e-05 0.00017609494576343297 -0.00010986478515146413 0.00056812763458137744 0.00010812094447795242 -0.00054929828151133848 -0.00040879234016350348 -0.00086674004841642773 0.00017207331542766561 -0.00022667311753065634 4.1993072834261194e-05 -8.4601808891374806e-05 -0.0001859799340232747 -0.000501415080922925 -5.2103197002218689e-05 7.3020931375451564e-05 7.4851162852515055e-06 -2.0375204702788886e-05 -0.00016988491979920046 0.000249568823087981 1.110691743664654e-05 -0.00010058376996850295 8.2852655951622533e-06 -0.00010796203171391529 0.00016946777033022568 -0.00016444322536137088 -0.00012167164527745364 -3.5740589266594307e-05 -0.00017039902572376937 -0.00035628016388150439
leaf_weight=910 2082 2005 853 896 8467 444 1394 216 3829 1169 1994 1681 5374 251 1764 21872 30278 5544 3330 971 11310 1461 15278 362 1125 1303 690 3458 3463 554
leaf_count=910 2082 2005 853 896 8467 444 1394 216 3829 1169 1994 1681 5374 251 1764 21872 30278 5544 3330 971 11310 1461 15278 362 1125 1303 690 3458 3463 554
internal_value=-3.28807e-07 1.37356e-05 -0.00015731 0.000298119 6.8663e-06 -9.12874e-06 -0.000202332 -0.000252516 5.24984e-05 1.30713e-06 -9.43889e-05 4.73396e-06 -0.000232214 3.57547e-05 -0.000109422 9.38289e-06 1.20721e-05 -1.15677e-05 -7.65996e-05 4.73079e-05 3.78322e-05 6.211e-05 3.92006e-05 -0.000353584 4.87819e-05 -7.04684e-06 9.0694e-05 -7.07141e-05 -0.000103265 -0.000152812
internal_weight=134328 123284 11044 2901 120383 89133 9066 6984 31250 79412 9721 78243 6768 27421 2015 76008 75098 39152 8874 25406 35946 23333 24435 806 1978 12613 9157 8915 6921 2235
internal_count=134328 123284 11044 2901 120383 89133 9066 6984 31250 79412 9721 78243 6768 27421 2015 76008 75098 39152 8874 25406 35946 23333 24435 806 1978 12613 9157 8915 6921 2235
is_linear=0
shrinkage=0.005


Tree=87
num_leaves=31
num_cat=0
split_feature=9 39 175 147 168 192 254 96 240 81 24 132 39 215 204 66 85 180 14 96 60 85 176 69 78 101 67 14 132 89
split_gain=11.5807 5.33577 4.28546 3.58518 2.87878 3.0612 2.80253 2.94911 2.43904 4.6219 2.81439 2.43256 3.13582 2.40163 2.27671 2.25716 2.16584 1.7941 1.95772 1.78687 1.78431 1.77253 1.7128 1.70096 1.67633 1.66397 1.5085 1.49669 1.48864 1.41706
threshold=0.94230768084526073 -4.3644902706146231 0.13488123565912249 -1.3709256052970884 0.42344214022159582 -0.54528069496154774 0.7165605127811433 -0.095380693674087511 -0.41202153265476221 -3.0844295024871822 -0.49182152748107905 0.25083751976490026 0.81597399711608898 3.8487359285354619 0.71364304423332225 -0.96536886692047108 2.0420763492584233 2.6102181673049931 0.22743055969476703 1.0102026462554934 7.5000000000000009 1.0205492973327639 -0.6948946714401244 -1.4899145960807798 5.9564526081085214 -0.37284870445728296 4.1956522464752206 0.46701389551162725 -1.5646146535873411 1833.5000000000002
decision_type=10 8 10 8 8 8 10 10 8 10 10 8 8 10 10 8 10 10 10 10 2 10 8 10 8 10 10 10 10 2
left_child=1 3 8 16 5 23 11 -8 -2 -10 22 15 19 14 20 -7 -1 18 -17 -13 -6 -12 -11 -3 -5 -14 -4 -9 -23 -20
right_child=2 4 26 24 13 6 7 27 9 10 21 12 25 -15 -16 17 -18 -19 29 -21 -22 28 -24 -25 -26 -27 -28 -29 -30 -31
leaf_value=0.00024881257974918058 4.4611843491853543e-05 -0.00044228900868055742 -0.0001093186621895623 8.9319277871634478e-05 0.00014925601178167615 -0.00021660304424692044 8.6162130280201221e-06 -9.5917653522584474e-05 -0.00096394251860900141 0 -1.7762458064652487e-05 -6.5217087635493232e-07 1.5106101580883107e-05 -0.00027177449476721447 -0.00010625289648912722 7.5659365777162264e-05 0.00078215331783121095 -0.00019983559016649652 1.0897072750840936e-05 -0.00016240560211411525 4.6488738748162632e-05 -0.00026907183876701143 -0.00021017182553209751 -0.00011327688188594587 0.00050525483855984505 -0.0002575770478136989 0.00016862417926349733 -0.00029059593682590173 -0.0006157579733801216 -0.00018835470140620745
leaf_weight=485 843 459 853 5255 5231 844 3610 2101 209 1236 253 38932 771 571 2051 22374 321 729 8546 1781 22069 540 4549 2676 250 1997 1125 1888 788 991
leaf_count=485 843 459 853 5255 5231 844 3610 2101 209 1236 253 38932 771 571 2051 22374 321 729 8546 1781 22069 540 4549 2676 250 1997 1125 1888 788 991
internal_value=-3.2785e-07 1.3117e-05 -0.000160582 0.000154696 5.50998e-06 -8.93439e-06 -3.23599e-06 -9.48123e-05 -0.000209779 -0.000238166 -0.000216865 5.80471e-06 -1.88543e-05 4.78564e-05 5.41368e-05 3.78388e-05 0.000465352 4.44657e-05 5.00928e-05 -7.75947e-06 6.62222e-05 -0.000403861 -0.00016537 -0.000162235 0.00010874 -0.000181553 4.85375e-05 -0.000188433 -0.000476699 -9.84284e-06
internal_weight=134328 123932 10396 6311 117621 87699 84564 7599 8418 7575 7366 76965 43481 29922 29351 33484 806 32640 31911 40713 27300 1581 5785 3135 5505 2768 1978 3989 1328 9537
internal_count=134328 123932 10396 6311 117621 87699 84564 7599 8418 7575 7366 76965 43481 29922 29351 33484 806 32640 31911 40713 27300 1581 5785 3135 5505 2768 1978 3989 1328 9537
is_linear=0
shrinkage=0.005


Tree=88
num_leaves=31
num_cat=0
split_feature=9 39 29 85 68 107 90 192 188 254 78 34 258 67 168 107 66 46 37 255 38 62 95 257 108 85 127 85 45 114
split_gain=11.4659 5.28313 4.88218 7.65398 4.19006 3.35066 2.91958 3.17703 3.23192 2.38285 2.27647 2.38757 2.14704 2.08873 2.03325 2.30208 1.83804 1.98244 1.76353 1.70851 1.66929 1.62129 1.54922 1.51396 2.08022 1.48567 1.45394 1.41111 1.40528 1.33562
threshold=0.94230768084526073 -4.3644902706146231 -0.3314970582723617 4.1869037151336679 -0.51498931646347035 0.11070440337061883 0.79219499230384838 -0.38149812817573542 0.88982525467872631 1.1878980994224551 -1.276531934738159 -1.1444876194000242 1.573825538158417 4.4130434989929208 0.42344214022159582 2.6756356954574589 -0.96536886692047108 0.21428572386503222 0.24137742817401889 -1.0892856717109678 -0.48255163431167597 -0.0090909088030461521 0.18596296757459643 0.83333334326744091 0.058187542483210571 1.5913056135177615 -0.45672333240509028 1.7026113271713259 0.31658291816711431 -0.63341504335403431
decision_type=10 8 10 10 2 10 10 8 10 10 10 10 10 10 8 10 10 10 8 8 8 8 10 10 2 10 10 8 8 8
left_child=1 4 13 5 -1 -4 7 8 18 12 -6 -12 14 -2 16 21 -9 20 27 -7 22 -16 -18 24 -19 -10 -14 -3 -29 -26
right_child=2 6 3 -5 10 19 -8 9 25 -11 11 -13 26 -15 15 -17 17 23 -20 -21 -22 -23 -24 -25 29 -27 -28 28 -30 -31
leaf_value=0.00073943796050338127 -0.00016450023258547935 -1.4472591914164298e-05 -2.2901567869979023e-05 -0.0010194373386427926 0.00038762923584960657 -0.00010307261883502842 -0.00014254267231925439 -0.00020091531486082063 8.0439925213807186e-05 -0.00018058058202216753 0.00026892434774854342 2.6344776195768701e-05 -0.00023658132941134873 5.7678439995010755e-05 3.0493368496832299e-05 -0.00012421081677972798 4.5983483116705302e-05 7.9197820089423529e-05 -0.00015330522467518716 -0.00034620017867321393 5.5206992563925283e-05 0.00011745004406350849 -7.4579249010878979e-05 -0.00028521165588903986 -0.00013565925624071983 0.000514722361130615 -1.1397211119267999e-05 -0.00052484254149394438 0 -1.7857558286679285e-05
leaf_weight=287 1775 6447 1688 304 724 960 3234 979 1707 1457 1365 3935 1281 2599 9413 1464 5112 5116 5715 3070 32936 12517 5550 510 2752 219 1632 276 231 19073
leaf_count=287 1775 6447 1688 304 724 960 3234 979 1707 1457 1365 3935 1281 2599 9413 1464 5112 5116 5715 3070 32936 12517 5550 510 2752 219 1632 276 231 19073
internal_value=-3.26762e-07 1.30512e-05 -0.000159785 -0.000252084 0.00015393 -0.000210345 5.48185e-06 9.67728e-06 -5.92047e-05 1.9759e-05 0.000125362 8.91093e-05 2.27415e-05 -3.24539e-05 2.683e-05 6.7329e-05 1.36656e-05 1.66433e-05 -8.82436e-05 -0.000288607 3.76025e-05 8.01639e-05 -1.67329e-05 -1.6627e-05 -1.14721e-05 0.000131285 -0.00011083 -3.46306e-05 -0.000287338 -3.27622e-05
internal_weight=134328 123932 10396 6022 6311 5718 117621 114387 14595 99792 6024 5300 98335 4374 95422 23394 72028 71049 12669 4030 43598 21930 10662 27451 26941 1926 2913 6954 507 21825
internal_count=134328 123932 10396 6022 6311 5718 117621 114387 14595 99792 6024 5300 98335 4374 95422 23394 72028 71049 12669 4030 43598 21930 10662 27451 26941 1926 2913 6954 507 21825
is_linear=0
shrinkage=0.005


Tree=89
num_leaves=31
num_cat=0
split_feature=11 162 29 85 181 69 85 65 45 60 198 254 33 54 69 75 91 66 28 15 139 192 253 163 68 85 180 68 113 85
split_gain=11.5466 9.01051 4.85131 7.57908 3.15593 2.95617 2.95101 2.92583 2.82708 2.6 2.4404 1.97356 2.03003 1.94482 1.77952 1.73097 1.72146 1.7111 1.78868 2.77666 2.09843 1.70135 1.52706 1.44962 1.41299 1.6373 1.39465 1.36047 1.37647 1.31644
threshold=0.84346503019332897 1.9724493622779848 -0.3314970582723617 4.1869037151336679 0.63351979851722728 -1.7361339330673216 1.5913056135177615 0.54764705896377575 -1.3894472122192381 7.5000000000000009 -0.21407491713762281 1.1878980994224551 0.9389932155609132 0.46428571641445165 -3.7965571880340572 -1.3930960297584531 -4.1196806430816642 -0.96536886692047108 -0.35314586758613581 0.49652777612209326 0.54783034324646007 0.66401618719100963 0.80718955397605907 0.66426017880439769 -0.26841250061988825 2.9017442464828496 2.6102181673049931 -0.49249261617660517 -0.2825577706098556 2.2074449062347417
decision_type=10 10 10 10 10 10 10 8 10 2 8 10 10 2 8 8 10 8 10 10 8 8 10 8 2 10 10 2 10 10
left_child=1 4 9 8 7 -6 -3 11 -4 24 -7 12 14 22 -1 -11 29 -16 20 -20 -19 -18 -9 -14 25 -2 -22 -15 -29 -10
right_child=2 6 3 -5 5 10 -8 13 16 15 -12 -13 23 27 17 -17 21 18 19 -21 26 -23 -24 -25 -26 -27 -28 28 -30 -31
leaf_value=0.00041240335695520312 -0.00018069488810912635 0.00020766222427052184 8.1700201328233497e-05 -0.001014422633463973 -0.00038457910710106735 0.00011514489625635398 0.00061538810027008447 4.893582405440809e-05 1.0694734378845188e-05 0.0002418196812816488 -8.2835623788344589e-05 -0.00017968076678363524 0.00012648323934609447 0.00052654880729291844 -0.00021452774744083644 -2.824480287821349e-05 -0.00045710777368980097 9.1399852322540911e-05 3.3222672388453849e-06 -0.00019827861208303988 9.7227682516806007e-06 -0.00022917562366642168 -0.00013399324676767682 -0.0001840586514558799 -7.775151533312766e-05 -0.00072621720957307377 -0.00020723690524255753 2.9705820665652359e-05 0.00017713553370318134 -0.00035794083683744467
leaf_weight=269 320 1336 724 304 696 1864 671 16599 900 728 9271 1457 448 211 844 3101 1236 12564 57683 1755 6594 2533 1219 2184 626 247 829 2539 4251 325
leaf_count=269 320 1336 724 304 696 1864 671 16599 900 728 9271 1457 448 211 844 3101 1236 12564 57683 1755 6594 2533 1219 2184 626 247 829 2539 4251 325
internal_value=-3.2546e-07 1.35479e-05 -0.000155175 -0.000250831 8.0377e-06 -6.9514e-05 0.000345416 1.64283e-05 -0.000209296 -4.02364e-05 -4.9612e-05 2.42081e-06 5.62755e-06 6.41604e-05 1.01024e-05 2.322e-05 -0.000251622 8.72238e-06 1.11144e-05 -2.63808e-06 5.20273e-05 -0.000304562 3.63588e-05 -0.000130871 -0.000243567 -0.000423484 -1.45631e-05 0.000134769 0.000122143 -8.77575e-05
internal_weight=134328 123284 11044 6022 121277 11831 2007 109446 5718 5022 11135 84627 83170 24819 80538 3829 4994 80269 79425 59438 19987 3769 17818 2632 1193 567 7423 7001 6790 1225
internal_count=134328 123284 11044 6022 121277 11831 2007 109446 5718 5022 11135 84627 83170 24819 80538 3829 4994 80269 79425 59438 19987 3769 17818 2632 1193 567 7423 7001 6790 1225
is_linear=0
shrinkage=0.005


Tree=90
num_leaves=31
num_cat=0
split_feature=11 64 68 138 90 85 241 90 256 38 77 156 31 254 258 188 32 54 254 132 131 191 85 72 241 141 132 80 164 3
split_gain=11.3117 9.42494 5.04443 4.85888 3.2729 3.03768 5.04866 2.86463 2.78849 2.37414 2.0631 2.0348 1.91131 1.86808 1.79808 1.69491 1.60064 1.57219 1.47367 1.6066 1.58957 1.4678 1.45501 1.42545 1.37012 1.2745 1.32597 1.53698 1.49944 1.28266
threshold=0.84346503019332897 1.5040485858917239 -0.50078126788139332 -0.80282750725746144 -0.82662877440452565 3.8084663152694707 -0.54166162014007557 0.79219499230384838 3.7007432742450314e-15 2.3001639842987065 -1.2361505627632139 -0.45276945829391474 1.2222222089767458 1.1878980994224551 -0.52013424038887013 -0.153974674642086 0.92311805486679088 0.78174602985382091 -0.71019110083580006 0.34656620025634771 0.022909757681190971 0.21295700967311862 0.39364184439182287 -2.4533169269561763 0.2547584474086762 1.3131801486015322 0.23739527165889743 1.6019418239593508 1.4752218723297121 -1.5562884807586668
decision_type=10 10 2 10 10 10 10 10 10 10 8 8 10 10 8 10 10 2 8 8 10 10 8 10 10 10 10 10 10 8
left_child=1 7 -3 4 21 -6 -7 8 9 12 -4 -10 14 16 15 24 25 23 -16 20 -20 -2 -17 -5 -1 26 27 29 -28 -13
right_child=3 2 10 17 5 6 -8 -9 11 -11 -12 13 -14 -15 18 22 -18 -19 19 -21 -22 -23 -24 -25 -26 -27 28 -29 -30 -31
leaf_value=-0.00012549495960514743 5.2328353521031687e-05 0.00083066851529528031 0.00056305842331392381 0.0003877294042744161 -0.00025161221783671326 -0.0012649411251391665 -0.00027861527922346874 -0.00013995124650602103 -0.0001256067597168786 -0.0001634663680952294 0.00015676246631756634 -0.00014209905632133171 -0.00018188244653324088 -0.00019592403382933554 7.3064494755821982e-05 9.658429766951879e-05 -0.00013836796065955039 -0.00028380818463586566 9.3787220096864333e-05 -3.6580624895450244e-05 5.8094188120132763e-06 -0.00019983858734762595 0.000252814747400783 5.5129908399385039e-06 8.8009251897841809e-05 -0.00015811685866588246 -1.236008765995537e-05 0.00021303879094687481 -0.00029674206670471755 3.5979914738005369e-05
leaf_weight=1340 1207 329 338 262 4659 202 363 3305 4011 1512 3809 1065 978 1290 12658 6873 2097 426 7601 12085 15843 1094 1912 2861 1697 1194 23730 1162 468 18154
leaf_count=1340 1207 329 338 262 4659 202 363 3305 4011 1512 3809 1065 978 1290 12658 6873 2097 426 7601 12085 15843 1094 1912 2861 1697 1194 23730 1162 468 18154
internal_value=-1.76146e-07 1.35546e-05 0.000238666 -0.000153226 -0.000225112 -0.0002943 -0.000640128 5.07169e-06 9.22557e-06 3.18708e-05 0.000190636 -1.73835e-05 3.67349e-05 -8.53146e-06 4.0321e-05 9.55825e-05 -3.45123e-06 -5.61999e-07 2.67445e-05 1.02199e-05 3.43688e-05 -6.75198e-05 0.000130768 3.83069e-05 -6.08119e-06 2.73323e-06 7.06989e-06 3.67865e-05 -1.7941e-05 2.60515e-05
internal_weight=134525 123451 4476 11074 7525 5224 565 118975 115670 62499 4147 53171 60987 49160 60009 11822 47870 3549 48187 35529 23444 2301 8785 3123 3037 45773 44579 20381 24198 19219
internal_count=134525 123451 4476 11074 7525 5224 565 118975 115670 62499 4147 53171 60987 49160 60009 11822 47870 3549 48187 35529 23444 2301 8785 3123 3037 45773 44579 20381 24198 19219
is_linear=0
shrinkage=0.005


Tree=91
num_leaves=31
num_cat=0
split_feature=9 64 68 46 192 45 51 81 77 64 65 96 44 96 27 96 119 163 68 66 20 245 114 99 42 62 170 46 169 95
split_gain=11.0942 5.36543 5.73542 4.96953 3.63165 3.496 3.28736 3.03616 2.72356 2.65704 2.58145 2.13681 2.12504 3.74011 2.23138 2.56438 2.11554 1.90229 1.65215 1.63934 1.63738 1.51903 1.43797 1.42404 1.40219 1.36555 1.29748 1.29486 1.26673 1.22551
threshold=0.94230768084526073 1.3481781482696535 -0.50078126788139332 -1.6428571343421934 -0.3943690806627273 -1.2788944840431211 -0.64163091778755177 -2.6321672201156612 -1.1473128199577329 1.5647773742675783 0.81705880165100109 1.6840329170227053 -0.61250001192092884 -1.0000000180025095e-35 0.0098980204202234762 1.0102026462554934 1.7172585129737856 0.55305269360542308 -0.2492207735776901 -0.71912986040115345 0.50330032408237468 -0.12212860956788062 -1.0263159275054929 -0.6277608573436736 0.98188406229019176 -0.90000000596046437 0.21589224040508273 0.78571429848670971 -0.32383581995964045 0.48624433577060705
decision_type=10 10 2 10 8 10 8 10 8 10 8 10 8 10 8 10 10 10 2 10 10 8 8 8 10 10 8 10 8 10
left_child=1 4 25 -2 17 19 18 -7 -8 23 11 12 13 -6 16 22 24 -1 -4 -5 -15 -12 26 -9 -14 -3 -16 -10 -23 -26
right_child=3 2 6 5 10 7 8 9 27 -11 21 -13 14 20 15 -17 -18 -19 -20 -21 -22 28 -24 -25 29 -27 -28 -29 -30 -31
leaf_value=-3.3184903127474599e-05 0.00013130722286735637 0.0004232028721355475 -0.00063430876456635086 -0.00034676729616943175 -1.89561654871344e-06 -0.00081640525298390648 0.00045429041935106108 -3.6922041578725539e-05 7.4529457045352645e-05 -0.00039944204823002735 1.0243615680014698e-06 -0.00021749136835658175 7.0970417221575586e-05 -8.9598357921247929e-05 4.5134620678923438e-05 -0.00018124123389891622 -8.6843969264315519e-05 -0.00016407586931025203 -2.2910855105487093e-05 4.4772758530371514e-05 -0.00031566591991253592 0.00020027567151953998 1.2407890108773838e-05 -0.00022466974828660825 5.4985601906521481e-05 0.00098317944573179722 -0.00013541876709868058 0.00030821137782621971 7.5325811731436355e-05 -0.00010412909789646667
leaf_weight=8922 1303 264 201 311 9192 226 610 1402 4900 1753 4718 1066 27831 1663 1418 2031 2753 4036 243 1727 1565 2799 33425 3692 2519 206 3287 673 7472 2317
leaf_count=8922 1303 264 201 311 9192 226 610 1402 4900 1753 4718 1066 27831 1663 1418 2031 2753 4036 243 1727 1565 2799 33425 3692 2519 206 3287 673 7472 2317
internal_value=-1.75515e-07 1.2976e-05 0.000146419 -0.000156891 4.87243e-06 -0.000198211 0.000108199 -0.000250758 0.000138158 -0.000231432 1.47071e-05 4.48308e-06 7.18985e-06 -5.33988e-05 1.71557e-05 -8.34744e-06 4.60836e-05 -7.40394e-05 -0.000304787 -1.54342e-05 -0.000199674 7.5405e-05 8.71214e-07 -0.000173182 5.73129e-05 0.000677458 -8.0907e-05 0.00010309 0.000109506 -2.11742e-05
internal_weight=134525 124111 7097 10414 117014 9111 6627 7073 6183 6847 104056 89067 88001 12420 75581 40161 35420 12958 444 2038 3228 14989 38130 5094 32667 470 4705 5573 10271 4836
internal_count=134525 124111 7097 10414 117014 9111 6627 7073 6183 6847 104056 89067 88001 12420 75581 40161 35420 12958 444 2038 3228 14989 38130 5094 32667 470 4705 5573 10271 4836
is_linear=0
shrinkage=0.005


Tree=92
num_leaves=31
num_cat=0
split_feature=11 21 68 46 36 7 63 168 181 254 65 81 85 204 180 254 33 85 204 66 78 85 78 131 85 68 247 174 121 255
split_gain=11.1057 9.33916 4.86763 4.73405 3.57761 3.24645 3.10494 3.0809 2.94403 2.61289 2.4249 2.16077 2.12455 1.89075 1.69643 2.07933 2.18848 1.63905 1.58456 1.55417 1.53547 1.5169 2.1652 1.50944 1.41141 1.38091 1.32414 1.30608 1.26681 1.25493
threshold=0.84346503019332897 0.97804051637649547 -0.50078126788139332 -1.6428571343421934 -0.56081297993659962 1.1199324727058413 7.1508271694183358 0.42344214022159582 0.69049984216690075 1.1624203920364382 1.0194117426872256 -0.86859944462776173 4.7154777050018319 0.71364304423332225 2.6102181673049931 -0.65923568606376637 0.97120743989944469 2.3167549371719365 -0.39836846292018885 -0.96536886692047108 2.1871361732482915 3.8084663152694707 -1.037550091743469 -0.026386650279164311 1.4256001710891726 -0.53606104850769032 1.5505493283271792 2.8449468612670903 -1.4396533966064451 -1.2321428656578062
decision_type=10 10 2 10 10 10 10 8 10 10 8 10 10 10 10 8 10 10 8 10 8 10 10 10 10 2 10 8 8 8
left_child=1 7 -3 -2 5 6 12 8 9 14 13 -6 29 17 15 25 19 23 -10 -17 26 22 -7 -9 -4 -1 -21 -19 -20 -5
right_child=3 2 24 4 11 21 -8 10 18 -11 -12 -13 -14 -15 -16 16 -18 27 28 20 -22 -23 -24 -25 -26 -27 -28 -29 -30 -31
leaf_value=0.00040970737944235052 0.00013065319708466383 0.0010114646558882403 0.0001560622187554779 -6.1679072865975315e-05 -0.00093811115213980275 0.00020555347697942796 7.2826481919076094e-05 8.7005025765056292e-05 5.9256006087653002e-05 -0.00021687070518495573 0.00016672838305869018 -0.00033924872218505167 -0.00063390447075434492 -0.00011537762908086791 -0.00016934725133396414 -0.0002040649315045389 -0.00021171481062671422 0.00011963948631853893 -0.00038257489330990082 -3.9741473950018218e-06 9.6036824563099779e-05 -0.00036553553612261305 -9.2007770061338699e-05 6.1232268450585833e-06 0.00040431758005246018 4.8571381526184966e-05 -0.00037172547600547239 0.00051150466798982315 -0.00010272856951649657 -0.00027843204122280827
leaf_weight=264 1303 214 1857 808 220 924 743 9175 1493 1339 3844 503 374 1993 1358 929 1265 698 424 50903 3989 294 1782 15564 839 18907 241 307 7848 4123
leaf_count=264 1303 214 1857 808 220 924 743 9175 1493 1339 3844 503 374 1993 1358 929 1265 698 424 50903 3989 294 1782 15564 839 18907 241 307 7848 4123
internal_value=-1.74847e-07 1.34302e-05 0.000293085 -0.000151824 -0.000189592 -0.000162271 -0.000228942 6.66298e-06 -8.39377e-06 1.70246e-06 4.90865e-05 -0.000527354 -0.00027133 3.27377e-05 5.48168e-06 8.60266e-06 -6.46522e-06 4.42438e-05 -9.02852e-05 -1.80652e-06 1.6107e-06 -2.75387e-05 9.60579e-06 3.61517e-05 0.00023411 5.36761e-05 -5.753e-06 0.000241778 -0.000117356 -0.000243114
internal_weight=134525 123451 2910 11074 9771 9048 6048 120541 88960 79195 31581 723 5305 27737 77856 76498 57327 25744 9765 56062 55133 3000 2706 24739 2696 19171 51144 1005 8272 4931
internal_count=134525 123451 2910 11074 9771 9048 6048 120541 88960 79195 31581 723 5305 27737 77856 76498 57327 25744 9765 56062 55133 3000 2706 24739 2696 19171 51144 1005 8272 4931
is_linear=0
shrinkage=0.005


Tree=93
num_leaves=31
num_cat=0
split_feature=8 29 39 68 95 69 54 6 90 192 222 69 111 33 34 68 102 69 81 38 38 108 31 111 79 34 64 80 54 64
split_gain=9.66291 5.99593 5.31531 5.53003 5.1044 4.90404 6.62538 4.53966 2.89203 3.17855 2.62614 2.37968 2.36676 3.23665 2.25632 2.08988 1.83825 1.80035 1.66882 1.50017 1.74449 1.46847 1.40845 1.39834 1.25437 1.18849 1.18809 1.3176 1.16978 1.22764
threshold=1.0724638104438784 -0.3314970582723617 -4.1845242977142325 -0.51498931646347035 -0.060552544891834252 -2.9921171665191646 -0.52777779102325428 0.80375427007675182 0.79219499230384838 -0.38841052353382105 0.48050196468830114 -1.7925142049789426 -0.38677075505256647 0.8794456720352174 -1.1444876194000242 -0.49543276429176325 1.2829083800315859 -1.5813289880752561 1.60129851102829 2.3001639842987065 1.5614793896675112 -0.18256130814552304 0.85185185074806224 -1.9337550997734068 -2.2213071584701534 0.654443919658661 -0.010121457744389771 -0.28388367593288416 0.93253967165946972 -0.63765180110931385
decision_type=10 10 8 2 10 10 2 10 10 8 10 10 10 10 10 2 10 10 10 10 8 2 10 10 10 8 10 10 2 10
left_child=2 24 3 -1 21 6 -6 8 9 10 15 18 -11 16 -13 -4 19 -12 -5 20 22 -3 28 -7 -2 -19 27 -17 29 -14
right_child=1 4 7 11 5 23 -8 -9 -10 12 17 14 13 -15 -16 26 -18 25 -20 -21 -22 -23 -24 -25 -26 -27 -28 -29 -30 -31
leaf_value=0.00079781845603767219 0.00033049272018825045 6.2170958721235195e-05 0.00049437978101913747 0.00039768601499404942 -0.00029181406797378003 -0.00014723448715643961 -0.0014495075649947548 -0.00023480467469447566 -0.00013843650766289626 6.3811961890718297e-05 -0.00034257105867016894 0.00025683405207037785 -0.00011696034768771504 0.00020755914721461025 1.2165203714184386e-05 -0.00050669209621198152 0.00010790013181410159 -2.8546919348324093e-05 -2.0961906159467498e-05 -0.00014640781491440707 0.00010160121771506716 -0.00020642140549026811 -0.00012882134246411796 -0.00036570043918610691 -1.3601616400963118e-05 -0.00015321427421430462 3.4018237022719314e-05 -4.4161782901741381e-05 -0.00012934132179890436 6.1786908495306627e-06
leaf_weight=305 287 1184 222 1037 277 1140 225 1965 3305 24793 782 1212 2094 1961 4199 214 3869 3838 305 1797 3953 883 2268 2147 2828 3833 4739 532 1747 56584
leaf_count=305 287 1184 222 1037 277 1140 225 1965 3305 24793 782 1212 2094 1961 4199 214 3869 3838 305 1797 3953 883 2268 2147 2828 3833 4739 532 1747 56584
internal_value=-1.74159e-07 -0.000158663 1.1152e-05 0.000144404 -0.00025288 -0.000361821 -0.000820865 3.20509e-06 7.23271e-06 1.14951e-05 -5.85541e-05 0.00011425 2.1515e-05 7.38585e-06 6.7247e-05 2.42343e-05 1.93654e-06 -0.000114489 0.000302443 -4.05359e-06 -1.97043e-07 -5.25487e-05 -6.63132e-06 -0.000290422 1.842e-05 -9.09643e-05 4.68162e-06 -0.000180001 -2.02647e-06 1.7662e-06
internal_weight=134525 8971 125554 7058 5856 3789 502 118496 116531 113226 14160 6753 99066 74273 5411 5707 72312 8453 1342 68443 66646 2067 62693 3287 3115 7671 5485 746 60425 58678
internal_count=134525 8971 125554 7058 5856 3789 502 118496 116531 113226 14160 6753 99066 74273 5411 5707 72312 8453 1342 68443 66646 2067 62693 3287 3115 7671 5485 746 60425 58678
is_linear=0
shrinkage=0.005


Tree=94
num_leaves=31
num_cat=0
split_feature=11 162 29 95 69 54 168 60 192 68 204 12 188 132 38 193 80 258 129 83 75 155 114 259 234 54 239 68 68 17
split_gain=10.8976 8.86631 4.49817 4.55439 4.8027 5.76937 3.28949 3.14579 2.8984 2.39042 2.29212 2.11266 2.90691 2.43204 2.50877 2.16036 2.09997 1.89889 1.89495 1.88174 1.88085 1.82658 1.7874 1.70122 2.10109 1.62268 1.58974 1.53804 1.53946 1.40193
threshold=0.84346503019332897 1.9724493622779848 -0.3314970582723617 -0.082252599298953996 -2.9921171665191646 -0.52777779102325428 0.42344214022159582 7.5000000000000009 -0.58121958374977101 -0.49249261617660517 0.71364304423332225 0.56962025165557872 0.55665269494056713 0.29794786870479589 -0.42314144968986506 0.098259769380092635 -0.50452187657356251 1.5536912679672243 -0.45212706923484797 3.1159124374389653 -1.3485131263732908 -0.52555575966835011 -1.038861811161041 0.90561223030090343 0.95567476749420177 0.77380952239036571 -0.49183773994445795 -0.26322774589061732 -0.4088186770677566 0.43689320981502539
decision_type=10 10 10 10 10 2 8 2 8 2 10 10 10 8 8 8 8 10 8 10 10 10 10 10 10 2 10 2 2 8
left_child=1 6 7 -4 5 -5 8 27 -1 -3 19 13 15 14 21 -13 -12 -16 -6 25 -9 -10 -21 24 -15 -8 -17 28 -2 -23
right_child=2 9 3 4 18 -7 10 20 11 -11 16 12 -14 23 17 26 -18 -19 -20 22 -22 29 -24 -25 -26 -27 -28 -29 -30 -31
leaf_value=-0.00016211944613383353 -0.00023741658188563354 0.00084789359866243891 -3.8256405746756961e-05 -0.00027973515020701933 2.9514268455280516e-05 -0.0013260443211890282 4.0065959382627036e-05 0.00025185822298130225 -0.00019861412060010697 0.00028222128340655526 -0.00055602753077004538 -2.0022120914323783e-05 2.9497209062294378e-05 -4.0776445478726868e-05 8.299829140674927e-05 -7.4846341249235786e-05 -5.2673383029721352e-05 -0.00010930873748377945 -0.00031276629663832016 0.00056079005841743867 -2.512038484177763e-05 7.4069796962829984e-05 6.2581346402863428e-05 -0.00016593205426900507 3.2984505378837521e-05 0.00014313556427181522 -0.00025588700427441822 -8.7801841128881263e-05 -0.00077059233493924481 -6.1851058038755267e-05
leaf_weight=2936 363 207 1880 284 460 249 24888 759 1335 1795 230 3450 5650 22900 20495 2058 1797 1363 3143 360 3086 3552 363 1818 16679 4515 3000 628 222 4060
leaf_count=2936 363 207 1880 284 460 249 24888 759 1335 1795 230 3450 5650 22900 20495 2058 1797 1363 3143 360 3086 3552 363 1818 16679 4515 3000 628 222 4060
internal_value=-1.73659e-07 1.33033e-05 -0.000150396 -0.000242756 -0.000335432 -0.000777247 7.85171e-06 -4.0312e-05 -7.75856e-06 0.000342926 5.12149e-05 -2.49585e-06 -5.83364e-05 8.45021e-06 4.20912e-05 -0.000116707 -0.000111262 7.09615e-05 -0.000268948 6.21802e-05 2.96812e-05 -2.83849e-05 0.000313487 -1.65732e-05 -9.67995e-06 5.59315e-05 -0.000182471 -0.0002618 -0.000445413 1.51526e-06
internal_weight=134525 123451 11074 6016 4136 533 121449 5058 89296 2002 32153 86360 14158 72202 30805 8508 2027 21858 3603 30126 3845 8947 723 41397 39579 29403 5058 1213 585 7612
internal_count=134525 123451 11074 6016 4136 533 121449 5058 89296 2002 32153 86360 14158 72202 30805 8508 2027 21858 3603 30126 3845 8947 723 41397 39579 29403 5058 1213 585 7612
is_linear=0
shrinkage=0.005


Tree=95
num_leaves=31
num_cat=0
split_feature=120 114 69 39 6 85 64 60 135 168 181 65 69 129 66 33 181 30 39 139 187 19 96 96 2 69 74 223 43 59
split_gain=7.96196 6.75451 6.97856 5.11426 5.54569 3.90989 3.4984 3.11732 2.88476 2.85496 2.97075 2.39838 2.30061 1.83433 1.71235 1.69739 1.66296 1.61266 2.34106 2.32511 1.47429 2.4983 1.71326 1.58561 1.47123 1.40896 1.32192 1.30118 1.28024 1.27975
threshold=0.70287820696830761 0.37178696691989904 -2.846754670143127 -4.1845242977142325 0.80375427007675182 2.121915459632874 1.2206478118896487 46.500000000000007 -1.1802642345428465 0.42344214022159582 0.69049984216690075 0.79941177368164074 -1.4501309990882871 -0.50980952382087696 -0.96536886692047108 -2.690125465393066 0.058893252164125449 -0.54166665673255909 0.86454564332962047 0.54783034324646007 -0.23209717124700543 0.40359477698802954 1.0102026462554934 -0.1394456401467323 0.17630343139171603 -2.2375191450119014 -1.2900935411453245 -0.62038534879684437 0.62030074000358593 2.5000000000000004
decision_type=10 10 10 8 10 8 10 2 8 8 10 8 10 8 10 10 8 10 10 10 10 10 10 10 8 10 2 8 10 2
left_child=3 2 -2 5 9 15 -3 26 -7 10 14 16 24 -4 -5 -1 28 19 20 -16 22 -22 -19 -23 -12 -17 -6 -14 -11 -29
right_child=1 6 13 4 7 8 -8 -9 -10 11 12 -13 27 -15 17 25 -18 18 -20 -21 21 23 -24 -25 -26 -27 -28 29 -30 -31
leaf_value=0.00020475420156434773 -0.0012136001418370972 -0.00013858102075645705 5.9447027016765358e-08 -0.00020575940231134379 2.868536936134993e-05 0.0008084530102463296 0.00010412814329081653 6.8433897181967037e-06 0.00025637606599981634 -3.5957672687475799e-05 -1.1416726740835077e-05 0.00014903815216858998 5.0875712390730597e-05 -0.00036747338537405249 8.7944248810392872e-05 0.00041165701780118978 8.6078985904025897e-05 -1.9110754178794074e-05 -0.00022199019013880388 -4.2058053821399285e-05 4.9607493072207909e-05 -2.5134672866748615e-06 -0.0001938422013586596 -0.00013870305837892144 -0.00049092434430648979 -6.1356844148205589e-06 -0.00030931720294449127 -3.478149386340173e-05 6.2000567320005687e-05 -0.00017042765159529843
leaf_weight=1803 223 4974 432 943 323 293 2109 1570 1228 9511 230 5258 1907 1535 12107 209 8563 21727 1206 4794 23485 6917 1496 3093 539 3506 2506 3868 5130 3176
leaf_count=1803 223 4974 432 943 323 293 2109 1570 1228 9511 230 5258 1907 1535 12107 209 8563 21727 1206 4794 23485 6917 1496 3093 539 3506 2506 3868 5130 3176
internal_value=-1.18948e-07 -0.000141458 -0.000383865 1.0335e-05 2.5403e-06 0.000141224 -6.62201e-05 -0.00017155 0.000365354 9.27264e-06 -5.16357e-06 5.26438e-05 -8.74355e-05 -0.000286705 5.38928e-06 7.9078e-05 3.07521e-05 8.07058e-06 -4.46102e-06 5.10377e-05 1.74667e-07 2.14083e-05 -3.04276e-05 -4.4693e-05 -0.000349155 1.7756e-05 -0.000270567 -6.47125e-05 -1.5909e-06 -9.60901e-05
internal_weight=134661 9273 2190 125388 118349 7039 7083 4399 1521 113950 85488 28462 9720 1967 75768 5518 23204 74825 57924 16901 56718 33495 23223 10010 769 3715 2829 8951 14641 7044
internal_count=134661 9273 2190 125388 118349 7039 7083 4399 1521 113950 85488 28462 9720 1967 75768 5518 23204 74825 57924 16901 56718 33495 23223 10010 769 3715 2829 8951 14641 7044
is_linear=0
shrinkage=0.005


Tree=96
num_leaves=31
num_cat=0
split_feature=9 64 34 6 85 225 65 85 90 192 188 66 69 22 43 69 66 96 78 68 119 102 245 259 155 49 17 3 72 96
split_gain=10.0201 5.18552 4.42946 4.15324 5.07901 4.33369 2.79929 2.51428 2.42047 2.54407 2.9029 2.10905 2.06243 2.01222 2.38074 1.80138 1.78189 1.62058 1.68012 2.35966 1.8837 1.59645 2.09081 1.55888 1.65846 2.10472 1.54565 1.43715 1.40693 1.34852
threshold=0.94230768084526073 5.0384614467620858 -1.1444876194000242 1.2406143546104433 4.1869037151336679 -1.5065934658050535 1.2776470184326174 2.0420763492584233 0.81824815273284923 -0.36795887351036066 0.74627524614334118 -0.71912986040115345 -2.4184221029281612 0.78155338764190685 -0.40601503849029535 -1.6279260516166685 -0.96536886692047108 1.8287320733070376 2.1871361732482915 -0.53606104850769032 2.7050738334655766 1.2525492310523989 0.46792881190776831 0.2066326588392258 0.3907772451639176 1.4843750000000002 0.43689320981502539 0.23145038634538653 -2.4533169269561763 1.0237910747528078
decision_type=10 10 8 10 10 10 8 10 10 8 10 10 10 10 10 10 8 10 8 2 10 10 8 10 8 10 10 10 8 10
left_child=1 2 -1 4 13 -6 8 -3 9 10 15 -5 -12 -2 -15 -4 -11 18 19 -18 21 22 23 24 25 29 -23 -17 -13 -21
right_child=3 7 6 11 5 -7 -8 -9 -10 16 12 28 -14 14 -16 27 17 -19 -20 20 -22 26 -24 -25 -26 -27 -28 -29 -30 -31
leaf_value=0.00028474159332219734 -0.00027345759055304723 0.00016237483428211953 -0.00026903458355307221 -0.00031433379530460513 -0.0012453751996055001 -0.00027336319712657005 9.4128798216910108e-05 0.00073487364546156314 -0.00014744117990476329 -0.00021205880004388208 0.00055857928413796524 0.00037603501831980616 5.8347424807477873e-05 -0.00023275067158989334 4.725838757715872e-06 3.2966476572620698e-06 0.00040943985885863481 -0.0003322388635088844 9.5785958983087322e-05 -2.4139483994925406e-05 -0.00014761889398033209 0.00012554687292121622 5.860581311515136e-05 2.3771990170762437e-05 4.8057424665438906e-05 -0.00026132236443815763 -6.487399932813889e-05 -0.00010885696643376346 2.566127051723501e-05 -0.00014882542391430147
leaf_weight=1443 3025 442 1195 401 206 263 8484 343 2712 864 225 330 2038 1943 2294 4637 365 329 6250 28215 1867 5291 15446 25723 6196 1047 1327 7397 2016 2347
leaf_count=1443 3025 442 1195 401 206 263 8484 343 2712 864 225 330 2038 1943 2294 4637 365 329 6250 28215 1867 5291 15446 25723 6196 1047 1327 7397 2016 2347
internal_value=-1.18631e-07 1.24083e-05 9.81855e-06 -0.000148567 -0.000207878 -0.000709991 6.54996e-06 0.000416225 0 3.61463e-06 -5.57928e-05 1.82462e-05 0.000109425 -0.000174915 -0.000104204 -8.41241e-05 1.32829e-05 1.53617e-05 1.66003e-05 1.09542e-05 9.26215e-06 1.26984e-05 6.43796e-06 -6.24172e-06 -2.66771e-05 -4.13477e-05 8.72692e-05 -6.56164e-05 7.58542e-05 -3.37538e-05
internal_weight=134661 124183 123398 10478 7731 469 121955 785 113471 110759 15492 2747 2263 7262 4237 13229 95267 94403 94074 87824 87459 85592 78974 63528 37805 31609 6618 12034 2346 30562
internal_count=134661 124183 123398 10478 7731 469 121955 785 113471 110759 15492 2747 2263 7262 4237 13229 95267 94403 94074 87824 87459 85592 78974 63528 37805 31609 6618 12034 2346 30562
is_linear=0
shrinkage=0.005


Tree=97
num_leaves=31
num_cat=0
split_feature=11 7 29 107 68 60 168 192 7 80 65 204 75 54 72 249 66 2 144 39 44 5 45 198 204 80 68 74 38 80
split_gain=9.83499 7.84683 4.29309 4.70221 4.08382 3.07011 2.74336 2.8945 2.67576 2.489 2.44166 2.08366 1.88039 1.77991 1.7661 1.72614 1.63973 1.60264 1.59634 2.31044 2.17959 1.9915 1.67642 1.59841 1.5614 1.70129 1.53195 2.55853 1.45565 1.34871
threshold=0.84346503019332897 0.79054054617881786 -0.3314970582723617 0.11070440337061883 -0.51498931646347035 7.5000000000000009 0.43539145588874822 -0.58121958374977101 0.60641890764236461 -0.99478453397750843 0.79941177368164074 -0.71077561378478993 -1.3930960297584531 0.22619047760963443 -1.4723848700523374 0.57830238342285167 -0.96536886692047108 -0.51740539073944081 -0.04163719899952411 0.81597399711608898 -0.12249999865889548 0.63333335518836986 0.11055276542901994 0.13596829771995547 0.71364304423332225 -0.46586948633193964 -0.26841250061988825 -0.68774539232254017 -0.48255163431167597 0.46782824397087103
decision_type=10 10 10 10 2 2 8 8 10 10 8 8 10 2 10 10 8 10 8 8 8 10 10 8 10 8 2 2 10 10
left_child=1 6 5 29 -3 26 7 -1 16 13 24 -10 -7 -5 -6 -13 -9 -11 20 23 22 -21 28 -20 -8 -26 27 -2 -18 -4
right_child=2 4 3 9 14 12 10 8 11 17 -12 15 -14 -15 -16 -17 18 -19 19 21 -22 -23 -24 -25 25 -27 -28 -29 -30 -31
leaf_value=-0.00016322595179843588 1.2292743986472488e-05 0.00085334814358159342 4.3668083332631603e-05 -0.00039631881753786563 0.0005691343715811079 0.00025659854845356698 3.6752874901217666e-05 -0.00021100460752675581 4.1738077417515879e-05 -0.00017964482962761361 0.00014307417743876098 -8.0502601814406058e-05 -2.0429021464789229e-05 -0.00083613929562597071 0.00015115775981991471 -0.00026396720747228825 -2.9150248911356384e-05 -0.00051184560159344978 -0.00024543816974118146 -0.0002399142362490563 8.3953690136004863e-05 1.9729810609755759e-05 -0.00016480601063225152 2.6169920361738946e-06 -0.00050496225631844322 -5.482243620768322e-05 -8.637840856635694e-05 -0.00068558059232024643 7.5372894797206134e-05 -0.0003780802603658666
leaf_weight=2950 200 229 1491 1224 265 758 22443 864 2176 2396 5327 4063 3092 291 4461 1882 8177 429 654 1940 13260 1184 1455 44639 235 1724 661 369 5610 212
leaf_count=2950 200 229 1491 1224 265 758 22443 864 2176 2396 5327 4063 3092 291 4461 1882 8177 429 654 1940 13260 1184 1455 44639 235 1724 661 369 5610 212
internal_value=-1.18184e-07 1.2702e-05 -0.000142492 -0.000232516 0.000207544 -3.51817e-05 4.54785e-06 -9.35865e-06 -4.05974e-06 -0.000319802 4.6123e-05 -9.03963e-05 3.42454e-05 -0.000483601 0.000175277 -0.000138839 4.95311e-06 -0.000231084 7.39893e-06 -1.00695e-05 3.7087e-05 -0.000141475 -3.66664e-06 -9.80413e-07 2.49129e-05 -0.000110223 -0.000252158 -0.000441441 1.33564e-05 -9.49412e-06
internal_weight=134661 123538 11123 6043 4955 5080 118583 88854 85904 4340 29729 8121 3850 1515 4726 5945 77783 2825 76919 48417 28502 3124 15242 45293 24402 1959 1230 569 13787 1703
internal_count=134661 123538 11123 6043 4955 5080 118583 88854 85904 4340 29729 8121 3850 1515 4726 5945 77783 2825 76919 48417 28502 3124 15242 45293 24402 1959 1230 569 13787 1703
is_linear=0
shrinkage=0.005


Tree=98
num_leaves=31
num_cat=0
split_feature=9 144 175 33 90 81 65 85 90 192 188 80 24 37 105 80 17 111 96 31 139 62 80 68 178 80 32 150 113 15
split_gain=9.82543 4.87258 4.33473 4.03293 3.08446 3.68575 2.67955 2.52077 2.35739 2.44868 2.85773 2.05165 2.00247 1.71915 1.60088 1.59396 1.58735 1.92111 2.47011 1.55878 1.6006 1.54463 1.51776 1.43876 1.38797 1.29363 1.38461 1.2912 1.28842 1.99026
threshold=0.94230768084526073 -0.82903239130973805 0.13488123565912249 -2.690125465393066 -0.87807902693748463 -3.0844295024871822 1.2776470184326174 2.0420763492584233 0.81824815273284923 -0.36795887351036066 0.74627524614334118 -1.0167198777198789 -0.49182152748107905 0.24137742817401889 -2.1928437948226924 0.71398019790649425 2.04692554473877 -0.30287468433380121 1.3341150879859927 -0.092592593282461153 0.67704334855079662 1.9727272987365725 -0.53579112887382496 -0.28026372194290156 1.0548099279403689 -0.95399838685989369 0.61897689104080211 -0.091100420802831636 0.0087769399397075194 0.41493055224418646
decision_type=10 8 10 8 10 10 8 10 10 8 10 10 10 8 10 10 10 10 10 8 10 10 10 2 10 10 10 8 10 10
left_child=1 7 4 15 -2 -6 8 -1 9 10 13 -12 21 22 -14 -3 17 -11 19 20 -19 25 -5 -18 28 -7 -27 -20 29 -21
right_child=2 3 -4 6 5 12 -8 -9 -10 16 11 -13 14 -15 -16 -17 23 18 27 24 -22 -23 -24 -25 -26 26 -28 -29 -30 -31
leaf_value=0.00012589511590294843 3.146822666011401e-06 0.00017914066311284715 6.503088360575621e-05 -0.00015838368192778164 -0.00089511579084514993 -0.00034223475207672145 9.213486428811171e-05 0.00065265752022895601 -0.00014612790965141606 5.2434268580775621e-05 0.00041527489629026437 3.4454216538467745e-05 -0.0002460595262798884 -0.00014667971349544262 -0.00058426650042746288 0.00064252357360405411 -0.00051494647815846753 5.2370320780920789e-05 1.6523995512548496e-05 -2.9050843846962258e-05 -3.7057087731852715e-05 6.0619846425924112e-06 9.024998509174119e-06 1.2896211858821549e-06 6.7752674505988143e-05 -9.3801686361604533e-05 -0.00035123573733185262 -0.00026781232543105572 1.6614156623091755e-05 -0.00016392744671211542
leaf_weight=490 1582 1929 1953 1787 205 1363 8356 428 2712 24210 435 1828 897 5925 593 203 266 23114 575 19266 6375 965 5517 265 4443 2237 683 1274 11598 3187
leaf_count=490 1582 1929 1953 1787 205 1363 8356 428 2712 24210 435 1828 897 5925 593 203 266 23114 575 19266 6375 965 5517 265 4443 2237 683 1274 11598 3187
internal_value=-1.18181e-07 1.22864e-05 -0.000147118 9.5717e-06 -0.000195788 -0.000241157 5.76863e-06 0.000374235 -6.29877e-07 2.95712e-06 -5.5296e-05 0.000108631 -0.000220538 -8.34062e-05 -0.0003825 0.000224896 1.25073e-05 1.4058e-05 7.43444e-07 5.66082e-06 3.30177e-05 -0.000174139 -3.19452e-05 -0.000258773 -1.5285e-05 -0.000214816 -0.000154685 -0.000179314 -2.61429e-05 -4.82499e-05
internal_weight=134661 124183 10478 123265 8525 6943 121133 918 112777 110065 15492 2263 6738 13229 1490 2132 94573 94042 69832 67983 29489 5248 7304 531 38494 4283 2920 1849 34051 22453
internal_count=134661 124183 10478 123265 8525 6943 121133 918 112777 110065 15492 2263 6738 13229 1490 2132 94573 94042 69832 67983 29489 5248 7304 531 38494 4283 2920 1849 34051 22453
is_linear=0
shrinkage=0.005


Tree=99
num_leaves=31
num_cat=0
split_feature=9 63 46 45 85 83 256 192 90 30 222 255 254 85 46 85 109 259 258 108 162 192 85 54 36 54 63 30 32 195
split_gain=9.72823 5.0134 4.45502 3.57212 5.03691 4.21758 3.23464 2.6713 2.70305 2.26648 2.22556 2.01684 1.85271 1.79068 1.75361 1.68815 1.67781 2.09353 1.75789 1.65253 1.6327 1.57527 1.49788 1.46908 1.80488 1.37526 1.34347 1.33232 2.89859 1.28987
threshold=0.94230768084526073 6.5679845809936532 -1.6428571343421934 -1.2788944840431211 4.1869037151336679 4.2973721027374276 -1.138888895511627 -0.3943690806627273 0.81824815273284923 0.77083334326744091 0.48050196468830114 1.2321428656578066 1.1878980994224551 2.0420763492584233 -1.0000000180025095e-35 3.0683976411819462 0.027551708742976192 -0.34948980808258051 1.5268456339836123 0.084380574524402632 1.4384356141090395 0.68948403000831615 1.2874357700347903 0.13888889551162723 1.0000000180025095e-35 0.56746032834053051 -0.19513839483261106 -0.47916667163372034 -0.50883290171623219 -1.7097816467285154
decision_type=10 10 10 10 10 10 8 8 10 8 10 10 10 10 8 8 10 8 10 2 8 8 10 2 10 2 10 10 10 8
left_child=1 6 -2 -4 20 -6 21 10 9 12 26 14 16 -3 -11 29 19 -18 27 23 -5 22 -1 -9 25 -25 -8 28 -19 -12
right_child=2 13 3 4 5 -7 7 8 -10 11 15 -13 -14 -15 -16 -17 17 18 -20 -21 -22 -23 -24 24 -26 -27 -28 -29 -30 -31
leaf_value=0.00011117883941570907 0.00012599314930378418 0.00024460583884651851 -9.9471815830757205e-07 -6.4955598706824166e-05 -0.0012697374225523481 -0.00026667784408962713 -0.00016886359847203229 0.00010892336430267914 -0.00016586971363759755 3.3596030598475903e-05 -0.00033850923742326325 -8.4210454629054762e-05 -0.00017378408063305258 0.00085829874876355958 0.00013160948419496804 -0.00056445593068837321 -0.00019167726387316623 -0.0002310327078479654 -0.00017224565866778282 -9.0950246241022205e-07 -0.00024824492257538745 -1.4196166309465442e-06 0.00035324563460236493 -9.6084310066133126e-05 0.00013365763344523664 6.9576893664258317e-05 5.1225304577064536e-05 -2.5553994839775626e-05 5.5013784821640419e-05 -8.6923185633452289e-05
leaf_weight=6537 1308 286 2047 1612 206 218 819 9324 2102 9960 546 2113 1453 210 8453 201 1624 943 1570 19157 5087 2970 708 3375 2259 1983 4357 22633 13374 7226
leaf_count=6537 1308 286 2047 1612 206 218 819 9324 2102 9960 546 2113 1453 210 8453 201 1624 943 1570 19157 5087 2970 708 3375 2259 1983 4357 22633 13374 7226
internal_value=-1.17802e-07 1.22252e-05 -0.000146389 -0.000185343 -0.000238213 -0.000764298 1.01988e-05 2.5207e-06 1.13087e-05 1.51138e-05 -6.44699e-05 6.18372e-05 2.76043e-06 0.000511406 7.86425e-05 -0.000116864 6.14271e-06 -1.60903e-05 -8.65069e-06 3.08803e-05 -0.000204295 9.53985e-05 0.00013513 6.68477e-05 1.52394e-05 -3.4672e-05 1.61747e-05 -1.66367e-06 3.60641e-05 -0.000104868
internal_weight=134661 124183 10478 9170 7123 424 123687 113472 100323 98221 13149 20526 77695 496 18413 7973 76242 40144 38520 36098 6699 10215 7245 16941 7617 5358 5176 36950 14317 7772
internal_count=134661 124183 10478 9170 7123 424 123687 113472 100323 98221 13149 20526 77695 496 18413 7973 76242 40144 38520 36098 6699 10215 7245 16941 7617 5358 5176 36950 14317 7772
is_linear=0
shrinkage=0.005


Tree=100
num_leaves=31
num_cat=0
split_feature=9 63 34 175 65 90 69 181 168 85 192 138 45 96 33 15 4 221 35 129 163 8 3 163 68 150 169 187 162 47
split_gain=10.0973 4.86084 4.83522 4.31785 2.76162 2.69283 3.4882 5.29436 2.52242 2.47533 2.26674 2.18078 1.86626 1.78082 1.81626 1.82884 2.25039 1.82182 1.50865 1.42195 1.31117 1.29224 1.25248 1.24594 1.16855 1.15658 1.26329 1.31461 1.15461 1.12308
threshold=0.94230768084526073 6.1357624530792245 -1.1444876194000242 0.13488123565912249 0.21117646992206576 -0.87807902693748463 -2.9921171665191646 0.56618669629096996 0.40469767153263098 2.0420763492584233 -0.58121958374977101 0.9161706566810609 0.42462311685085302 1.3341150879859927 0.9389932155609132 0.40625000000000006 0.32352942228317266 0.068352978676557555 0.04071499593555928 -0.45212706923484797 -0.6390300691127776 1.3144927620887759 -0.022427440620958802 -0.26564987003803248 -0.49543276429176325 -0.63798731565475453 0.7498978078365327 -0.19373404234647748 2.142687320709229 0.78571429848670971
decision_type=10 10 8 10 8 10 10 8 8 10 8 10 10 10 10 8 10 10 10 8 10 10 8 8 2 8 8 10 10 8
left_child=1 2 -1 5 11 -2 7 21 10 -3 -6 13 24 14 15 29 17 -17 -15 -8 -18 -7 -13 -5 -10 -12 27 -27 -21 -4
right_child=3 9 4 23 8 6 19 -9 12 -11 25 22 -14 18 -16 16 20 -19 -20 28 -22 -23 -24 -25 -26 26 -28 -29 -30 -31
leaf_value=0.00029693864329710207 -9.4644114286382791e-06 0.00014965020975800546 1.1737906024008291e-05 0.00017704577090464581 -0.00019012411424531122 -0.00051359675936320226 -7.3014126335364075e-05 -0.001243745488044522 0.00035589998069621148 0.00068444824265954441 8.7793071995866494e-05 2.3179808629998708e-05 0.00021571114904253954 -0.00030973801354604216 -0.00015463394780262284 -0.00010520114522083159 -0.00011346287601889254 5.8236654472599741e-05 -4.7312243572309969e-05 -0.00016401904067603012 -0.00032638921027114252 -6.386830214908252e-05 0.0001557028591369561 -7.4540926804863013e-05 5.6664767225384723e-05 -1.8848356285509294e-05 -7.3323109765010736e-05 5.746440796986725e-05 -0.00032838696748714244 -4.8772862074157434e-05
leaf_weight=1446 1532 513 40620 1058 1319 363 1650 200 332 378 5384 6092 2516 964 2322 3216 2643 3615 1277 2184 1003 290 2524 909 11278 10505 4090 12167 2161 9447
leaf_count=1446 1532 513 40620 1058 1319 363 1650 200 332 378 5384 6092 2516 964 2322 3216 2643 3615 1277 2184 1003 290 2524 909 11278 10505 4090 12167 2161 9447
internal_value=1.30587e-07 1.26921e-05 1.00093e-05 -0.00014987 6.57301e-06 -0.000199347 -0.000241715 -0.000540574 3.62654e-05 0.000379646 1.25932e-05 -1.2589e-05 9.22861e-05 -2.24883e-05 -1.75354e-05 -1.22568e-05 -7.23131e-05 -1.86566e-05 -0.000160859 -0.000198694 -0.000172542 -0.000316633 6.21273e-05 6.06335e-05 6.54143e-05 2.09548e-05 7.47571e-06 2.20867e-05 -0.000246166 3.06585e-07
internal_weight=133998 123651 122760 10347 121314 8380 6848 853 47591 891 33465 73723 14126 65107 62866 60544 10477 6831 2241 5995 3646 653 8616 1967 11610 32146 26762 22672 4345 50067
internal_count=133998 123651 122760 10347 121314 8380 6848 853 47591 891 33465 73723 14126 65107 62866 60544 10477 6831 2241 5995 3646 653 8616 1967 11610 32146 26762 22672 4345 50067
is_linear=0
shrinkage=0.005


Tree=101
num_leaves=31
num_cat=0
split_feature=9 64 68 46 45 69 258 255 69 181 7 21 256 222 132 161 69 22 95 259 44 109 168 64 47 88 68 258 78 22
split_gain=9.99749 4.97354 5.44446 4.65494 3.34106 3.95841 4.34791 3.26669 2.44753 2.23058 2.73754 2.18549 2.91424 2.71824 2.35772 2.01758 1.90692 1.78067 2.1635 1.74772 2.02463 1.53039 1.45814 1.40905 1.38193 1.32791 1.25553 1.2556 1.22186 1.17941
threshold=0.94230768084526073 1.3481781482696535 -0.50078126788139332 -1.6428571343421934 -1.2788944840431211 -3.1620037555694576 0.74161073565483104 1.2321428656578066 -1.7925142049789426 0.63351979851722728 0.48817567527294164 0.40033784508705145 -0.52777779102325428 -0.31073439121246332 0.26934660971164709 -0.27675202488899225 -1.4501309990882871 -0.089805826544761644 0.6065577268600465 0.88520407676696788 0.40999999642372137 -0.79092401266098011 6.890730857849122 -0.050607288256287568 1.0714285969734194 4.7894089221954355 -0.53606104850769032 1.573825538158417 2.1871361732482915 0.78155338764190685
decision_type=10 10 2 10 10 10 8 10 8 10 10 10 8 8 8 8 10 10 10 10 8 10 10 8 10 8 2 10 10 10
left_child=1 9 -3 -2 22 6 -6 8 -4 11 16 12 23 -13 15 -14 25 18 -15 20 -16 -20 -5 -1 -18 -11 -17 -28 -12 -7
right_child=3 2 7 4 5 29 -8 -9 -10 10 28 13 14 17 19 26 24 -19 21 -21 -22 -23 -24 -25 -26 -27 27 -29 -30 -31
leaf_value=5.52155457570592e-05 0.00012808527912567196 0.00066405852746337607 0.00037088932767428149 4.6066622077946185e-05 -0.0011055465306563936 -0.00027603982363562753 -0.00028351702095232809 -9.8698364591515381e-05 0.00010610623741833277 -0.00050339514240845147 2.7652167516427506e-05 5.7983362191366909e-05 9.8639932552898512e-05 -9.6065231463414624e-07 -5.8005283270068505e-05 0.00029797026153847376 -0.00016708320036023795 -0.00028322311068381989 1.7103059459891111e-05 -0.0001479177816156615 1.9410172093677496e-05 -0.00019225766782119064 -0.00033053261994685673 0.00016644845473836895 -2.4592236020364959e-05 -4.5819359973904271e-05 2.0620240364536105e-05 -0.00012076796359379798 0.00041583788926409732 -0.0001382006985357559
leaf_weight=9010 1316 462 1128 1718 260 2896 428 1510 3878 497 3406 5007 10200 6263 13176 383 3140 991 1141 2387 23493 3641 297 4179 3733 237 23903 1675 211 3432
leaf_count=9010 1316 462 1128 1718 260 2896 428 1510 3878 497 3406 5007 10200 6263 13176 383 3140 991 1141 2387 23493 3641 297 4179 3733 237 23903 1675 211 3432
internal_value=1.29537e-07 1.26288e-05 0.000142248 -0.000149127 -0.000189627 -0.000241137 -0.000600624 0.000104693 0.00016618 4.86647e-06 -6.21206e-05 1.20039e-05 2.20022e-05 -3.98211e-05 9.97108e-06 3.90652e-05 -0.000115961 -8.05567e-05 -6.22075e-05 -1.69552e-05 -8.39743e-06 -0.000142233 -9.87528e-06 9.05479e-05 -8.98375e-05 -0.000357636 1.56247e-05 1.132e-05 5.09781e-05 -0.00020153
internal_weight=133998 123651 6978 10347 9031 7016 688 6516 5006 116673 11224 105449 88406 17043 75217 36161 7607 12036 11045 39056 36669 4782 2015 13189 6873 734 25961 25578 3617 6328
internal_count=133998 123651 6978 10347 9031 7016 688 6516 5006 116673 11224 105449 88406 17043 75217 36161 7607 12036 11045 39056 36669 4782 2015 13189 6873 734 25961 25578 3617 6328
is_linear=0
shrinkage=0.005


Tree=102
num_leaves=31
num_cat=0
split_feature=9 64 175 7 85 192 90 90 69 44 65 225 102 254 113 174 258 25 54 130 127 129 64 74 114 6 20 141 234 80
split_gain=9.89843 4.92423 4.24013 3.49468 3.86062 3.26199 2.84168 2.65943 3.42979 5.15283 2.39445 2.27713 1.97185 1.78709 1.76419 1.64988 1.61083 2.23435 1.60509 1.45036 1.43884 1.40057 1.27908 1.26774 1.26606 1.23203 1.21591 1.19892 1.19733 1.19247
threshold=0.94230768084526073 1.3481781482696535 0.13488123565912249 1.0692567825317385 1.8239222168922427 -0.38841052353382105 0.79219499230384838 -0.87807902693748463 -2.9921171665191646 -0.74999999999999989 0.54764705896377575 -0.50138652324676503 1.2525492310523989 1.1878980994224551 -0.11049111559987067 0.1389720290899277 1.573825538158417 -0.4172243326902389 0.41666667163372045 0.97007021307945263 -0.37447667121887201 -0.45212706923484797 1.2206478118896487 -0.11103969812393187 -1.0263159275054929 0.23378839343786242 0.45379537343978887 -0.81885597109794606 -0.47233346104621882 -0.37284514307975763
decision_type=10 10 10 8 8 8 10 10 10 10 8 10 10 10 8 10 10 8 2 10 10 8 10 2 8 8 10 10 10 8
left_child=1 5 7 4 -3 15 10 -2 9 19 12 -6 13 16 26 27 17 25 -16 -9 -18 -10 -4 -13 -19 -7 -12 29 -5 -1
right_child=2 3 22 28 11 6 -8 8 21 -11 14 23 -14 -15 18 -17 20 24 -20 -21 -22 -23 -24 -25 -26 -27 -28 -29 -30 -31
leaf_value=-0.00056986830471875474 -8.716799700562819e-06 0.0001336853899381404 -9.5150588974191665e-05 3.6717918218340962e-05 0.00076618223748222347 -0.00016984103416013696 -0.00012974918479387058 -0.00012795616593292921 -7.2128377956089573e-05 -0.0011799149606008322 2.4212270950115932e-05 0.00054295480255358393 9.7334096873255349e-05 -0.00017167408068001602 6.8684599961385336e-05 -2.6969512113953883e-05 -0.00023022483796442225 -9.0508982392572423e-05 0.00019465549111965264 -0.00064147479825260232 -5.4668729024097322e-06 -0.00024397536261852037 0.00016421609713617444 0.00013624198482851127 -1.5835192104295134e-06 6.2646560654663411e-05 -0.00026094909130980896 -0.00010001071891646477 -0.00024522172148660961 -0.00018846933276557502
leaf_weight=279 1532 3658 787 1627 403 583 3307 426 1650 224 8433 323 5526 1490 9141 8503 1365 4380 3509 203 1493 4345 1180 483 46057 17713 386 3710 484 798
leaf_count=279 1532 3658 787 1627 403 583 3307 426 1650 224 8433 323 5526 1490 9141 8503 1365 4380 3509 203 1493 4345 1180 483 46057 17713 386 3710 484 798
internal_value=1.28612e-07 1.25658e-05 -0.000148387 0.000141541 0.000215182 4.84204e-06 1.4326e-05 -0.000197417 -0.000239522 -0.00053587 1.90982e-05 0.000459784 6.30804e-06 -5.74212e-07 6.58927e-05 -6.8874e-05 2.99159e-06 7.83822e-06 0.00010373 -0.000298227 -0.000113202 -0.000196861 6.02114e-05 0.000302189 -9.32401e-06 5.51667e-05 1.15336e-05 -0.000143098 -2.81143e-05 -0.000289911
internal_weight=133998 123651 10347 6978 4867 116673 103383 8380 6848 853 100076 1209 78607 73081 21469 13290 71591 68733 12650 629 2858 5995 1967 806 50437 18296 8819 4787 2111 1077
internal_count=133998 123651 10347 6978 4867 116673 103383 8380 6848 853 100076 1209 78607 73081 21469 13290 71591 68733 12650 629 2858 5995 1967 806 50437 18296 8819 4787 2111 1077
is_linear=0
shrinkage=0.005


Tree=103
num_leaves=31
num_cat=0
split_feature=8 29 85 39 68 107 15 192 215 257 188 95 207 80 108 48 3 14 109 80 163 81 80 78 75 34 3 174 75 90
split_gain=8.52583 5.48153 6.82609 4.72114 4.4523 3.38407 2.79656 3.29131 3.07755 3.00365 2.93162 2.91774 2.29368 2.22429 2.11558 2.5163 1.99664 2.6827 1.81458 1.41871 1.60045 1.41169 1.39603 1.3473 1.33964 1.31184 1.27266 1.2337 1.26197 1.21642
threshold=1.0724638104438784 -0.3314970582723617 4.1869037151336679 -4.3644902706146231 -0.51498931646347035 0.11070440337061883 0.37847222387790685 -0.38149812817573542 0.13529460132122043 0.30701753497123724 0.91192916035652172 0.6065577268600465 -1.3562840223312376 -1.0167198777198789 0.049881352111697204 -0.20312499999999997 0.027364675886929039 -0.085069444030523286 -0.99028092622756947 -0.53579112887382496 0.56591966748237621 3.0483018159866337 0.40031549334526068 1.5863754749298098 -1.3930960297584531 -1.1444876194000242 -1.5562884807586668 0.11823341250419618 -0.52483844757080067 0.56362050771713268
decision_type=10 10 10 8 2 10 10 8 8 8 10 10 8 10 2 10 10 8 10 10 10 10 10 8 10 10 8 10 8 10
left_child=3 24 5 4 -1 22 7 10 14 -8 19 -11 -6 -12 16 21 17 -9 -13 -5 -21 -16 -3 -18 -2 -14 -19 -10 -29 -17
right_child=1 2 -4 6 12 -7 9 8 27 11 13 18 25 -15 15 29 23 26 -20 20 -22 -23 -24 -25 -26 -27 -28 28 -30 -31
leaf_value=0.00073068615125814254 0.00021611728585323929 4.1993689605980111e-05 -0.00096445379340824632 -0.000170526185421589 0.00037462398946960535 -0.00028064265105743209 -0.00017651010703635469 -0.00017387700364888495 4.9274668024439174e-05 3.6553358650354004e-05 0.00047352309806962978 4.6432667834946095e-05 0.00022736280825542295 4.1719571736494538e-05 1.3985813252966035e-05 -5.7177959676492155e-05 0.00010262139730968518 -0.00012553454415358421 -0.00014557704615426531 -6.2222083732560353e-06 -0.00014758615790772691 0.00042394959783721887 -0.00038716654979874921 0.00040755229766213722 -3.42009216472497e-05 3.5514215039590917e-05 4.7801404276824106e-05 0.00024633951605284861 9.4761570658782743e-05 -0.00030660843332122573
leaf_weight=303 681 1486 303 3314 735 3839 3809 1639 12304 9384 378 1610 1134 1368 23434 13987 5970 1123 5139 6475 2899 207 212 383 2409 4150 17030 1791 5999 503
leaf_count=303 681 1486 303 3314 735 3839 3809 1639 12304 9384 378 1610 1134 1368 23434 13987 5970 1123 5139 6475 2899 207 212 383 2409 4150 17030 1791 5999 503
internal_value=1.27347e-07 -0.000149082 -0.000239135 1.07906e-05 0.000143876 -0.000198519 3.69524e-06 1.46007e-05 2.65414e-05 -5.03018e-05 -5.51455e-05 -2.04276e-05 0.00011367 0.000136574 9.64567e-06 -1.40969e-05 4.42881e-05 1.94898e-05 -9.96979e-05 -8.16109e-05 -5.00491e-05 1.76855e-05 -1.2274e-05 0.000121389 2.10648e-05 7.69574e-05 3.70192e-05 8.05461e-05 0.000129811 -6.59739e-05
internal_weight=133998 8930 5840 125068 6322 5537 118746 98804 84370 19942 14434 16133 6019 1746 64276 38131 26145 19792 6749 12688 9374 23641 1698 6353 3090 5284 18153 20094 7790 14490
internal_count=133998 8930 5840 125068 6322 5537 118746 98804 84370 19942 14434 16133 6019 1746 64276 38131 26145 19792 6749 12688 9374 23641 1698 6353 3090 5284 18153 20094 7790 14490
is_linear=0
shrinkage=0.005


Tree=104
num_leaves=31
num_cat=0
split_feature=8 29 107 39 69 47 135 14 132 96 96 90 80 38 39 215 180 34 78 155 77 109 90 175 45 80 45 69 75 34
split_gain=8.44129 5.42722 4.8044 4.67447 4.25643 5.90461 3.57835 2.52429 2.83015 3.29905 2.62991 2.61703 2.60119 2.46293 2.30391 2.23773 2.09777 2.35815 2.09023 2.00304 1.77448 1.66804 1.57996 1.53738 1.49944 1.39844 1.385 1.35003 1.32637 1.32183
threshold=1.0724638104438784 -0.3314970582723617 0.11070440337061883 -4.3644902706146231 -2.9921171665191646 -1.4999999999999998 -1.2731872200965879 0.46701389551162725 0.23739527165889743 1.0609970688819887 -0.095380693674087511 -0.8078998029232024 -1.2516410350799558 -0.42314144968986506 0.81597399711608898 0.06564494222402574 1.7632272243499758 0.55925205349922191 5.9564526081085214 0.78551208972930919 -1.0428785085678098 0.10070520639419557 -0.60064122080802906 0.14759549498558047 -0.44974873960018152 0.40031549334526068 0.012562814168632032 -2.2375191450119014 -1.3930960297584531 -1.1444876194000242
decision_type=10 10 10 8 10 10 8 10 8 10 10 10 8 8 8 10 10 10 8 10 10 10 10 8 10 10 8 10 10 10
left_child=3 28 25 6 5 -4 27 8 13 11 12 -10 20 21 15 -13 17 -15 29 -17 -9 -5 -19 -12 -23 -3 -11 -1 -2 -8
right_child=1 2 4 7 -6 -7 18 10 9 26 23 14 -14 16 -16 19 -18 22 -20 -21 -22 24 -24 -25 -26 -27 -28 -29 -30 -31
leaf_value=0.00072856842814323795 0.00021504457487231992 3.8622977449891016e-05 -0.00031368856303751777 3.368031659773131e-05 -0.00026693646331256394 -0.0013847695427524876 0.00022499673767938157 -4.0949368489068899e-05 -0.0003240329812607315 -0.0002390545372047703 -3.0346158464659038e-05 -1.1786215476195103e-05 7.3508125364509203e-06 8.5172802393089869e-05 -0.0001764607434897575 0.00010160124228441893 -0.00010284410480457038 -6.280723565852279e-05 0.00052848594091655851 -7.1707066582343151e-05 -0.00061222589166138415 -2.6323682238528307e-05 0.00013288001301092094 -0.00028278323226618951 -0.00018248371802703062 -0.00038972427646726698 -5.9912052339722561e-05 0.00028924473816920759 -3.403027036237627e-05 3.45868559658198e-05
leaf_weight=295 681 1503 330 8769 3582 212 1169 255 624 2109 890 36265 6374 29886 1767 8995 1914 4919 265 2039 293 6161 1299 1906 2049 213 2232 463 2409 4130
leaf_count=295 681 1503 330 8769 3582 212 1169 255 624 2109 890 36265 6374 29886 1767 8995 1914 4919 265 2039 293 6161 1299 1906 2049 213 2232 463 2409 4130
internal_value=1.26904e-07 -0.000148341 -0.000237947 1.07372e-05 -0.000330366 -0.000742378 0.000143163 3.67695e-06 1.05647e-05 -1.51294e-05 -7.35121e-05 -3.56473e-06 -2.11057e-05 3.58157e-05 5.33257e-07 7.17394e-06 5.81768e-05 6.674e-05 9.89144e-05 6.95119e-05 -0.000350073 -1.42265e-05 -2.1772e-05 -0.000202806 -6.54453e-05 -1.52333e-05 -0.000147235 0.000464531 2.09601e-05 7.68595e-05
internal_weight=133998 8930 5840 125068 4124 542 6322 118746 109028 54031 9718 49690 6922 54997 49066 47299 38018 36104 5564 11034 548 16979 6218 2796 8210 1716 4341 758 3090 5299
internal_count=133998 8930 5840 125068 4124 542 6322 118746 109028 54031 9718 49690 6922 54997 49066 47299 38018 36104 5564 11034 548 16979 6218 2796 8210 1716 4341 758 3090 5299
is_linear=0
shrinkage=0.005


Tree=105
num_leaves=31
num_cat=0
split_feature=9 69 46 34 45 69 54 168 181 69 186 204 21 96 188 9 203 69 54 5 49 63 131 54 54 155 249 75 256 68
split_gain=9.40619 5.09747 4.41083 4.33383 3.40078 5.68618 5.42314 2.80624 2.67245 2.93535 2.50973 2.04846 1.94736 2.30133 1.84029 2.26693 2.62915 1.81826 1.80131 1.56503 1.49286 1.39417 1.49988 1.39023 1.3681 1.31268 1.28279 1.26091 1.22063 1.1927
threshold=0.94230768084526073 -3.7965571880340572 -1.6428571343421934 -1.1444876194000242 -1.1658291220664976 -2.9921171665191646 -0.52777779102325428 0.44342221319675451 0.69049984216690075 -1.7361339330673216 1.3943389654159548 0.71364304423332225 0.40033784508705145 -0.14930085837841031 -0.17424130439758298 0.56508874893188488 -0.053998345509171479 -1.0763781070709226 0.083333335816860213 0.80000001192092907 1.2343750000000002 6.5679845809936532 -0.026386650279164311 0.84523808956146251 -0.88492062687873829 0.34294229745864874 0.56170701980590831 0.28280577063560491 0.30555556714534765 -0.49543276429176325
decision_type=10 8 10 8 10 10 2 8 10 10 10 10 10 10 10 10 10 10 2 8 10 8 10 2 2 10 8 10 10 2
left_child=1 10 -2 -3 18 6 -6 8 12 -10 28 21 14 20 15 16 25 23 27 26 -14 22 -9 -7 -19 -5 -15 -4 -1 -24
right_child=2 3 4 7 5 17 -8 11 9 -11 -12 -13 13 19 -16 -17 -18 24 -20 -21 -22 -23 29 -25 -26 -27 -28 -29 -30 -31
leaf_value=0.00039485142324861789 0.00012413020164609931 0.00028362115403194926 5.884886358200017e-05 -6.6724932021823914e-06 -0.00023679244923824078 -0.00040972946313037889 -0.0012820519559857244 0.00010203744170165512 -0.00045511053791936508 -6.6237995833848742e-05 0.00075475152061651595 -0.00010762892255088537 -0.00011220132440387618 -8.8128498912097217e-05 4.3762699568451784e-05 7.0828617832662953e-05 -0.00016396163458898622 -0.00041226792581695166 -0.00027112171297943746 8.1229381276791746e-05 7.0924623209982047e-05 0.000324295860834036 0.00026133921721365128 5.0093607426190912e-06 -9.903242967197428e-05 -0.00020928427953195703 -0.00024072717721249033 -0.00015814466662999763 -0.00011479093181845298 2.0470197988584968e-05
leaf_weight=268 1333 1428 2014 29508 248 1368 252 10254 510 8661 316 1995 1543 3542 27641 7281 3146 399 868 847 3948 478 524 234 2672 817 2276 996 201 18724
leaf_count=268 1333 1428 2014 29508 248 1368 252 10254 510 8661 316 1995 1543 3542 27641 7281 3146 399 868 847 3948 478 524 234 2672 817 2276 996 201 18724
internal_value=7.01932e-07 1.28217e-05 -0.000143807 1.02483e-05 -0.00018337 -0.00026727 -0.000772071 7.02489e-06 -7.30438e-06 -8.81539e-05 0.000413193 4.72425e-05 1.89954e-06 -5.63939e-05 1.22711e-05 -9.07924e-06 -2.64846e-05 -0.000212383 -7.11244e-05 -0.000118813 1.9319e-05 5.75812e-05 5.31886e-05 -0.000349011 -0.000140496 -1.21812e-05 -0.000148066 -1.2931e-05 0.000176472 2.71197e-05
internal_weight=134292 123908 10384 123123 9051 5173 500 121695 89720 9171 785 31975 80549 12156 68393 40752 33471 4673 3878 6665 5491 29980 29502 1602 3071 30325 5818 3010 469 19248
internal_count=134292 123908 10384 123123 9051 5173 500 121695 89720 9171 785 31975 80549 12156 68393 40752 33471 4673 3878 6665 5491 29980 29502 1602 3071 30325 5818 3010 469 19248
is_linear=0
shrinkage=0.005


Tree=106
num_leaves=31
num_cat=0
split_feature=11 64 68 46 45 69 80 65 62 77 150 186 162 32 44 129 66 204 258 216 64 69 251 81 81 80 80 66 63 239
split_gain=9.0089 8.519 5.04598 4.1082 3.26513 4.40701 6.0126 2.46375 2.10968 1.96751 1.85962 2.30303 2.27283 1.98958 1.82898 1.53419 1.41878 1.47838 1.59746 1.45587 1.37154 1.33794 1.34121 1.32608 1.32373 1.94831 1.30129 1.55228 1.23024 1.229
threshold=0.84346503019332897 1.5040485858917239 -0.50078126788139332 -1.6428571343421934 -1.1658291220664976 -2.9921171665191646 -2.1577475070953365 1.1858823299407961 0.1545454487204552 -1.1473128199577329 -0.082374282181262956 1.6594650745391848 0.35085044801235205 -0.01043709018267691 -1.0350000262260435 -0.35672543942928309 -0.96536886692047108 -1.080601632595062 0.72818791866302501 -0.32547764480113978 -0.52834010124206532 -1.0504662990570066 1.3023794889450075 2.7204495668411259 -1.5316528677940366 -1.3319151401519773 0.46782824397087103 -0.72583946585655201 -0.41423718631267542 1.3623330593109133
decision_type=10 10 2 10 10 10 10 8 10 8 10 8 8 8 8 8 10 8 10 10 10 10 10 10 10 10 10 10 10 10
left_child=1 7 -3 -2 8 6 -6 10 24 -4 13 14 -13 16 -12 -7 -1 -18 -19 -20 -16 -17 -23 28 -5 -26 27 -10 -15 -22
right_child=3 2 9 4 5 15 -8 -9 26 -11 11 12 -14 23 20 21 17 18 19 -21 29 22 -24 -25 25 -27 -28 -29 -30 -31
leaf_value=-0.0001959859988263461 0.00012351186993031244 0.0008229015293749882 0.00052908146891547029 2.7266329247920238e-05 0 -5.0515810639259061e-05 -0.0010863624943160261 8.4382219763233876e-05 -0.00032944940376910376 0.00014506093895848185 -0.00033507134262589038 -0.00028183743117309723 5.5406084939162093e-05 -1.1301324462418276e-05 -0.00018944559885334143 -0.00038039014410490762 7.2985852447156625e-05 7.2316640984859552e-06 -5.3695150664756489e-05 -0.00029036064528894259 -1.3118829531251046e-05 -0.00035227300336969358 -8.0750545604182274e-05 0.00043332568991955262 -0.00060556693258287375 -0.0001678558685023968 -0.00034903986859032254 7.3622002940091144e-05 9.6039878346532693e-05 0.00010768661995399489
leaf_weight=880 1333 326 364 401 202 1167 339 9011 259 3734 436 1576 725 3700 1061 1398 6808 24608 3853 780 53474 705 1296 246 366 844 235 2484 9495 2186
leaf_count=880 1333 326 364 401 202 1167 339 9011 259 3734 436 1576 725 3700 1061 1398 6808 24608 3853 780 53474 705 1296 246 366 844 235 2484 9495 2186
internal_value=6.98006e-07 1.29537e-05 0.000228267 -0.000136173 -0.000171971 -0.000258937 -0.000684293 4.92475e-06 -7.49029e-05 0.000179896 -1.59345e-06 -2.05337e-05 -0.000175472 2.0754e-05 -1.42727e-05 -0.000207736 1.77909e-06 6.64716e-06 -8.79081e-06 -9.39174e-05 -1.17687e-05 -0.000261415 -0.000177303 7.283e-05 -0.000220362 -0.000302613 3.8555e-06 3.4851e-05 6.59097e-05 -8.35607e-06
internal_weight=134292 123263 4424 11029 9696 5107 541 118839 4589 4098 109828 59458 2301 50370 57157 4566 36929 36049 29241 4633 56721 3399 2001 13441 1611 1210 2978 2743 13195 55660
internal_count=134292 123263 4424 11029 9696 5107 541 118839 4589 4098 109828 59458 2301 50370 57157 4566 36929 36049 29241 4633 56721 3399 2001 13441 1611 1210 2978 2743 13195 55660
is_linear=0
shrinkage=0.005


Tree=107
num_leaves=31
num_cat=0
split_feature=9 64 68 46 255 107 120 69 69 90 256 38 78 60 80 80 258 28 51 60 63 90 109 66 163 155 186 49 27 186
split_gain=9.23243 5.13926 6.25523 4.32679 2.95577 2.68364 3.38978 7.94836 2.66791 2.5694 2.37908 2.07251 1.80361 1.6237 1.84456 1.72871 1.59424 1.73316 1.85526 1.65961 1.47733 1.61444 1.34717 1.27592 1.27586 1.21434 1.20507 1.17541 1.25626 1.49169
threshold=0.94230768084526073 1.3481781482696535 -0.50078126788139332 -1.6428571343421934 1.2321428656578066 0.1663613095879555 0.70287820696830761 -2.9921171665191646 -1.7361339330673216 0.81824815273284923 3.7007432742450314e-15 2.3001639842987065 -1.9428637623786924 46.500000000000007 -0.95399838685989369 -2.1577475070953365 -0.52684563398361195 -0.35314586758613581 -0.47639484703540796 7.5000000000000009 -0.11157863959670065 -0.61301597952842701 -0.13048738986253736 -0.63133350014686573 -0.16204722225666043 0.86940118670463573 1.0990182757377627 1.4843750000000002 0.0098980204202234762 -0.7660459280014037
decision_type=10 10 2 10 10 10 10 10 8 10 10 10 8 2 10 8 8 10 10 2 8 10 10 10 10 8 10 10 8 10
left_child=1 9 26 -2 8 24 13 -8 -4 10 11 16 -12 14 15 -7 20 25 -19 -20 21 -1 -21 -9 -5 -18 -3 28 -14 -30
right_child=3 2 4 5 -6 6 7 23 -10 -11 12 -13 27 -15 -16 -17 17 18 19 22 -22 -23 -24 -25 -26 -27 -28 -29 29 -31
leaf_value=7.0875796234295634e-05 0.00012289661870735306 0.00045253100062791053 0.0003714758692975014 1.6572042854309995e-05 -8.7057270830580784e-05 6.5054805298540286e-05 -0.0011758637110055651 -0.00042176230179241458 9.8992659523436857e-05 -0.00014477765419340722 -0.00033558299608879989 -0.00018787724377944976 2.2467562979751247e-05 2.1813879127905201e-05 -7.6917659113087469e-05 -0.00044495648828095439 4.480310464877282e-05 -0.00029548150992803621 9.2562192813025527e-05 3.1856337192270919e-05 0.00012610626294689415 -0.00016814830126041233 -3.501998747675216e-05 -0.00019859551590188846 -0.00037376633059788261 0.00016113031949567311 0.00098790204572104016 -0.00017692491526017994 4.9081051027254023e-05 -4.3412381659622441e-05
leaf_weight=2413 1333 249 1172 1900 1540 200 262 970 3861 2797 433 1069 18932 1233 1379 901 9858 506 4978 13352 7696 993 17251 1976 230 2911 209 1071 5173 27444
leaf_count=2413 1333 249 1172 1900 1540 200 262 970 3861 2797 433 1069 18932 1233 1379 901 9858 506 4978 13352 7696 993 17251 1976 230 2911 209 1071 5173 27444
internal_value=6.94017e-07 1.27014e-05 0.000143943 -0.000142474 0.0001042 -0.000181659 -0.000229401 -0.000348457 0.000162849 4.79616e-06 8.47397e-06 2.97651e-05 -1.60084e-05 -0.000126074 -0.000199698 -0.000351984 3.36692e-05 2.13605e-05 3.62813e-06 7.93676e-06 8.77564e-05 8.9876e-07 -5.82527e-06 -0.000272835 -2.61196e-05 7.14145e-05 0.000705948 -1.33375e-05 -9.91226e-06 -2.87225e-05
internal_weight=134292 123908 7031 10384 6573 9051 6921 3208 5033 116877 114080 61027 53053 3713 2480 1101 59958 48856 36087 35581 11102 3406 30603 2946 2130 12769 458 52620 51549 32617
internal_count=134292 123908 7031 10384 6573 9051 6921 3208 5033 116877 114080 61027 53053 3713 2480 1101 59958 48856 36087 35581 11102 3406 30603 2946 2130 12769 458 52620 51549 32617
is_linear=0
shrinkage=0.005


Tree=108
num_leaves=31
num_cat=0
split_feature=9 64 68 46 45 85 64 255 192 90 65 102 69 113 188 69 19 162 45 254 69 191 37 66 80 85 209 85 68 66
split_gain=9.1411 5.08891 5.79235 4.28395 3.31245 5.07029 4.60192 3.27614 2.93029 2.90408 2.19659 2.25026 2.12224 2.04538 1.78387 1.75443 1.7377 1.66655 1.47507 1.39592 1.34902 1.31975 1.30402 1.29917 1.4055 1.22594 1.18862 1.14764 1.22725 1.14097
threshold=0.94230768084526073 1.4230768680572512 -0.50078126788139332 -1.6428571343421934 -1.2788944840431211 4.1869037151336679 3.5829958915710454 1.2321428656578066 -0.3943690806627273 0.79219499230384838 0.21117646992206576 1.2525492310523989 -2.7273360490798946 -0.063436325639486299 0.80713671445846569 -1.6279260516166685 0.41013072431087499 1.4384356141090395 0.24120602756738665 1.1878980994224551 -1.7361339330673216 1.6921878457069399 0.24137742817401889 -0.96536886692047108 1.6019418239593508 -0.054910788312554352 -0.85248589515686024 1.9259790778160097 -0.48287637531757349 0.27680827677249914
decision_type=10 10 2 10 10 10 10 10 8 10 8 10 8 8 10 10 10 8 8 10 10 10 10 10 8 10 10 10 2 10
left_child=1 8 -3 -2 21 17 -7 12 14 10 11 19 -4 16 15 29 -12 -6 -15 23 -16 -5 -17 -10 26 -20 -25 -26 -29 -1
right_child=3 2 7 4 5 6 -8 -9 9 -11 13 -13 -14 18 20 22 -18 -19 25 -21 -22 -23 -24 24 27 -27 -28 28 -30 -31
leaf_value=-0.00036871136424494635 0.00012228443040987558 0.00070788204105164923 0.00046513887687807355 4.4300992422417302e-05 -5.5809309162405217e-05 -0.0013002062369886368 -0.00024511728227892852 -8.6623393317036262e-05 -0.00019485103889861101 -0.00013196021451202888 2.4682832450844106e-05 0.00010079694277415848 0.00013731939586329939 4.7009490878825282e-05 0.00041388120681517474 -1.556369134459793e-05 -0.00015255732655055135 -0.00024242949445064322 6.7456430784578527e-05 -0.00016537708785000421 2.5281861539924489e-05 -0.0003490666454351961 -0.00012799207271179471 8.0144448328615955e-05 3.9143498331980879e-05 0.00018862065824272044 -2.0613594339458231e-05 0.00055725222505449798 8.1887422258446684e-05 0
leaf_weight=828 1333 432 571 1787 1584 201 216 1540 880 3287 17519 5105 3616 12011 261 5675 1496 5026 3872 1383 1420 237 4743 3142 9071 4590 41614 221 353 278
leaf_count=828 1333 432 571 1787 1584 201 216 1540 880 3287 17519 5105 3616 12011 261 5675 1496 5026 3872 1383 1420 237 4743 3142 9071 4590 41614 221 353 278
internal_value=6.90281e-07 1.26381e-05 0.000152687 -0.000141768 -0.000180758 -0.000232062 -0.00076425 0.00011014 5.30228e-06 1.41718e-05 1.89268e-05 2.9793e-07 0.000182646 4.80505e-05 -6.48589e-05 -8.70765e-05 1.06758e-05 -0.00019786 8.27281e-05 -8.75555e-06 8.69627e-05 -2.2606e-06 -6.68337e-05 -4.8136e-06 -1.71271e-06 0.000133311 -1.35208e-05 5.30074e-05 0.000269006 -0.000276145
internal_weight=134292 123908 6159 10384 9051 7027 417 5727 117749 104544 101257 61769 4187 39488 13205 11524 19015 6610 20473 56664 1681 2024 10418 55281 54401 8462 44756 9645 574 1106
internal_count=134292 123908 6159 10384 9051 7027 417 5727 117749 104544 101257 61769 4187 39488 13205 11524 19015 6610 20473 56664 1681 2024 10418 55281 54401 8462 44756 9645 574 1106
is_linear=0
shrinkage=0.005


Tree=109
num_leaves=31
num_cat=0
split_feature=9 69 46 34 192 36 2 63 69 181 65 243 254 96 8 8 222 69 2 132 96 207 107 83 109 72 181 256 85 63
split_gain=9.0506 4.976 4.2415 4.21595 2.88859 2.65853 2.69825 2.50162 2.5487 3.96283 2.33123 2.04537 1.98823 2.01455 2.11997 2.23962 1.92897 2.30628 1.8362 1.78625 2.41917 1.60927 1.56699 1.53956 1.48294 1.45222 1.41254 1.39015 1.35692 1.24713
threshold=0.94230768084526073 -3.7965571880340572 -1.6428571343421934 -1.1444876194000242 -0.38841052353382105 -0.56081297993659962 -0.5292852222919463 6.5679845809936532 -2.9921171665191646 0.099810864776372923 0.81705880165100109 -1.0109400153160093 1.1878980994224551 1.6840329170227053 0.74202898144721996 0.59420290589332592 0.47302336990833288 -2.0708149671554561 -0.26808619499206537 0.29794786870479589 1.0237910747528078 -1.0683939456939695 -0.65334093570709217 1.0418882966041567 0.1834220960736275 -1.7094087600708006 -1.7545575499534605 0.41666667163372045 1.8239222168922427 -0.19513839483261106
decision_type=10 8 10 8 8 10 10 10 10 8 8 8 10 10 8 10 10 10 10 8 10 8 8 10 10 10 8 10 10 10
left_child=1 11 -2 -3 16 6 7 8 9 25 12 -1 13 14 15 19 29 -18 26 22 -21 -16 -6 -7 28 -4 -17 -13 -24 -5
right_child=2 3 5 4 10 23 -8 -9 -10 -11 -12 27 -14 -15 21 18 17 -19 -20 20 -22 -23 24 -25 -26 -27 -28 -29 -30 -31
leaf_value=0.00081728442988635312 0.00012167529246389147 0.00027966212167548861 0 -0.00018809595637036408 0.00014886991612496461 -0.00013741853680989064 4.4521208493501356e-05 4.0141690525655293e-05 -0.00019573672921543111 -0.0011050877500257297 7.215479012985514e-05 0.00042863195301984751 -0.00016801394234106632 -0.00020600972027257612 0.00022153991306065129 0.00022452915067424229 -0.00042000917377006994 -8.4420623196527892e-05 -0.00030463712037923503 -2.0751738719375099e-06 -0.00020732277663618927 4.8710461556279781e-05 5.7827543193484754e-05 -0.00063245866541657744 -1.0230431785321021e-05 -0.00055052296467432188 -5.4786282909156822e-05 -8.2130959699332537e-05 0.00037034001904890957 4.8302276420566632e-05
leaf_weight=217 1333 1428 248 635 3090 241 1411 968 5273 200 15579 364 1607 1070 1496 465 542 8349 712 31728 1499 13399 12782 482 12130 228 11932 204 353 4327
leaf_count=217 1333 1428 248 635 3090 241 1411 968 5273 200 15579 364 1607 1070 1496 465 542 8349 712 31728 1499 13399 12782 482 12130 228 11932 204 353 4327
internal_value=6.86795e-07 1.25754e-05 -0.000141064 1.00328e-05 6.85342e-06 -0.000179861 -0.000154327 -0.000194965 -0.000233307 -0.00052204 1.55887e-05 0.000408148 6.02843e-06 9.12818e-06 1.17147e-05 8.44539e-07 -6.10933e-05 -0.000105159 -5.8478e-05 1.34844e-05 -1.13795e-05 6.61709e-05 4.2635e-05 -0.000470209 2.95954e-05 -0.000267082 -4.41828e-05 0.0002452 6.6402e-05 1.77902e-05
internal_weight=134292 123908 10384 123123 121695 9051 8328 6917 5949 676 107842 785 92263 90656 89586 74691 13853 8891 13109 61582 33227 14895 28355 723 25265 476 12397 568 13135 4962
internal_count=134292 123908 10384 123123 121695 9051 8328 6917 5949 676 107842 785 92263 90656 89586 74691 13853 8891 13109 61582 33227 14895 28355 723 25265 476 12397 568 13135 4962
is_linear=0
shrinkage=0.005


Tree=110
num_leaves=31
num_cat=0
split_feature=11 162 46 85 36 168 181 41 80 65 253 65 4 109 83 85 35 222 66 132 39 257 204 80 203 85 74 131 137 258
split_gain=8.66199 7.90944 3.95714 2.94814 2.88436 2.7831 2.77553 2.59003 4.26879 2.21491 2.20185 2.19127 2.17942 1.94333 1.91352 1.80223 1.75165 1.66501 1.58789 1.64257 1.74843 1.71424 1.57703 1.75909 1.55798 1.49854 1.3269 1.31931 1.30799 1.52373
threshold=0.84346503019332897 1.9724493622779848 -1.6428571343421934 1.5913056135177615 -0.56081297993659962 0.42344214022159582 0.63351979851722728 -0.039266290143132203 -1.4240659475326536 1.0194117426872256 0.79411765933036815 -0.9288235306739806 0.32352942228317266 0.30180162191390997 2.0113861560821538 2.2074449062347417 -0.67874875664710987 -0.22048258036375043 -0.96536886692047108 0.25506703555583959 0.81597399711608898 0.78070175647735607 0.76265522837638866 -0.48496700823307032 -0.15625751018524167 4.1869037151336679 -0.18150509148836133 -0.026386650279164311 0.7339618206024171 1.6073825359344485
decision_type=10 10 10 10 10 8 10 10 10 8 10 10 10 10 10 10 10 8 10 8 8 10 10 8 10 10 2 10 10 10
left_child=1 5 -2 -3 7 6 10 11 -9 15 18 25 -12 -13 -6 22 -14 -8 -1 28 21 -21 27 -24 -19 -4 -5 -7 29 -20
right_child=2 3 4 26 14 9 17 8 -10 -11 12 13 16 -15 -16 -17 -18 24 19 20 -22 -23 23 -25 -26 -27 -28 -29 -30 -31
leaf_value=-0.00019438052408241098 0.00012196975532891909 0.00018454952000288198 -0.00018065850328748118 0.00088109667400434501 -0.00030211937311144148 7.8938480369962418e-05 3.6115390690837764e-05 -0.0009145674471270895 -0.00021124543873188815 0.00015769308517470383 -1.0300519097618676e-05 2.8390890580313669e-05 -0.00030915058132256686 -0.00020945158266190802 -0.00086711443383327843 0.00022215696555138089 -7.0396097320436115e-05 -5.5114607648751311e-05 5.8471237307413903e-05 2.1330402208867363e-06 -0.00018839147803057432 -0.00029092155942439583 -0.00055493184575395953 -6.4296447123563877e-05 -0.00019258713979836782 -0.00061562903172203475 0.00041025713109007269 4.3432983176766973e-06 -4.1049029029131779e-05 -0.0002024071222290355
leaf_weight=922 1321 1314 1529 252 540 9452 2270 233 2461 3912 4879 3442 1418 1138 211 1174 1693 4656 26935 36037 1297 501 205 1452 3721 226 420 15925 4256 566
leaf_count=922 1321 1314 1529 252 540 9452 2270 233 2461 3912 4879 3442 1418 1138 211 1174 1693 4656 26935 36037 1297 501 205 1452 3721 226 420 15925 4256 566
internal_value=-5.69473e-07 1.1477e-05 -0.000134315 0.000324069 -0.000169027 6.34058e-06 -8.03245e-06 -0.000144009 -0.000273842 4.62444e-05 2.23752e-06 -8.85458e-05 -7.63929e-05 -3.07611e-05 -0.000466206 3.07453e-05 -0.000179703 -8.37689e-05 1.11591e-05 1.39032e-05 -8.34072e-06 -1.91082e-06 2.23749e-05 -0.000126784 -0.000116317 -0.000238546 0.000592764 3.2157e-05 4.04172e-05 5.30481e-05
internal_weight=134358 123257 11101 1986 9780 121271 89151 9029 2694 32120 78504 6335 7990 4580 751 28208 3111 10647 70514 69592 37835 36538 27034 1657 8377 1755 672 25377 31757 27501
internal_count=134358 123257 11101 1986 9780 121271 89151 9029 2694 32120 78504 6335 7990 4580 751 28208 3111 10647 70514 69592 37835 36538 27034 1657 8377 1755 672 25377 31757 27501
is_linear=0
shrinkage=0.005


Tree=111
num_leaves=31
num_cat=0
split_feature=11 162 138 85 168 181 63 85 174 253 4 204 67 162 85 69 28 60 66 132 38 117 109 169 119 161 88 74 168 204
split_gain=8.57652 7.8316 3.7666 2.91936 2.75539 2.74784 2.52661 4.49852 4.37557 2.17996 2.15777 2.13486 1.95039 1.85886 1.8435 1.76795 1.73421 1.7157 1.57212 1.62619 1.42667 1.75686 1.40366 1.40349 1.77664 1.37687 1.323 1.3139 1.26259 1.23439
threshold=0.84346503019332897 1.9724493622779848 -0.80282750725746144 1.5913056135177615 0.42344214022159582 0.63351979851722728 6.5679845809936532 4.1869037151336679 3.0964974164962773 0.79411765933036815 0.32352942228317266 0.71364304423332225 4.1956522464752206 1.5659866333007815 2.2074449062347417 -1.7361339330673216 -0.18602043390274045 7.5000000000000009 -0.96536886692047108 0.25506703555583959 -0.42314144968986506 2.8564583063125615 0.19895052164793017 0.065053056925535216 -0.0093005788512527925 -0.091246414929628358 4.7894089221954355 -0.18150509148836133 1.8058789372444155 -0.39836846292018885
decision_type=10 10 10 10 8 10 10 10 10 10 10 10 10 8 10 10 10 2 10 8 8 10 10 10 10 8 8 2 10 8
left_child=1 4 6 -3 5 9 7 13 -9 18 -11 14 -4 -2 17 26 -12 25 -1 20 -20 -22 -19 -21 -25 -6 -7 -5 -16 -17
right_child=2 3 12 27 11 15 -8 8 -10 10 16 -13 -14 -15 28 29 -18 22 19 23 21 -23 -24 24 -26 -27 -28 -29 -30 -31
leaf_value=-0.00019341386570275205 -1.0197094254521999e-05 0.0001836302689400597 -8.3194456200227039e-05 0.00087677689699695264 0.00021227918083387178 -0.00050749761600793757 3.6131322515669102e-05 -0.0011653197026564456 -0.00025631286744104669 -1.0249069035116702e-05 -0.00030761025921153932 -0.00010908005752459913 0.00016404936315647745 -0.00023520469596508613 0.00013545810872713738 6.339948842336548e-05 -7.0045153396800237e-05 6.5895543979254388e-05 -4.7334426783739577e-06 7.9921219731043334e-06 7.3469225741661445e-05 -0.00019398718303638145 -1.1420979104488213e-05 -3.3741494303308382e-05 -0.00023340816306358439 4.6727641957449216e-05 -4.1671621659863e-05 0.00040822997802818841 0.00046467834239249966 -9.0390872413134566e-05
leaf_weight=922 1137 1314 2343 252 2580 408 1005 240 300 4879 1418 2069 1203 4873 1019 1535 1693 12624 11333 29406 19796 628 10949 7110 1319 2468 247 420 411 8457
leaf_count=922 1137 1314 2343 252 2580 408 1005 240 300 4879 1418 2069 1203 4873 1019 1535 1693 12624 11333 29406 19796 628 10949 7110 1319 2468 247 420 411 8457
internal_value=-5.67349e-07 1.14196e-05 -0.000133651 0.00032247 6.30842e-06 -7.99286e-06 -0.000196714 -0.000232518 -0.000668218 2.22571e-06 -7.60128e-05 4.60131e-05 6.56448e-07 -0.000192764 5.67242e-05 -8.33506e-05 -0.000178808 4.79246e-05 1.11028e-05 1.38333e-05 4.02148e-05 6.51755e-05 2.99682e-05 -8.29934e-06 -6.51652e-05 0.000131565 -0.000334239 0.000589851 0.000231718 -6.66952e-05
internal_weight=134358 123257 11101 1986 121271 89151 7555 6550 540 78504 7990 32120 3546 6010 30051 10647 3111 28621 70514 69592 31757 20424 23573 37835 8429 5048 655 672 1430 9992
internal_count=134358 123257 11101 1986 121271 89151 7555 6550 540 78504 7990 32120 3546 6010 30051 10647 3111 28621 70514 69592 31757 20424 23573 37835 8429 5048 655 672 1430 9992
is_linear=0
shrinkage=0.005


Tree=112
num_leaves=31
num_cat=0
split_feature=11 162 29 85 85 168 181 60 254 45 65 75 85 69 94 38 65 68 85 44 167 180 30 259 256 181 114 88 181 60
split_gain=8.49144 7.75453 3.73938 7.03937 2.89086 2.72805 2.7205 2.43999 2.42652 2.27293 2.18321 1.98693 1.76815 1.75063 1.55928 1.43606 1.42953 1.40011 2.09076 1.3529 1.6863 1.38693 1.34957 2.80076 1.36713 1.53237 1.89144 1.30989 1.23552 1.29556
threshold=0.84346503019332897 1.9724493622779848 -0.3314970582723617 4.1869037151336679 1.5913056135177615 0.42344214022159582 0.63351979851722728 7.5000000000000009 1.1624203920364382 -1.3894472122192381 1.0194117426872256 -1.3485131263732908 2.2074449062347417 -1.7361339330673216 -3.8927468061447139 1.5614793896675112 0.52176469564437877 -0.26841250061988825 2.9017442464828496 -1.0350000262260435 -0.71108943223953236 2.6102181673049931 0.77083334326744091 -0.35969388484954828 -0.52777779102325428 -1.7545575499534605 -1.0263159275054929 4.7894089221954355 0.058893252164125449 7.5000000000000009
decision_type=10 10 10 10 10 8 10 2 10 10 8 10 10 10 10 10 10 2 10 8 8 10 8 8 8 8 8 8 8 2
left_child=1 5 7 9 -3 6 8 17 15 -4 12 -9 28 27 -11 19 -16 18 -2 20 -1 22 23 -21 -25 -26 -27 -8 29 -7
right_child=2 4 3 -5 -6 10 13 11 -10 14 -12 -13 -14 -15 16 -17 -18 -19 -20 21 -22 -23 -24 24 25 26 -28 -29 -30 -31
leaf_value=5.8470572862545325e-05 -0.00012711086305015689 0.00018271560022748928 8.4902253716298738e-05 -0.00094570235231492136 0.00058695329401353669 0.00010759060796572977 -0.00050499084751770996 0.00025540926941386828 -0.00020832255679856964 -4.3567699048744988e-05 0.00015643214203713666 -2.7948868999624671e-05 0.00021998969136269493 -6.6361584668376387e-05 -0.00030686119196397311 0.00013561834385396502 -6.2073898978196572e-05 -6.7490097474866712e-05 -0.00073780699459060966 -0.00022948186756302204 -0.0002491681192260744 -0.00015330275946260616 5.5228941286843663e-05 5.7281291790191905e-05 9.4488120379082971e-05 -0.00010929129247627143 -3.817769951196903e-06 -4.1467395870731989e-05 6.3800114384211364e-05 -2.2865920009160894e-05
leaf_weight=720 312 1314 719 310 672 2194 408 767 1340 1057 3912 3102 1174 9992 3181 2071 744 652 257 1311 1147 1341 12794 9896 3429 4757 39698 247 10718 14122
leaf_count=720 312 1314 719 310 672 2194 408 767 1340 1057 3912 3102 1174 9992 3181 2071 744 652 257 1311 1147 1341 12794 9896 3429 4757 39698 247 10718 14122
internal_value=-5.64739e-07 1.13626e-05 -0.000132987 -0.000217395 0.000320879 6.2766e-06 -7.95353e-06 -3.30916e-05 2.21405e-06 -0.000176911 4.57838e-05 2.83528e-05 3.0396e-05 -8.29354e-05 -0.000214843 5.88989e-06 -0.000260726 -0.000227521 -0.000407839 2.29664e-06 -0.000130422 5.696e-06 8.6795e-06 -1.39444e-06 3.79151e-06 -7.2574e-06 -1.51265e-05 -0.000332592 2.21049e-05 -5.26531e-06
internal_weight=134358 123257 11101 6011 1986 121271 89151 5090 78504 5701 32120 3869 28208 10647 4982 77164 3925 1221 569 75093 1867 73226 71885 59091 57780 47884 44455 655 27034 16316
internal_count=134358 123257 11101 6011 1986 121271 89151 5090 78504 5701 32120 3869 28208 10647 4982 77164 3925 1221 569 75093 1867 73226 71885 59091 57780 47884 44455 655 27034 16316
is_linear=0
shrinkage=0.005


Tree=113
num_leaves=31
num_cat=0
split_feature=9 63 46 33 36 9 255 65 85 192 188 15 63 210 101 108 35 44 17 35 85 108 29 85 3 127 168 85 168 108
split_gain=8.29609 4.62906 4.00386 3.57065 2.72797 2.4953 2.44889 2.43258 2.03578 2.01662 2.53285 2.05303 2.10057 2.26941 2.16181 2.05844 1.91586 1.76894 1.75779 1.98752 1.63565 1.60035 1.46911 1.58883 1.46876 1.42201 1.24283 1.23118 1.1608 1.13774
threshold=0.94230768084526073 6.5679845809936532 -1.6428571343421934 -2.690125465393066 -0.56081297993659962 1.3239644765853884 -1.2321428656578062 1.2776470184326174 2.0420763492584233 -0.36795887351036066 0.88982525467872631 0.37847222387790685 -0.086459096521139131 -0.24445658177137372 0.38149850070476538 -0.32526183128356928 -0.72790467739105214 0.31499999761581426 0.43689320981502539 -0.27383317053318018 1.0727118253707888 0.36745202541351324 -0.3314970582723617 4.1869037151336679 0.23145038634538653 -0.73599418997764576 0.43539145588874822 1.5913056135177615 -0.40362404286861414 0.058187542483210571
decision_type=10 10 10 8 10 10 8 8 10 8 10 8 8 8 10 2 10 8 8 10 10 2 10 10 8 10 10 10 10 2
left_child=1 3 -2 -1 5 6 -4 9 -3 10 24 12 13 -11 17 16 -13 25 -18 28 -6 -19 -8 -24 -5 -15 -9 -12 -20 -27
right_child=2 8 4 7 20 -7 22 26 -10 11 27 15 -14 14 -16 -17 18 21 19 -21 -22 -23 23 -25 -26 29 -28 -29 -30 -31
leaf_value=0.00021228898035642891 0.00012092029281723667 0.00020785948185445129 -1.6161714257575563e-05 -9.939917410926968e-06 -8.0129210576840393e-05 3.2389601072341969e-05 -0.00013845866983061621 5.1323833308636039e-05 0.00086179500983205991 -0.00022733679944696053 7.159510757538032e-05 2.7884770340072377e-05 5.2824933429372338e-05 -0.00016035528699305345 0.00014498444169201938 -0.00017188028346148892 9.0009037164718133e-05 0.00012113152447941879 -0.00024281870391862142 0.00021272301084335058 -0.00060518289986481537 5.5448953963674284e-06 -0.00027667289310771782 -0.00070602536444041577 -0.00011761777233276845 7.0588529960704385e-05 0.00019063317990027599 0.00047262743691774405 -8.6070565874160377e-05 -4.7675578609704108e-05
leaf_weight=2116 1321 284 1591 5058 209 1571 2125 6148 209 1079 1645 11074 30010 2306 2563 2396 1492 3488 1450 486 542 21073 2862 233 8518 2479 2171 213 6483 11163
leaf_count=2116 1321 284 1591 5058 209 1571 2125 6148 209 1079 1645 11074 30010 2306 2563 2396 1492 3488 1450 486 542 21073 2862 233 8518 2479 2171 213 6483 11163
internal_value=-5.62334e-07 1.08483e-05 -0.000135793 8.90249e-06 -0.000173025 -0.000146884 -0.000188302 5.34168e-06 0.000491959 -7.31699e-07 -5.38323e-05 7.66758e-06 2.05517e-05 -1.37706e-06 4.2976e-06 -3.31731e-05 -1.72749e-05 -4.60809e-06 -6.77729e-05 -9.5831e-05 -0.00046122 2.20015e-05 -0.000240607 -0.000310244 -7.75556e-05 -4.5614e-05 8.7832e-05 0.000118983 -0.000114919 -2.61302e-05
internal_weight=134358 123904 10454 123411 9133 8382 6811 121295 493 112976 15434 97542 74161 44151 43072 23381 20985 40509 9911 8419 751 24561 5220 3095 13576 15948 8319 1858 7933 13642
internal_count=134358 123904 10454 123411 9133 8382 6811 121295 493 112976 15434 97542 74161 44151 43072 23381 20985 40509 9911 8419 751 24561 5220 3095 13576 15948 8319 1858 7933 13642
is_linear=0
shrinkage=0.005


Tree=114
num_leaves=31
num_cat=0
split_feature=11 64 68 46 45 192 15 255 96 102 36 15 80 125 96 81 80 69 188 69 64 3 69 5 101 44 249 168 227 81
split_gain=8.33354 7.58967 3.96609 3.82796 2.8365 2.62142 2.58242 2.96455 2.78191 2.10584 2.06984 2.07157 3.36371 1.98873 1.88457 1.88278 1.87475 4.41485 1.8633 1.77076 1.7529 1.41163 1.36791 1.35891 1.35395 1.33368 1.26317 1.2361 1.18526 1.16066
threshold=0.84346503019332897 1.5040485858917239 -0.50838720798492421 -1.6428571343421934 -1.2788944840431211 -0.38841052353382105 0.37847222387790685 -0.44642856717109675 -0.1394456401467323 1.2525492310523989 -0.56081297993659962 0.96180555224418651 -1.0900028944015501 -0.28597189486026758 1.3341150879859927 -0.86859944462776173 -2.1577475070953365 -3.1620037555694576 0.74627524614334118 -2.7273360490798946 -0.22874493896961209 0.23051091283559802 -2.4184221029281612 0.56666669249534618 0.30143956840038305 -0.47250001132488245 0.57830238342285167 6.890730857849122 1.1842239499092104 3.0483018159866337
decision_type=10 10 2 10 10 8 10 8 8 10 10 10 10 10 8 10 8 10 10 8 8 8 10 10 8 10 10 10 10 10
left_child=1 5 -3 -2 27 18 7 20 25 14 11 12 16 -10 24 -12 -6 -18 21 -4 -7 -1 -20 -16 29 -8 -15 -5 -14 -9
right_child=3 2 19 4 10 6 8 9 13 -11 15 -13 28 26 23 -17 17 -19 22 -21 -22 -23 -24 -25 -26 -27 -28 -29 -30 -31
leaf_value=-1.3956508057344601e-05 0.00012031797152243403 0.00079610226992751808 0.00044115449696038633 5.0424265684882999e-05 1.0368174633745534e-05 2.183328506151183e-05 3.5073152245129489e-05 -4.8580243539247597e-06 7.7796307893897347e-05 0.00012737845049633521 -0.000825243537752312 -5.7298754704331167e-05 -0.00025185925632277567 -9.4690845030963758e-05 -0.00026278391262669616 -0.00028275525793873671 -0.0010496010558249244 -0.00034779543138183626 0.0004598833781766995 0.00013494226176664242 0.00012505106487335345 -0.00012670070860000811 3.4653277511048946e-05 1.6298172138719476e-05 6.0362128166542113e-05 -0.00012132357060844232 -0.00023821407358224955 -0.00029888670689238219 -5.848573151125304e-05 0.0002631871951956697
leaf_weight=4444 1321 271 543 1749 203 6939 9783 51669 1270 3582 237 2257 1493 5448 1123 514 286 1041 207 3597 10152 7447 1802 705 10146 1578 2149 291 1709 402
leaf_count=4444 1321 271 543 1749 203 6939 9783 51669 1270 3582 237 2257 1493 5448 1123 514 286 1041 207 3597 10152 7447 1802 705 10146 1578 2149 291 1709 402
internal_value=-5.59437e-07 1.12564e-05 0.000214796 -0.000131745 -0.000165886 3.68906e-06 1.224e-05 2.43633e-05 -3.8503e-05 9.48334e-06 -0.000209576 -0.000182401 -0.000241841 -0.000104855 2.8723e-06 -0.00045894 -0.000434574 -0.000502799 -6.08164e-05 0.000175709 8.31922e-05 -8.46306e-05 7.97486e-05 -0.000155127 7.53463e-06 1.32624e-05 -0.000135486 0 -0.000149058 -2.75398e-06
internal_weight=134358 123257 4411 11101 9780 118846 104946 84718 20228 67627 7740 6989 4732 8867 64045 751 1530 1327 13900 4140 17091 11891 2009 1828 62217 11361 7597 2040 3202 52071
internal_count=134358 123257 4411 11101 9780 118846 104946 84718 20228 67627 7740 6989 4732 8867 64045 751 1530 1327 13900 4140 17091 11891 2009 1828 62217 11361 7597 2040 3202 52071
is_linear=0
shrinkage=0.005


Tree=115
num_leaves=31
num_cat=0
split_feature=9 64 68 175 51 69 90 256 90 69 24 68 156 258 108 77 254 58 228 167 258 85 63 210 201 129 32 66 68 95
split_gain=8.18344 3.9765 4.86509 3.57078 2.89692 2.47165 2.42104 2.55453 2.40419 2.58127 2.33001 2.13427 1.98787 1.93177 1.78422 1.68684 1.57321 1.42356 1.39599 1.61253 1.38338 1.359 1.31156 1.49646 1.23659 1.21514 1.26496 1.19672 1.25308 1.18377
threshold=0.94230768084526073 1.3481781482696535 -0.50078126788139332 0.13488123565912249 -0.64163091778755177 -1.6796391010284422 0.79219499230384838 3.7007432742450314e-15 -0.87807902693748463 -1.156010568141937 -0.49182152748107905 -0.26841250061988825 -0.45276945829391474 -0.52013424038887013 0.10468478873372079 0.46018363535404211 1.1878980994224551 3.5000000000000004 -0.41168481111526484 -0.7254275083541869 1.5268456339836123 3.8084663152694707 -0.11157863959670065 0.092325050383806243 -0.24116189032793042 -1.1465103626251218 0.92311805486679088 -0.96536886692047108 -0.53606104850769032 2.0634027719497685
decision_type=10 10 2 10 8 8 10 10 10 10 10 2 8 8 2 10 8 2 8 8 10 10 8 10 10 8 10 8 2 8
left_child=1 6 21 8 11 15 7 13 -2 10 14 -4 24 22 -10 -6 25 -15 -19 -20 -21 -3 23 -1 -9 -14 27 -27 -29 -12
right_child=3 2 4 -5 5 -7 -8 12 9 -11 29 -13 16 17 -16 -17 -18 18 19 20 -22 -23 -24 -25 -26 26 -28 28 -30 -31
leaf_value=-0.0001643244429253355 6.12061720546125e-07 0.00091442971537408898 -0.00067042501869857827 5.8426958738918353e-05 0.00044237047444164172 6.1888958849987935e-05 -0.00012880449234456314 -0.00022030788873968196 -8.2347117172617112e-05 -0.00012898212308965905 -0.00075844972586967168 1.533974353492161e-05 -0.00011700832092474372 6.3760930042279883e-05 -0.00036627252290920504 0.0001030260193484974 -0.00017756371994056378 6.6957352631127426e-05 5.9437735988069575e-05 -2.5406915705539299e-05 -0.00027437549319674363 0.00036352753307501018 0.00012381971324399715 6.9198510313007736e-05 -4.4306407236671935e-05 -0.00020545641879882948 -0.00011849440397907913 0.00039288176104921961 9.2410166024291247e-06 -0.00038535244534744771
leaf_weight=922 1520 208 201 1940 847 4619 3307 1814 1049 3736 361 249 2240 12127 1188 657 1329 6649 6126 23715 567 270 8045 2632 2238 642 2068 209 42488 589
leaf_count=922 1520 208 201 1940 847 4619 3307 1814 1049 3736 361 249 2240 12127 1188 657 1329 6649 6126 23715 567 270 8045 2632 2238 642 2068 209 42488 589
internal_value=1.13864e-07 1.13954e-05 0.000126674 -0.000134694 9.09191e-05 0.000119497 4.44583e-06 8.32756e-06 -0.000179136 -0.000218645 -0.00032323 -0.000293871 -1.70269e-05 3.0455e-05 -0.000233835 0.000295297 -8.20456e-06 1.67497e-05 1.3451e-06 -1.29939e-05 -3.12964e-05 0.00061127 8.8495e-05 8.33035e-06 -0.000123396 -3.45206e-06 2.15111e-06 7.93247e-06 1.11764e-05 -0.000530882
internal_weight=134552 124169 7051 10383 6573 6123 117118 113811 8443 6923 3187 450 53028 60783 2237 1504 48976 49184 37057 30408 24282 478 11599 3554 4052 47647 45407 43339 42697 950
internal_count=134552 124169 7051 10383 6573 6123 117118 113811 8443 6923 3187 450 53028 60783 2237 1504 48976 49184 37057 30408 24282 478 11599 3554 4052 47647 45407 43339 42697 950
is_linear=0
shrinkage=0.005


Tree=116
num_leaves=31
num_cat=0
split_feature=11 21 46 36 181 69 90 256 34 7 255 102 83 81 80 258 80 69 254 96 69 69 181 101 32 42 255 88 54 78
split_gain=8.30968 7.18005 3.63121 2.95485 2.52389 2.56153 2.54651 2.49803 2.43577 2.35355 2.66266 2.23121 2.02941 1.77875 1.72289 1.71856 1.64382 1.74849 1.63658 1.49556 1.44227 1.31525 1.28746 1.28325 1.31958 1.57576 1.25575 1.24659 1.24459 1.4991
threshold=0.84346503019332897 0.97804051637649547 -1.6428571343421934 -0.56081297993659962 0.63351979851722728 -1.7361339330673216 0.79219499230384838 -0.52777779102325428 -0.031083049252629277 1.1199324727058413 -1.2321428656578062 1.2525492310523989 1.4686001539230349 -1.0052565336227415 -0.95399838685989369 -0.52684563398361195 -2.1577475070953365 -3.1620037555694576 1.1878980994224551 1.0761528611183169 -3.7965571880340572 -0.51814138889312733 -1.7545575499534605 0.90891423821449291 0.92311805486679088 -0.70289856195449818 0.12500000372529033 4.7894089221954355 0.79761904478073131 -0.97103342413902272
decision_type=10 10 10 10 10 10 10 8 8 10 8 10 10 10 10 10 8 10 10 8 8 10 8 8 10 8 10 8 2 10
left_child=1 4 -2 9 6 27 7 15 -7 10 -4 18 -3 -5 16 21 -12 -18 19 20 -9 -1 -22 24 25 -24 -21 -6 29 -11
right_child=2 12 3 13 5 8 -8 11 -10 28 14 -13 -14 -15 -16 -17 17 -19 -20 26 22 -23 23 -25 -26 -27 -28 -29 -30 -31
leaf_value=0.00030264335512900087 0.00011702246955492838 0.00017492948486708121 -1.9682851700846177e-05 -0.00085565146062112438 -0.00052806495871382184 0.00015145727556343871 -0.00013034404736182828 0.00040084077030985948 -7.2278836896967134e-05 0.00017543233746421063 8.4664990850914407e-06 9.871571401110765e-05 0.00047198872443263102 -0.00030510056374771468 -0.00017342020025204734 4.5640743250464298e-05 -0.00077682599284512868 -0.00035030175314349729 -0.00016604526931246534 -1.170107710298002e-05 9.9956890167554363e-05 0.00010138541818736551 -6.3656736196324201e-05 5.7800162257170111e-05 -0.00010014512826502886 9.659409019540485e-06 -0.00019553205549926225 -9.5622152806227592e-05 -0.00027203599252541711 -7.4906041441303762e-05
leaf_weight=1186 1294 2125 1584 211 417 1382 2986 227 9844 943 243 6058 795 507 2568 15150 298 1352 1465 2062 3470 2619 8559 8840 3546 50798 1696 285 429 1613
leaf_count=1186 1294 2125 1584 211 417 1382 2986 227 9844 943 243 6058 795 507 2568 15150 298 1352 1465 2062 3470 2619 8559 8840 3546 50798 1696 285 429 1613
internal_value=1.13049e-07 1.18674e-05 -0.000131266 -0.00016432 5.92576e-06 -6.3092e-05 1.35091e-05 1.75845e-05 -4.46357e-05 -0.000139521 -0.000196219 6.21133e-06 0.000256646 -0.000472382 -0.000258699 6.95764e-05 -0.00037336 -0.000429751 -7.3548e-07 2.32639e-06 7.18461e-06 0.000164563 5.96331e-06 1.40349e-06 -6.51816e-06 -9.08482e-07 -9.49472e-05 -0.000355126 -2.43986e-05 1.74197e-05
internal_weight=134552 123510 11042 9748 120590 11928 108662 105676 11226 9030 6045 86721 2920 718 4461 18955 1893 1650 80663 79198 75440 3805 75213 71743 62903 59357 3758 702 2985 2556
internal_count=134552 123510 11042 9748 120590 11928 108662 105676 11226 9030 6045 86721 2920 718 4461 18955 1893 1650 80663 79198 75440 3805 75213 71743 62903 59357 3758 702 2985 2556
is_linear=0
shrinkage=0.005


Tree=117
num_leaves=31
num_cat=0
split_feature=11 21 138 68 90 181 69 90 256 34 102 69 26 67 258 254 181 69 95 69 88 102 26 68 121 216 78 153 80 186
split_gain=8.22757 7.1088 3.78209 3.73132 2.66754 2.49881 2.53639 2.52116 2.47317 2.41155 2.20898 1.8599 1.77848 1.77716 1.7015 1.62031 1.37182 1.30217 1.27072 1.25879 1.23421 1.17943 1.16803 2.00324 1.16034 1.13949 1.12754 1.09818 1.05382 1.04492
threshold=0.84346503019332897 0.97804051637649547 -0.80282750725746144 -0.50078126788139332 -0.85045912861824025 0.63351979851722728 -1.7361339330673216 0.79219499230384838 -0.52777779102325428 -0.031083049252629277 1.2525492310523989 -1.2133411169052122 -0.51976743340492237 4.1956522464752206 -0.52684563398361195 1.1878980994224551 -1.7545575499534605 -0.51814138889312733 2.0634027719497685 -3.7965571880340572 4.7894089221954355 1.1586354970932009 -1.1165697574615476 -0.53606104850769032 -1.4396533966064451 -0.25095273554325098 -1.2061764597892759 0.73407286405563366 -1.4783163070678709 2.9548624753952031
decision_type=10 10 10 2 10 10 10 10 8 8 10 10 10 10 10 10 8 10 8 8 8 10 8 2 8 8 10 8 10 10
left_child=1 5 4 -3 -2 7 20 8 14 -8 15 12 25 -4 17 16 -10 -1 -14 -18 -7 -16 -21 -24 -11 -6 -5 -26 -27 -13
right_child=2 3 13 26 11 6 9 -9 10 24 -12 29 18 -15 21 -17 19 -19 -20 22 -22 -23 23 -25 27 28 -28 -29 -30 -31
leaf_value=0.00030113649169987653 -3.2689445705043604e-05 0.00089239860726759773 -7.4482493004260608e-05 0.00045921418677230742 -0.00011407968271651236 -0.00052545591834871877 0.00015070271800325221 -0.0001296934156823965 9.9457824961538284e-05 -0.00033955680037772533 9.8222542056908849e-05 -0.00019436103552218282 -0.00076184009164487079 0.00016346158660748519 5.6730580692025214e-05 -0.00016521786657572039 0.00034382000354315042 0.00010087945751569844 -0.00036903252827464651 -0.00017600357815960433 -9.5152286892548089e-05 -0.0001264859149929919 0.00041802229298627932 -2.7060234325563853e-06 -1.8640675886710448e-05 -0.00067794392864951598 0.00016278264546195904 -0.00012982710772870839 -0.00027620388023066509 9.8513205677275596e-05
leaf_weight=1186 1917 209 2365 373 844 417 1382 2986 3470 385 6058 2511 349 1168 14220 1465 257 2619 563 962 285 930 279 74230 5881 212 2338 3578 772 341
leaf_count=1186 1917 209 2365 373 844 417 1382 2986 3470 385 6058 2511 349 1168 14220 1465 257 2619 563 962 285 930 279 74230 5881 212 2338 3578 772 341
internal_value=1.12043e-07 1.18082e-05 -0.000130616 0.00025537 -0.000194056 5.89609e-06 -6.27779e-05 1.34417e-05 1.74968e-05 -4.44121e-05 6.18028e-06 -0.000249206 -0.000342397 4.15968e-06 6.92294e-05 -7.31793e-07 2.31479e-06 0.000163743 -0.00052323 -2.13616e-06 -0.000353376 4.54126e-05 -3.34356e-06 -1.09595e-06 -7.19176e-05 -0.000250724 0.000204522 -6.07977e-05 -0.000366253 -0.000159057
internal_weight=134552 123510 11042 2920 7509 120590 11928 108662 105676 11226 86721 5592 2740 3533 18955 80663 79198 3805 912 75728 702 15150 75471 74509 9844 1828 2711 9459 984 2852
internal_count=134552 123510 11042 2920 7509 120590 11928 108662 105676 11226 86721 5592 2740 3533 18955 80663 79198 3805 912 75728 702 15150 75471 74509 9844 1828 2711 9459 984 2852
is_linear=0
shrinkage=0.005


Tree=118
num_leaves=31
num_cat=0
split_feature=11 21 65 63 181 198 80 175 65 80 72 80 21 96 132 96 259 107 109 63 80 239 63 88 245 4 81 80 81 80
split_gain=8.14625 7.03872 3.37202 2.92297 2.47407 2.51697 2.35004 2.30058 2.27386 1.88872 1.85358 1.72047 1.7124 2.65481 2.39364 1.95402 1.82559 1.73594 2.0582 1.63458 1.60617 1.43087 1.39855 1.39727 1.37734 1.27257 1.23257 1.22056 1.46002 1.19974
threshold=0.84346503019332897 0.97804051637649547 -1.4505882263183592 1.586076080799103 0.63351979851722728 -0.15720819681882856 -1.4783163070678709 -0.6250229775905608 0.85823529958724987 -2.0056647062301631 -1.2686241865158079 -0.93549659848213185 0.40033784508705145 -0.18385836482048032 0.29794786870479589 1.0102026462554934 0.90561223030090343 -0.65334093570709217 0.20817768573760989 6.5679845809936532 0.9480193853378297 -0.49183773994445795 4.2519748210906991 4.7894089221954355 -0.12212860956788062 0.26470588892698294 1.3413729667663576 -1.2151070833206175 -1.4289440512657163 2.5283646583557133
decision_type=10 10 10 10 10 10 10 10 8 8 10 10 8 10 8 10 10 8 10 10 10 10 10 8 8 8 10 10 10 10
left_child=1 4 22 6 8 29 -4 19 9 -1 -3 23 14 25 17 16 -16 -11 -19 -5 -12 -15 -2 -7 -10 -14 -8 28 -24 -6
right_child=2 10 3 7 5 11 26 -9 24 12 20 -13 13 21 15 -17 -18 18 -20 -21 -22 -23 27 -25 -26 -27 -28 -29 -30 -31
leaf_value=0.00043997282063332194 -0.00058797453234327927 0.00063602748355057778 -0.00065003877381331803 -0.00024699811386652239 2.8068013164538984e-05 -0.00046985919710319541 -0.00019907433123485575 5.204621215853529e-05 -4.8948331276926677e-06 0.00012847168434358794 0.00017478469403974379 -8.2579835606751907e-05 7.4755563689864613e-05 -1.5303507981725158e-05 3.4328409120543433e-06 -0.00015908318062235729 -0.00014239572486009889 6.3808832728817118e-05 -1.3862388948756265e-05 1.3283388731669577e-05 0.00063398009747028361 -0.00015238670873125482 -0.00012084978232462753 -8.1441949197564768e-05 0.00010071806990513681 -4.1721006272853679e-05 0.00016996888550175888 -3.7554625972529331e-05 -0.00065444654932667729 0.00040880670277955038
leaf_weight=243 455 284 276 1535 3142 553 3073 3554 4319 4908 2432 7610 4717 2913 31820 2228 2296 18452 15838 985 204 5542 248 406 10737 4649 239 404 273 217
leaf_count=243 455 284 276 1535 3142 553 3073 3554 4319 4908 2432 7610 4717 2913 31820 2228 2296 18452 15838 985 204 5542 248 406 10737 4649 239 404 273 217
internal_value=1.1121e-07 1.17495e-05 -0.000129969 -9.67656e-05 5.86652e-06 -6.24666e-05 -0.000209836 -2.97737e-05 1.33747e-05 4.19437e-06 0.000254107 -0.000107943 3.03129e-06 -4.10422e-05 1.34373e-05 -1.57813e-05 -6.38617e-06 4.05397e-05 2.79224e-05 -0.000145238 0.000211644 -0.000105254 -0.000360895 -0.000307214 7.03969e-05 1.68953e-05 -0.000172077 -0.000246098 -0.000404964 5.33844e-05
internal_weight=134552 123510 11042 9662 120590 11928 3588 6074 108662 93606 2920 8569 93363 17821 75542 36344 34116 39198 34290 2520 2636 8455 1380 959 15056 9366 3312 925 521 3359
internal_count=134552 123510 11042 9662 120590 11928 3588 6074 108662 93606 2920 8569 93363 17821 75542 36344 34116 39198 34290 2520 2636 8455 1380 959 15056 9366 3312 925 521 3359
is_linear=0
shrinkage=0.005


Tree=119
num_leaves=31
num_cat=0
split_feature=9 34 64 46 36 85 2 65 255 80 138 44 254 245 163 83 4 80 85 33 111 257 258 32 63 254 150 29 234 85
split_gain=7.86333 3.84507 3.89091 3.65467 2.78622 2.39951 2.36236 2.34143 2.11474 2.14825 1.97539 2.18103 1.82069 2.24389 2.20308 1.63097 1.55841 1.55783 2.98545 1.46621 1.53155 1.91156 1.91929 2.04412 1.66735 1.79355 1.22638 1.21726 1.11787 1.11392
threshold=0.94230768084526073 -1.1444876194000242 4.9271256923675546 -1.6428571343421934 -0.56081297993659962 2.0420763492584233 -0.5292852222919463 0.21117646992206576 -1.2321428656578062 -0.95399838685989369 0.9161706566810609 -1.0350000262260435 0.041401274502277381 0.057228360325098045 0.41451211273670202 2.0113861560821538 0.32352942228317266 -2.1577475070953365 3.8084663152694707 0.9389932155609132 -0.22873228043317792 -0.0087719298899177622 1.573825538158417 -0.52939021587371815 -0.077950786799192415 1.1751592159271242 1.7167262434959414 -0.074405565857887254 -0.10282525047659873 0.46094526350498205
decision_type=10 8 10 10 10 10 10 8 8 10 10 8 10 10 10 10 10 8 10 8 10 10 10 8 10 10 10 8 10 10
left_child=1 -1 7 -2 6 -4 8 10 -5 17 11 -3 13 -9 16 -6 -14 -10 -19 20 -13 22 23 -22 -23 -26 -25 -12 -11 -15
right_child=3 2 5 4 15 -7 -8 12 9 28 27 19 14 29 -16 -17 -18 18 -20 -21 21 24 -24 26 25 -27 -28 -29 -30 -31
leaf_value=0.00026503212914310767 0.00011600305007067281 -0.00022723367927225492 0.0001102087949073643 -1.859686193505875e-05 -0.0003083699817414168 0.00063902418057964257 4.3655484894011595e-05 1.9232710296529166e-05 1.2372488252439089e-05 -9.2923298636515342e-05 2.0683761473613509e-05 2.4613540892570137e-05 5.8990966084590123e-05 8.0248341279796315e-05 -0.00015601926577445642 -0.00084051692620870156 -3.4658849103914783e-05 -0.00032780442039521225 -0.00094909294181574498 -0.00013770852941669847 -0.00018015886137300212 -0.00015080927836930023 -0.00016575605318066685 3.0053656814933712e-05 -1.7096001177491342e-05 -0.00019994442219710401 -0.00012752372166049072 0.00015068366290347217 -0.00030031250118077527 0.00018726731420839243
leaf_weight=1469 1294 1256 505 1584 513 375 1423 15499 249 2456 6152 19183 9389 8865 2109 205 8417 1550 220 2425 1334 4659 1664 21262 10852 1527 1305 2549 889 3373
leaf_count=1469 1294 1256 505 1584 513 375 1423 15499 249 2456 6152 19183 9389 8865 2109 205 8417 1550 220 2425 1334 4659 1664 21262 10852 1527 1305 2549 889 3373
internal_value=1.10444e-07 1.11692e-05 8.11518e-06 -0.000132034 -0.000167446 0.000338458 -0.000141537 5.71096e-06 -0.000179542 -0.000226914 -1.18544e-05 -2.12682e-05 3.30595e-05 5.9245e-05 -3.39159e-06 -0.00046576 1.46968e-05 -0.0003558 -0.000407764 -1.72143e-05 -1.24662e-05 -2.91749e-05 -1.81011e-06 9.61526e-06 -7.01931e-05 -3.97631e-05 2.08929e-05 5.889e-05 -0.000148556 0.00010985
internal_weight=134552 124169 122700 10383 9089 880 8371 121820 6948 5364 74168 65467 47652 27737 19915 718 17806 2019 1770 64211 61786 42603 25565 23901 17038 12379 22567 8701 3345 12238
internal_count=134552 124169 122700 10383 9089 880 8371 121820 6948 5364 74168 65467 47652 27737 19915 718 17806 2019 1770 64211 61786 42603 25565 23901 17038 12379 22567 8701 3345 12238
is_linear=0
shrinkage=0.005


Tree=120
num_leaves=31
num_cat=0
split_feature=9 64 114 85 255 192 245 4 85 254 163 67 103 80 85 132 96 114 78 32 107 107 35 67 5 69 109 163 155 80
split_gain=8.50771 4.28887 3.3881 2.78626 2.40923 2.38025 2.5449 3.03854 2.32347 2.26307 2.04775 1.99999 1.94722 1.94254 4.06448 1.92967 3.00258 2.2408 1.80097 1.74267 1.73656 1.6585 1.45555 1.43614 1.36732 1.36714 1.26325 1.21995 1.15344 1.73736
threshold=0.94230768084526073 4.9271256923675546 0.80477368831634533 2.0420763492584233 -1.2321428656578062 -0.38841052353382105 0.46792881190776831 -0.26470588892698282 2.121915459632874 1.1878980994224551 0.55305269360542308 2.7173913717269902 -1.3838431239128111 -2.1577475070953365 4.1869037151336679 0.25083751976490026 1.0102026462554934 1.141371011734009 4.3336274623870858 -0.94664606451988209 2.6756356954574589 -0.65334093570709217 0.14672293514013293 6.4347827434539804 0.56666669249534618 -2.5154035091400142 -0.27028319239616388 0.73059070110321056 1.3431425690650942 -1.0167198777198789
decision_type=10 10 10 10 8 8 8 10 10 10 10 10 8 10 10 8 10 10 10 10 10 8 8 10 10 10 10 10 10 8
left_child=1 5 4 -3 23 10 9 22 12 15 28 -4 -6 -10 -15 17 -17 18 21 -19 26 -7 -8 25 -18 -2 27 -9 -1 -30
right_child=2 3 11 -5 8 6 7 20 13 -11 -12 -13 -14 14 -16 16 24 19 -20 -21 -22 -23 -24 -25 -26 -27 -28 -29 29 -31
leaf_value=-4.0548117367195117e-05 -0.00054898411095639216 0.00010562736248810913 -0.00024052706055644781 0.00066523521910974524 -2.5810185277514947e-06 0.00012030989339151751 0.00029303054531852184 0.00010587640829585147 -4.3541929503224893e-05 -0.000186881995224212 -0.00014575208164054323 5.4571390180754842e-05 -0.00025787387579196406 -0.00035624461117347931 -0.0010663678152725423 -6.2480905298878847e-06 -0.00023049051536337442 -2.6509321440946302e-05 0.00035885471670073438 -0.00026262103606950794 -0.00010299944992711828 2.50479228472987e-05 0.00011235515212481523 8.4351806090974534e-05 -4.0433743070121272e-06 -7.0469315406821516e-05 -8.0184540762455746e-06 -0.00019386549979292283 0.00042788340548077309 2.7882353494881785e-05
leaf_weight=8065 204 512 726 395 1047 5210 1373 6682 289 1527 4179 2669 2637 1023 251 33146 2315 4839 434 929 2322 37191 6048 994 942 540 5993 352 321 1649
leaf_count=8065 204 512 726 395 1047 5210 1373 6682 289 1527 4179 2669 2637 1023 251 33146 2315 4839 434 929 2322 37191 6048 994 942 540 5993 352 321 1649
internal_value=-9.103e-07 1.0561e-05 -0.000138402 0.000352197 -0.000201345 8.03409e-06 1.59534e-05 6.2981e-05 -0.000254766 3.56995e-06 -5.28126e-05 -8.64747e-06 -0.000185557 -0.000416461 -0.000500164 7.00779e-06 -2.05092e-05 2.76279e-05 4.00942e-05 -6.48188e-05 2.27635e-05 3.67778e-05 0.000146025 -3.95158e-05 -0.000165257 -0.000205131 4.52495e-05 9.06784e-05 -1.40056e-05 9.42316e-05
internal_weight=134804 124424 10380 907 6985 123517 109303 22770 5247 86533 14214 3395 3684 1563 1274 85006 36403 48603 42835 5768 15349 42401 7421 1738 3257 744 13027 7034 10035 1970
internal_count=134804 124424 10380 907 6985 123517 109303 22770 5247 86533 14214 3395 3684 1563 1274 85006 36403 48603 42835 5768 15349 42401 7421 1738 3257 744 13027 7034 10035 1970
is_linear=0
shrinkage=0.005


Tree=121
num_leaves=31
num_cat=0
split_feature=9 64 34 175 85 90 69 44 65 138 44 33 227 15 96 188 254 90 80 102 3 132 80 126 156 85 14 44 180 68
split_gain=8.42367 4.24668 3.70649 3.53026 2.75876 2.62916 3.2423 5.33017 2.43236 1.88164 2.1576 1.72562 1.71575 1.80889 1.66786 1.57585 1.57333 1.52761 1.46122 1.38122 1.30897 1.20365 1.20249 1.18136 1.15621 1.45399 1.13827 1.13316 1.12822 1.1386
threshold=0.94230768084526073 4.9271256923675546 -1.1444876194000242 0.13488123565912249 2.0420763492584233 -0.87807902693748463 -2.9921171665191646 -0.74999999999999989 0.21117646992206576 0.9161706566810609 -1.0350000262260435 0.9389932155609132 0.36266557872295385 0.37847222387790685 1.3012074232101443 0.4754809439182282 1.1751592159271242 -0.68193671107292164 -2.1577475070953365 0.32270212471485143 -0.022427440620958802 0.26511709392070776 -0.97404438257217396 0.77968987822532665 -0.44476050138473505 3.8084663152694707 0.25000000000000006 -0.57749998569488514 3.4102073907852177 -0.53606104850769032
decision_type=10 10 8 10 10 10 10 10 8 10 8 10 8 10 10 10 10 8 10 10 8 8 10 10 8 10 10 10 10 2
left_child=1 2 -1 5 -3 -2 7 18 9 10 -4 14 17 23 16 -15 24 -10 -7 -16 -11 26 -8 -14 -12 28 -19 -18 29 -26
right_child=3 4 8 -5 -6 6 22 -9 12 20 11 -13 13 15 19 -17 27 21 -20 -21 -22 -23 -24 -25 25 -27 -28 -29 -30 -31
leaf_value=0.00025878249885778173 3.8527837192895681e-06 0.00010510433255483705 -0.00022650216672115046 5.2795586387400346e-05 0.00066195062080922078 1.1086278790780516e-05 -0.00029556692874819731 -0.0011636872964102807 -0.00010799666972419265 1.6381396776091974e-05 -8.4088252339611228e-05 -0.00015107198044317328 0.00013901822474161253 -0.00023414182064898596 -3.7158927484741846e-05 2.645092865010058e-05 -0.00022299514797627273 8.8744043020303983e-05 -0.00047727679155356239 -0.00027553318151685656 0.00015131370387234355 -1.4884622215769576e-05 -0.00013819206454964632 4.0668728961559014e-05 0.00031829594584213255 0.00036111641208705629 -9.8095495613596582e-06 7.8147242766387744e-05 -0.00020835674337210412 1.9331194332456021e-06
leaf_weight=1451 1544 512 1262 1965 395 265 1710 226 2589 6096 4095 2346 8239 636 1424 6102 1365 8227 351 1065 2551 12804 4319 4885 281 277 4534 399 630 52259
leaf_count=1451 1544 512 1262 1965 395 265 1710 226 2589 6096 4095 2346 8239 636 1424 6102 1365 8227 351 1065 2551 12804 4319 4885 281 277 4534 399 630 52259
internal_value=-9.06122e-07 1.05083e-05 7.99389e-06 -0.000137717 0.00035046 -0.000182269 -0.000224137 -0.000514438 4.99819e-06 -1.29697e-05 -2.21406e-05 -1.80945e-05 3.2717e-05 6.82985e-05 -1.30262e-05 1.62404e-06 -7.68998e-06 7.58958e-06 -0.000267983 -0.000139704 5.63108e-05 1.93335e-05 -0.000183119 0.000102478 -3.16556e-06 3.03251e-06 5.36985e-05 -0.000154569 1.12381e-06 3.66477e-06
internal_weight=134804 124424 123517 10380 907 8415 6871 842 122066 74050 65403 64141 48016 19862 61795 6738 59306 28154 616 2489 8647 25565 6029 13124 57542 53447 12761 1764 53170 52540
internal_count=134804 124424 123517 10380 907 8415 6871 842 122066 74050 65403 64141 48016 19862 61795 6738 59306 28154 616 2489 8647 25565 6029 13124 57542 53447 12761 1764 53170 52540
is_linear=0
shrinkage=0.005


Tree=122
num_leaves=31
num_cat=0
split_feature=9 64 34 175 90 69 44 65 168 69 138 44 33 96 44 90 254 80 102 29 150 38 109 156 80 36 120 80 234 32
split_gain=8.34021 4.2049 3.66965 3.49528 2.60316 3.21081 5.27822 2.4081 2.35065 1.96625 1.86292 2.13617 1.70844 1.65133 1.63071 1.57299 1.55765 1.44691 1.36748 1.29593 1.25823 1.25312 1.4917 1.33652 1.19051 1.19817 1.12223 1.10673 1.02327 1.02218
threshold=0.94230768084526073 4.9271256923675546 -1.1444876194000242 0.13488123565912249 -0.87807902693748463 -2.9921171665191646 -0.74999999999999989 0.21117646992206576 0.40469767153263098 -1.7361339330673216 0.9161706566810609 -1.0350000262260435 0.9389932155609132 1.3012074232101443 0.40999999642372137 -0.8078998029232024 1.1751592159271242 -2.1577475070953365 0.32270212471485143 -0.074405565857887254 -0.63798731565475453 1.5614793896675112 0.19226711988449099 -0.44723054766654963 -0.97404438257217396 -0.56081297993659962 0.1085050515830517 1.6019418239593508 -0.13058092445135114 0.63452360033988964
decision_type=10 10 8 10 10 10 10 8 8 10 10 8 10 10 10 10 10 10 10 8 8 10 10 8 10 10 10 10 10 8
left_child=1 2 -1 4 -2 6 17 10 15 -3 11 -4 13 16 -10 -9 21 -6 -15 -12 -17 22 -13 -24 -7 28 -18 -23 -26 -22
right_child=3 9 7 -5 5 24 -8 8 14 -11 19 12 -14 18 -16 20 26 -19 -20 -21 29 27 23 -25 25 -27 -28 -29 -30 -31
leaf_value=0.0002574930289809765 3.833582270016138e-06 0.0005455869697190566 -0.00022537412407712493 5.2532279512007762e-05 1.1031874026068383e-05 -0.00029409340205782658 -0.0011579948030742292 -0.00030235981013636965 6.2218402525294813e-05 7.2114216481634655e-05 1.6299556769360428e-05 1.3408041586720097e-05 -0.00015031822715616696 -3.6973782932032384e-05 0.00020553200408147707 8.350490381329888e-05 5.569359621267142e-05 -0.00047492392273411138 -0.00027416195302797363 0.00015055861548304478 -1.9206611265024636e-05 6.9658336125296653e-05 -0.00018976697390600859 -2.9633530733499631e-05 -4.492647114001449e-05 -0.00039929871200811449 -0.00022909648723232028 0.00041799105171093121 -0.00021038429892843917 4.7816640708357182e-05
leaf_weight=1451 1544 526 1262 1965 265 1710 226 394 11993 381 6096 32482 2346 1424 2382 5365 465 351 1065 2551 19926 2356 1386 21069 2374 394 1299 249 1551 7956
leaf_count=1451 1544 526 1262 1965 265 1710 226 394 11993 381 6096 32482 2346 1424 2382 5365 465 351 1065 2551 19926 2356 1386 21069 2374 394 1299 249 1551 7956
internal_value=-9.01801e-07 1.04559e-05 7.95388e-06 -0.000137033 -0.000181364 -0.000223025 -0.000511914 4.97308e-06 3.25533e-05 0.000348731 -1.29049e-05 -2.20301e-05 -1.80042e-05 -1.29611e-05 8.60641e-05 9.66359e-06 -7.65134e-06 -0.000266658 -0.000139009 5.603e-05 1.34212e-05 -3.14947e-06 -8.2428e-06 -3.95798e-05 -0.000182206 -0.000137502 -0.000153796 0.000103882 -0.00011062 -5.87619e-08
internal_weight=134804 124424 123517 10380 8415 6871 842 122066 48016 907 74050 65403 64141 61795 14375 33641 59306 616 2489 8647 33247 57542 54937 22455 6029 4319 1764 2605 3925 27882
internal_count=134804 124424 123517 10380 8415 6871 842 122066 48016 907 74050 65403 64141 61795 14375 33641 59306 616 2489 8647 33247 57542 54937 22455 6029 4319 1764 2605 3925 27882
is_linear=0
shrinkage=0.005


Tree=123
num_leaves=31
num_cat=0
split_feature=11 21 68 29 85 107 168 192 21 132 85 54 188 96 72 58 66 54 180 102 68 74 78 108 255 258 109 67 186 78
split_gain=8.22802 6.95449 3.84463 3.41685 7.67898 2.88499 2.54481 2.39566 2.13056 2.62375 2.07485 2.07218 1.98237 1.88172 1.86481 1.81026 1.76177 1.76166 1.75294 1.68194 1.65106 2.53947 1.52982 1.63086 1.50477 1.38096 1.27099 1.27024 1.24975 1.2422
threshold=0.84346503019332897 0.97804051637649547 -0.50078126788139332 -0.3314970582723617 4.1869037151336679 0.19052014499902728 0.42344214022159582 -0.58121958374977101 0.40033784508705145 0.25083751976490026 2.2074449062347417 0.76587301492691051 0.7294808328151704 1.0102026462554934 -2.4533169269561763 3.5000000000000004 -0.96536886692047108 0.76587301492691051 2.6102181673049931 0.25879350304603582 -0.26841250061988825 -0.53416660428047169 -1.4048465490341184 0.092862728983163847 -1.0892856717109678 0.23154362291097644 0.1834220960736275 2.6739131212234502 3.2439008951187138 -1.3141229152679441
decision_type=10 10 2 10 10 10 8 8 10 8 10 2 10 10 10 2 8 2 10 10 2 2 10 2 8 10 10 8 10 10
left_child=1 6 -3 11 5 27 7 22 9 16 17 14 15 25 -2 -10 -9 26 -18 -15 21 -13 -1 -24 -7 -11 -8 -5 -26 -4
right_child=3 2 29 4 -6 24 10 8 12 13 -12 20 -14 19 -16 -17 18 -19 -20 -21 -22 -23 23 -25 28 -27 -28 -29 -30 -31
leaf_value=-0.0005298472662461452 0.00038252423411118793 0.00090479335326568351 0.00048175548408649203 -0.00033008574956351839 -0.00098741309174195185 -6.1932163613379385e-05 5.1132577087722062e-05 -0.0001794838712526652 -1.1826700456710107e-05 -2.7251466325485692e-06 0.00023651184546467121 2.9498374082322696e-05 3.4876246336994351e-05 -7.5954702651836532e-07 -1.305408916970275e-05 -0.00015898890382958275 5.5347336371782103e-05 0.00012434977164348977 -0.00019557152912406828 -0.00023428714707145404 -3.8937547504470028e-05 -0.00066651283457968451 -3.3144677781683927e-05 -0.00029822326144485878 -0.00032829361665052238 -0.00014242396570958804 -1.943893808093956e-05 4.6482073759832443e-05 7.6172774709598381e-05 0.00015906366438257392
leaf_weight=237 320 205 341 256 299 854 13858 862 3347 38830 1329 203 3595 1341 3555 5596 28267 4658 708 1823 615 356 1919 831 2801 1849 11803 1570 201 2375
leaf_count=237 320 205 341 256 299 854 13858 862 3347 38830 1329 203 3595 1341 3555 5596 28267 4658 708 1823 615 356 1919 831 2801 1849 11803 1570 201 2375
internal_value=-8.97621e-07 1.07617e-05 0.000251629 -0.000131725 -0.000212549 -0.000170853 4.92572e-06 -8.73616e-06 -3.90319e-06 6.34512e-06 4.3445e-05 -3.57675e-05 -6.41462e-05 -1.82605e-05 1.9935e-05 -0.000104005 4.25147e-05 3.49281e-05 4.91662e-05 -0.000135626 -0.000219353 -0.00041485 -0.00014783 -0.000113824 -0.000248304 -9.10395e-06 1.86557e-05 -6.7958e-06 -0.000300965 0.000200573
internal_weight=134804 123774 2921 11030 5981 5682 120853 89205 86218 73680 31648 5049 12538 43843 3875 8943 29837 30319 28975 3164 1174 559 2987 2750 3856 40679 25661 1826 3002 2716
internal_count=134804 123774 2921 11030 5981 5682 120853 89205 86218 73680 31648 5049 12538 43843 3875 8943 29837 30319 28975 3164 1174 559 2987 2750 3856 40679 25661 1826 3002 2716
is_linear=0
shrinkage=0.005


Tree=124
num_leaves=31
num_cat=0
split_feature=9 216 46 33 45 85 256 90 68 90 102 85 62 69 156 95 68 83 216 75 201 96 68 111 108 54 78 75 17 164
split_gain=8.1765 4.08783 3.54885 3.28799 3.1335 6.70437 2.28779 2.86397 2.31454 2.19543 2.41549 2.05224 1.89419 1.8831 1.74867 1.68918 1.40948 1.36323 1.33101 1.25628 1.22712 1.1509 2.33962 1.17451 1.24874 1.13844 1.1279 1.11443 1.03022 1.01834
threshold=0.94230768084526073 -0.76219394803047169 -1.6428571343421934 -2.690125465393066 -1.1658291220664976 4.1869037151336679 -0.47222222387790674 0.45091830193996435 -0.53606104850769032 0.81824815273284923 1.2525492310523989 2.0420763492584233 0.1545454487204552 -0.94260612130165089 -0.45464071631431574 -0.067558929324150072 0.61978328227996837 1.9472741484642031 -0.14885747432708737 -2.050156712532043 -0.094098381698131547 -1.9023618698120115 -0.28026372194290156 -0.73240721225738514 0.040651988238096244 -0.88492062687873829 3.5997323989868169 -1.6709088683128355 0.43689320981502539 -1.3381837606430051
decision_type=10 8 10 8 10 10 8 10 2 10 10 10 10 10 8 8 2 10 10 10 8 8 2 10 2 2 10 10 10 8
left_child=1 11 -2 26 12 13 7 17 15 10 14 -1 -4 27 20 -8 19 29 -9 -14 -10 22 -16 24 -23 -15 -3 -6 -12 -5
right_child=2 3 4 6 5 -7 8 18 9 -11 28 -13 16 25 21 -17 -18 -19 -20 -21 -22 23 -24 -25 -26 -27 -28 -29 -30 -31
leaf_value=0.00014886390954269165 0.00010618742027899888 0.00016077215009734162 -0.00025197967248151578 0.0001733961522293219 -0.00013685791518240948 -0.00098958334430037666 4.2960171339139676e-05 -2.3498972735840935e-06 -0.00016742748178271279 -0.00022844307819709457 0.00011813190421462498 0.00076296247593443764 0.00030156640487923893 -0.00037252430782510519 -0.00052885951821639711 0.00064782306984426249 -0.00030298496114794813 0.00025713142075723641 -0.00016864955347915849 -5.42536862782029e-06 -2.6012347902173552e-05 8.216319404071914e-05 7.7500959267588459e-05 -1.1909414634358944e-05 -2.7693993788695867e-05 -8.265701125568946e-05 0.00052699187052300349 -0.00039678101892375641 -4.6740791498742425e-05 5.4200134417617475e-05
leaf_weight=297 1318 1910 984 2018 593 286 235 4636 2925 1110 5254 255 388 391 305 227 331 998 1623 2172 3245 7261 322 70235 4005 2455 235 1462 1148 16180
leaf_count=297 1318 1910 984 2018 593 286 235 4636 2925 1110 5254 255 388 391 305 227 331 998 1623 2172 3245 7261 322 70235 4005 2455 235 1462 1148 16180
internal_value=-8.9355e-07 1.03521e-05 -0.000135683 8.42592e-06 -0.000170955 -0.000251299 4.99804e-06 4.71502e-05 -6.14398e-06 -7.86024e-06 -5.25754e-06 0.000437751 -6.30944e-05 -0.000207149 -1.20639e-05 0.000344979 1.34725e-06 7.74393e-05 -4.56525e-05 4.14053e-05 -9.3215e-05 -5.9559e-06 -0.000218518 -4.30119e-06 4.30703e-05 -0.00012324 0.000202259 -0.000322533 8.84757e-05 6.74894e-05
internal_weight=134804 124424 10380 123872 9062 5187 121727 25455 96272 95810 94700 552 3875 4901 88298 462 2891 19196 6259 2560 6170 82128 627 81501 11266 2846 2145 2055 6402 18198
internal_count=134804 124424 10380 123872 9062 5187 121727 25455 96272 95810 94700 552 3875 4901 88298 462 2891 19196 6259 2560 6170 82128 627 81501 11266 2846 2145 2055 6402 18198
is_linear=0
shrinkage=0.005


Tree=125
num_leaves=31
num_cat=0
split_feature=9 63 34 46 45 85 65 90 108 192 163 254 258 66 78 68 162 85 33 168 119 68 111 33 27 45 33 114 127 120
split_gain=7.69565 3.71186 3.56086 3.15761 2.59639 3.78203 2.44177 2.15184 2.06216 2.01507 2.1748 1.90536 1.72528 1.62991 1.92594 2.58542 1.60299 1.44028 1.36372 1.30506 1.30111 1.38995 1.34962 1.4423 1.32325 1.7407 1.50156 1.49602 1.30025 1.2031
threshold=0.94230768084526073 6.5679845809936532 -1.1444876194000242 -1.6428571343421934 -1.2788944840431211 4.1869037151336679 1.2776470184326174 0.81824815273284923 -0.82508608698844899 -0.36795887351036066 0.54135274887084972 1.1751592159271242 1.573825538158417 -0.96536886692047108 2.334038615226746 -0.53606104850769032 1.4384356141090395 1.9801276922225954 -0.9067387282848357 1.8058789372444155 2.7050738334655766 -0.28026372194290156 -0.2971386313438415 0.8794456720352174 0.0098980204202234762 -0.39698491990566248 -0.3501600176095962 -0.99785819649696339 -0.37447667121887201 0.1085050515830517
decision_type=10 10 8 10 10 10 8 10 2 8 10 10 10 10 8 2 8 10 10 10 10 2 10 10 10 10 10 8 10 10
left_child=1 2 -1 -2 18 16 7 9 -7 10 19 12 13 -11 15 -15 -6 -3 -5 -4 22 -22 -17 24 26 -26 -24 -27 -14 -13
right_child=3 17 6 4 5 8 -8 -9 -10 11 -12 29 28 14 -16 20 -18 -19 -20 -21 21 -23 23 -25 25 27 -28 -29 -30 -31
leaf_value=0.00025519911134720468 0.00010203481295946626 0.00020169871927205798 -3.3758880092961187e-05 -0.00020932573597601733 -4.0223656136887096e-05 -0.00030188867239317358 8.8537855072451019e-05 -0.00013860163529104758 -0.0010238185078315881 -0.00019664924931015121 -0.00013678662074652231 5.8137364382143608e-05 -0.00021599583954449311 0.00046642788170886857 0.00011190224731090373 4.9940079165149818e-05 -0.00022312237178051701 0.00075621891278798692 7.7979951127582638e-05 0.00011496888309477038 -0.00039836437232098032 0 -1.1778589115834452e-05 0.00018553078773550602 -0.00022800683550237591 -0.00013608098962413772 5.6695887905975427e-05 -5.0789749838775325e-06 -3.4346897879735651e-06 -0.00022704509987053742
leaf_weight=1454 1271 279 8781 575 1583 203 8474 2706 205 858 4840 508 1368 312 5541 21648 5046 208 1429 1767 388 496 15860 1070 1006 2386 16140 24746 1522 1314
leaf_count=1454 1271 279 8781 575 1583 203 8474 2706 205 858 4840 508 1368 312 5541 21648 5046 208 1429 1767 388 496 15860 1070 1006 2386 16140 24746 1522 1314
internal_value=4.31358e-07 1.13792e-05 9.64356e-06 -0.00013076 -0.00016358 -0.00020877 6.69609e-06 5.64554e-07 -0.000673837 3.98162e-06 -4.9088e-05 1.25704e-05 1.57045e-05 1.95538e-05 2.16407e-05 1.56781e-05 -0.000179585 0.000444831 -4.52249e-06 -8.75397e-06 1.3965e-05 -0.000176257 1.60111e-05 3.99979e-06 7.46446e-07 -2.42545e-05 2.27461e-05 -1.66407e-05 -0.000104424 -0.000147317
internal_weight=133984 123672 123185 10312 9041 7037 121731 113257 408 110551 15388 95163 93341 90451 89593 84052 6629 487 2004 10548 83740 884 82856 61208 60138 28138 32000 27132 2890 1822
internal_count=133984 123672 123185 10312 9041 7037 121731 113257 408 110551 15388 95163 93341 90451 89593 84052 6629 487 2004 10548 83740 884 82856 61208 60138 28138 32000 27132 2890 1822
is_linear=0
shrinkage=0.005


Tree=126
num_leaves=31
num_cat=0
split_feature=11 162 36 63 175 80 168 85 181 85 254 65 240 83 222 204 80 66 180 30 259 109 4 85 188 63 74 203 85 75
split_gain=7.77186 6.58694 3.38044 2.50932 3.02187 2.86498 2.44964 2.40496 2.21014 2.19568 2.15962 2.08518 1.71991 1.65569 1.49574 1.4772 1.78915 1.46972 1.48531 1.91477 1.6604 1.47147 2.17902 1.38698 1.38646 1.5161 1.36181 1.27509 1.27139 1.20303
threshold=0.84346503019332897 1.9724493622779848 -0.56081297993659962 1.586076080799103 -0.56642711162567128 -1.4783163070678709 0.42344214022159582 1.5032036304473879 0.69049984216690075 2.2074449062347417 1.1624203920364382 0.94411766529083263 -0.41202153265476221 2.0113861560821538 -0.22048258036375043 0.74336498975753795 -0.48496700823307032 -0.96536886692047108 2.6102181673049931 -0.54166665673255909 0.93112242221832286 -0.67482447624206532 0.73529413342475902 2.9017442464828496 -0.15834525227546689 -0.25036320090293879 -1.0050643682479856 -0.15625751018524167 2.7570731639862065 1.5942803621292116
decision_type=10 10 10 10 8 8 8 10 10 10 10 8 10 10 8 10 8 10 10 10 10 10 10 10 10 10 2 10 10 10
left_child=1 6 3 5 12 -2 8 -3 10 11 17 15 -5 -4 -10 -8 -17 -1 19 -19 21 -21 24 -14 25 -23 -26 -16 -7 -6
right_child=2 7 13 4 29 28 9 -9 14 -11 -12 -13 23 -15 27 16 -18 18 -20 20 -22 22 -24 -25 26 -27 -28 -29 -30 -31
leaf_value=-0.00019160693013224494 -0.00071491595769842251 0.00016590771361371683 -0.00029618707987984292 4.247311061832308e-05 8.9623550666777604e-05 -0.00019526153013186325 2.9807260445837136e-05 0.00052881898134826753 3.7287557221604488e-05 0.00023786041788522735 -0.00019752858862156581 0.0001407120826207946 -0.00012536334304223825 -0.00082751703622489 -4.7140131879079772e-05 -0.00054152618952756613 -5.9112801912779038e-05 5.9479918246624446e-05 -0.00015561786968455501 6.1917237389352896e-05 -0.00018237457161147138 -1.6573010468358699e-05 -0.00024669722467260261 -0.00036921795098711504 0.00012830537191575855 -0.00013680450263467962 8.5938341587244624e-06 -0.00017756820935405703 0.00020921624244025832 -0.0002341967158600146
leaf_weight=927 257 1301 507 838 3055 3116 24653 710 2188 1401 1324 4091 1552 211 3852 213 1676 16084 1355 8679 1244 19447 938 947 2639 3029 23559 3678 202 311
leaf_count=927 257 1301 507 838 3055 3116 24653 710 2188 1401 1324 4091 1552 211 3852 213 1676 16084 1355 8679 1244 19447 938 947 2639 3029 23559 3678 202 311
internal_value=4.28916e-07 1.18211e-05 -0.000126892 -0.000103525 -4.63088e-05 -0.00021045 7.09305e-06 0.000295278 -6.40513e-06 4.45817e-05 2.31993e-06 3.56885e-05 -0.000152867 -0.000457665 -7.75513e-05 1.94585e-05 -0.000115059 5.73542e-06 8.13081e-06 1.10817e-05 -1.98909e-06 1.86729e-06 -8.63281e-06 -0.000218525 -4.00991e-06 -3.28252e-05 2.0694e-05 -0.000110989 -0.000170209 5.9253e-05
internal_weight=133984 122988 10996 10278 6703 3575 120977 2011 88943 32034 79225 30633 3337 718 9718 26542 1889 77901 76974 75619 59535 58291 49612 2499 48674 22476 26198 7530 3318 3366
internal_count=133984 122988 10996 10278 6703 3575 120977 2011 88943 32034 79225 30633 3337 718 9718 26542 1889 77901 76974 75619 59535 58291 49612 2499 48674 22476 26198 7530 3318 3366
is_linear=0
shrinkage=0.005


Tree=127
num_leaves=31
num_cat=0
split_feature=8 29 85 63 95 39 90 255 254 132 96 175 174 68 77 80 85 31 258 131 249 237 5 109 85 109 213 96 5 80
split_gain=6.62394 3.76805 4.62722 3.67077 2.88143 2.74984 2.20904 1.97872 1.64256 1.80274 2.14473 1.88492 1.61186 1.42155 2.39156 1.57617 1.42074 1.38408 1.6156 1.45742 1.28714 1.72073 1.26627 1.24454 1.2422 1.23788 1.20212 1.19246 1.1567 1.32402
threshold=1.0724638104438784 -0.3314970582723617 4.1869037151336679 6.5679845809936532 -0.20877373218536374 -5.332730531692504 0.79219499230384838 -0.37499999999999994 1.1624203920364382 0.26934660971164709 1.0102026462554934 -0.36640860140323633 -0.59549936652183522 -0.53606104850769032 0.92999020218849193 4.992124319076539 1.9801276922225954 1.2222222089767458 -0.53355702757835377 1.48333215713501 -0.23787461221218106 -1.3470454216003416 -1.0000000180025095e-35 0.074733652174472823 0.30663739144802099 -1.8586680293083189 1.1607767939567568 -0.25449304282665247 0.56666669249534618 -0.3972079455852508
decision_type=10 10 10 10 10 8 10 8 10 8 10 8 8 2 10 10 10 10 10 10 8 10 8 10 8 10 10 10 10 8
left_child=3 -2 4 5 -3 -1 7 17 9 12 11 -11 -9 14 -14 20 -5 18 24 22 21 -15 27 -22 -7 -6 -13 -20 -12 -30
right_child=1 2 -4 16 25 6 -8 8 -10 10 28 26 13 15 -16 -17 -18 -19 19 -21 23 -23 -24 -25 -26 -27 -28 -29 29 -31
leaf_value=0.00022502884873002886 1.0466402962236341e-05 1.9479844204108455e-05 -0.00081059044654989898 0.00019938590523026865 -9.4199630225096174e-05 7.8118220156531799e-05 -0.00012252157717899037 9.3627525469941949e-05 -0.00015215670291634489 -0.00012819803987457312 -0.00021642258783048424 -9.3744807395551999e-06 0.0006039283178431163 8.9742649970816056e-05 -0.00011671379184442162 0.00040723476433597599 0.00075011529709226689 -0.00011734453588475213 5.5991525140283837e-05 -0.00012330012575826509 6.9972412809432593e-05 -7.4842197069573414e-05 7.1792430278851672e-05 -2.4209143343147186e-06 0.00024392821302731036 -0.00029261701455361922 0.0001163487177950705 -5.3340769626112089e-05 -0.00037437941947716875 3.1621590585805826e-05
leaf_weight=1439 3060 1436 296 279 1083 3855 3272 6656 1810 3232 2096 32325 254 1948 203 238 208 1295 4729 1413 8870 8458 14259 17894 1607 3010 2015 5265 234 1245
leaf_count=1439 3060 1436 296 279 1083 3855 3272 6656 1810 3232 2096 32325 254 1948 203 238 208 1295 4729 1413 8870 8458 14259 17894 1607 3010 2015 5265 234 1245
internal_value=4.26104e-07 -0.000131447 -0.000206029 9.80113e-06 -0.000172869 8.09489e-06 5.54741e-06 9.05144e-06 -3.30972e-06 -1.5034e-07 -2.4013e-05 -1.28544e-05 2.18929e-05 9.25931e-06 0.000284937 5.84046e-06 0.000440854 4.24129e-05 4.90931e-05 3.2436e-05 3.20245e-06 -4.39556e-05 4.15535e-05 2.15613e-05 0.000127172 -0.000240417 -1.96688e-06 -1.55435e-06 -0.000140965 -3.33219e-05
internal_weight=133984 8885 5825 125099 5529 124612 123173 119901 87478 85668 41147 37572 44521 37865 457 37408 487 32423 31128 25666 37170 10406 24253 26764 5462 4093 34340 9994 3575 1479
internal_count=133984 8885 5825 125099 5529 124612 123173 119901 87478 85668 41147 37572 44521 37865 457 37408 487 32423 31128 25666 37170 10406 24253 26764 5462 4093 34340 9994 3575 1479
is_linear=0
shrinkage=0.005


Tree=128
num_leaves=31
num_cat=0
split_feature=9 69 34 36 46 2 192 245 44 186 23 34 65 80 83 75 85 65 54 49 75 66 132 96 80 180 1 109 144 107
split_gain=7.46951 3.6584 3.37513 3.28822 2.48928 2.54597 2.46244 2.11714 2.41465 2.05653 1.73903 1.72841 1.66783 2.06483 1.63523 1.598 1.95866 1.5226 1.47058 2.35047 1.3768 1.36269 1.52713 2.63532 1.66186 1.55135 1.54134 1.51521 1.2981 1.35304
threshold=0.94230768084526073 -3.7965571880340572 -1.1444876194000242 -0.56081297993659962 -1.6428571343421934 -0.5292852222919463 -0.38149812817573542 0.53294935822486889 -1.0350000262260435 1.5843788385391238 -0.14251207560300824 0.57649344205856334 0.64411765336990368 -0.95399838685989369 2.0113861560821538 -1.9310563206672666 3.291975855827332 0.32176470756530767 -0.77380952239036549 1.4843750000000002 -0.4377551525831222 -0.96536886692047108 0.21285586804151538 1.0102026462554934 4.0469658374786386 2.6102181673049931 -0.97237318754196156 0.12971897423267367 -0.82903239130973805 2.6756356954574589
decision_type=10 8 8 10 10 10 8 8 8 10 8 8 10 10 10 10 10 8 2 10 10 8 8 10 10 10 10 10 8 10
left_child=1 9 -3 4 -2 12 11 8 -8 -1 -9 -4 13 15 -5 -6 -17 28 -10 21 -14 -20 24 -24 25 27 -25 -23 -12 -30
right_child=3 2 6 14 5 -7 7 10 18 -11 17 -13 20 -15 -16 16 -18 -19 19 -21 -22 22 23 26 -26 -27 -28 -29 29 -31
leaf_value=0.00014543494945867827 0.00010137736655462423 0.00024925195659052281 -4.0862109241072998e-06 -0.00029382727930828877 -0.00012228775314775673 5.5644935720854551e-05 -0.00028163174976858187 -3.7917882170618771e-05 6.9358450973252024e-05 0.00067261908296314368 0.0002356246200643343 -0.0001145385930551682 6.6151926657592033e-05 -0.00014976410291856179 -0.00082186333229886555 -0.00035959409056857074 -0.00086339008283803224 0.00012724064657538425 -0.00019448325030472878 -0.00019812790289642289 -0.00018478465902839903 6.3762111299487195e-05 -3.8974753847472237e-06 8.9694668262277765e-06 0.00034489375840679215 -0.00011683829501745584 -0.00021171506422525035 7.1224920275387627e-07 3.5649715484812148e-05 -0.00018392835609157436
leaf_weight=488 1271 1440 7613 507 481 1433 731 3713 8265 300 710 6635 1076 3033 211 956 246 8753 858 1475 1098 17684 30879 1131 400 1887 2593 20692 6646 779
leaf_count=488 1271 1440 7613 507 481 1433 731 3713 8265 300 710 6635 1076 3033 211 956 246 8753 858 1475 1098 17684 30879 1131 400 1887 2593 20692 6646 779
internal_value=4.24044e-07 1.12099e-05 9.02082e-06 -0.000128825 -0.000104191 -0.000135685 6.15806e-06 1.43707e-05 3.5252e-06 0.000349746 5.9923e-05 -5.55788e-05 -0.000175562 -0.000228383 -0.000454304 -0.000368906 -0.000466264 8.14688e-05 5.97495e-06 -7.73556e-07 -6.04898e-05 3.05663e-06 5.32791e-06 -1.9077e-05 2.61078e-05 2.28859e-05 -0.000144636 2.97837e-05 3.21103e-05 1.24369e-05
internal_weight=133984 123672 122884 10312 9594 8323 121444 107196 86595 788 20601 14248 6890 4716 718 1683 1202 16888 85864 77599 2174 76124 75266 34603 40663 40263 3724 38376 8135 7425
internal_count=133984 123672 122884 10312 9594 8323 121444 107196 86595 788 20601 14248 6890 4716 718 1683 1202 16888 85864 77599 2174 76124 75266 34603 40663 40263 3724 38376 8135 7425
is_linear=0
shrinkage=0.005


Tree=129
num_leaves=31
num_cat=0
split_feature=11 21 36 68 6 44 69 192 245 44 169 240 96 69 102 227 235 66 5 60 60 6 96 17 75 80 69 75 15 22
split_gain=7.56458 6.41901 3.30141 2.93986 2.7484 3.07595 2.62392 2.3246 2.00974 2.37213 1.79353 1.75072 1.61876 1.53635 1.98071 1.50949 1.44966 1.40381 1.78387 1.50794 2.38722 1.65907 1.45969 1.37385 1.30011 1.26944 1.19212 1.17773 1.13429 1.1939
threshold=0.84346503019332897 0.97804051637649547 -0.56081297993659962 -0.49543276429176325 1.0631399154663088 -1.2574999928474424 -3.7965571880340572 -0.38841052353382105 0.53294935822486889 -1.0350000262260435 -0.25745509564876551 0.73029425740242015 1.7559700012207033 -3.5068719387054439 -0.6910477578639983 1.2673810720443728 -2.7002484798431392 -0.96536886692047108 0.63333335518836986 22.500000000000004 16.500000000000004 0.80375427007675182 1.0102026462554934 -0.090614885091781602 -1.9310563206672666 1.5423964262008669 -2.0708149671554561 1.4714496135711672 -0.6840277612209319 -0.11893203854560851
decision_type=10 10 10 2 10 10 8 8 8 8 8 10 10 10 10 10 8 8 8 2 2 10 10 10 10 10 10 10 10 10
left_child=1 6 4 -3 13 24 -1 11 9 -9 -10 -8 17 14 -2 -12 -15 -11 19 20 21 28 -21 -22 -6 -20 -13 -7 -19 -30
right_child=2 3 -4 -5 5 27 7 8 10 12 15 26 -14 16 -16 -17 -18 18 25 22 23 -23 -24 -25 -26 -27 -28 -29 29 -31
leaf_value=0.0003817461149540442 -0.00017590169847034261 0.00078832739590409045 -0.00045207486775942655 0.00019697182836125377 8.6766993739329976e-05 7.4995696338245335e-05 -1.5882313194717622e-05 -0.00028023315785819013 0.00013708800512003138 -0.00019351646669744471 8.24769317140783e-05 -0.00048205064499101566 -0.00020274179809747075 3.524487221137788e-05 -0.00082448256367718357 -2.2980538755674998e-05 -0.00021447875255098403 -0.00010418119025703122 5.467003973350093e-05 2.5205367739513032e-05 -2.4693545112907161e-05 -0.0002735872798519103 -9.5246230786392278e-05 -0.00015313751584716335 -0.00024938806513068157 0.00028855951141480382 -0.00011607044176366539 -0.00019340637995160449 -4.9051800656156888e-05 4.7020006712958199e-05
leaf_weight=458 272 225 718 2659 341 3622 9138 731 5322 858 6651 231 924 717 211 6908 2962 1961 10766 42282 3644 527 2668 4891 1698 610 4474 455 4325 12735
leaf_count=458 272 225 718 2659 341 3622 9138 731 5322 858 6651 231 924 717 211 6908 2962 1961 10766 42282 3644 527 2668 4891 1698 610 4474 455 4325 12735
internal_value=4.21482e-07 1.16608e-05 -0.00012519 0.000244565 -0.000102098 -3.4495e-05 6.05404e-06 4.59583e-06 1.25723e-05 2.40871e-06 5.93228e-05 -5.63154e-05 4.82776e-06 -0.000201158 -0.000465805 2.87232e-05 -0.000165693 7.09471e-06 9.15115e-06 7.07868e-08 -2.86633e-05 1.77834e-06 1.80351e-05 -9.84037e-05 -0.000192851 6.73768e-05 -0.000134638 4.47189e-05 9.50386e-06 2.26276e-05
internal_weight=133984 122988 10996 2884 10278 6116 120104 119646 105803 86922 18881 13843 86191 4162 483 13559 3679 85267 84409 73033 28083 19548 44950 8535 2039 11376 4705 4077 19021 17060
internal_count=133984 122988 10996 2884 10278 6116 120104 119646 105803 86922 18881 13843 86191 4162 483 13559 3679 85267 84409 73033 28083 19548 44950 8535 2039 11376 4705 4077 19021 17060
is_linear=0
shrinkage=0.005


Tree=130
num_leaves=31
num_cat=0
split_feature=11 64 68 138 85 20 192 14 63 254 48 169 168 64 22 95 144 161 77 80 245 155 80 80 111 9 95 68 209 36
split_gain=7.92851 6.25326 4.172 3.39826 2.38089 8.61191 2.24788 2.25856 2.18316 2.12442 1.91511 1.85488 1.65275 1.63416 1.62649 1.51233 2.05364 1.47751 1.40067 1.39924 1.39722 1.77042 1.29741 1.29043 1.28468 1.25263 1.24886 1.22907 1.19928 1.18852
threshold=0.84346503019332897 1.5040485858917239 -0.50078126788139332 -0.7588047683238982 4.1869037151336679 1.072607219219208 -0.38841052353382105 0.22743055969476703 -0.093115743249654756 -1.296178340911865 0.68750000000000011 0.083946011960506453 1.6393072605133059 4.9271256923675546 -0.089805826544761644 0.62834739685058605 -0.2596371322870254 0.2031224146485329 -1.2711246013641355 -1.1473127603530882 0.397541493177414 0.74312466382980358 -1.0167198777198789 -2.0056647062301631 0.1790430769324303 0.80917161703109752 0.56083244085311901 -0.50078126788139332 0.28415444493293768 -0.56081297993659962
decision_type=10 10 2 10 10 10 8 10 10 8 10 8 10 10 10 10 10 8 8 10 8 10 10 10 10 10 10 2 10 10
left_child=1 6 -3 4 29 -6 12 8 9 -8 20 26 19 -7 15 -13 -17 23 -4 27 28 -22 -14 -10 -19 -16 -9 -1 -11 -2
right_child=3 2 18 -5 5 13 7 11 17 10 -12 14 22 -15 25 16 -18 24 -20 -21 21 -23 -24 -25 -26 -27 -28 -29 -30 -31
leaf_value=9.9509413787865489e-05 -0.00012623726496976642 0.00073878185285103511 0.00048500745811423689 3.9401209388168457e-05 -0.0012865391046606531 -0.00041978500517194538 0.00011033657220581391 9.8174391268073956e-05 0.00050120444902978665 -6.1053956031252646e-06 -0.00022852541565781127 1.1316436663305766e-05 0.0003618707945637867 5.8492386303785972e-05 -0.00021982265262647014 -2.8938512684066075e-05 -0.00021816091036469534 7.3130388427214939e-05 0.00012587904536866471 -5.8610400042539232e-05 8.7275370019270304e-05 -0.00011471409356776428 1.9701130284130726e-05 0.0001013065107420953 -1.1930764644909487e-05 -4.5501820735915919e-05 -3.2599392123641057e-05 -0.00031543701212258718 -0.00012583079678434638 -0.00034820629744681083
leaf_weight=214 7109 324 290 2360 212 308 4425 4244 202 32224 929 9994 342 410 2209 4871 2033 9632 3763 10898 7321 1267 1396 9971 8211 1950 3190 967 2233 660
leaf_count=214 7109 324 290 2360 212 308 4425 4244 202 32224 929 9994 342 410 2209 4871 2033 9632 3763 10898 7321 1267 1396 9971 8211 1950 3190 967 2233 660
internal_value=-4.21982e-07 1.10971e-05 0.000196588 -0.000128635 -0.000174277 -0.000413152 4.24634e-06 1.21468e-05 2.63157e-05 5.96916e-06 -4.53307e-06 -2.58359e-05 -5.56845e-05 -0.000147467 -4.98151e-05 -2.79573e-05 -8.48482e-05 6.14403e-05 0.000152265 -7.64516e-05 3.15515e-07 5.7368e-05 8.81643e-05 0.000109539 3.39665e-05 -0.000138363 4.20067e-05 -0.000239724 -1.38959e-05 -0.00014537
internal_weight=134159 123100 4377 11059 8699 930 118723 104906 76415 48399 43974 28491 13817 718 21057 16898 6904 28016 4053 12079 43045 8588 1738 10173 17843 4159 7434 1181 34457 7769
internal_count=134159 123100 4377 11059 8699 930 118723 104906 76415 48399 43974 28491 13817 718 21057 16898 6904 28016 4053 12079 43045 8588 1738 10173 17843 4159 7434 1181 34457 7769
is_linear=0
shrinkage=0.005


Tree=131
num_leaves=31
num_cat=0
split_feature=9 63 175 34 29 69 258 65 192 188 80 69 258 14 188 58 27 245 258 193 35 66 255 75 241 193 69 37 109 30
split_gain=7.70047 3.80253 3.30719 3.3028 2.20315 3.26045 5.20081 2.10309 1.78206 2.41319 1.8103 1.46758 1.57214 1.46013 2.52052 2.1889 1.96084 1.93283 1.85496 1.834 1.5504 1.44606 1.38568 1.36535 1.31794 1.30992 1.3001 1.28974 1.13704 1.12183
threshold=0.94230768084526073 6.5679845809936532 0.13488123565912249 -1.1444876194000242 -0.3314970582723617 -2.9921171665191646 0.75503355264663707 1.2776470184326174 -0.36795887351036066 0.88982525467872631 -1.0167198777198789 -1.7361339330673216 -0.39261744916439051 0.22743055969476703 0.46130883693695074 3.5000000000000004 0.0098980204202234762 0.46792881190776831 1.5536912679672243 0.40982218086719518 -0.25347566604614252 -0.63602718710899342 1.4107143282890322 -1.1216058731079099 -3.1970264911651607 -1.4833998680114744 -2.4184221029281612 0.24137742817401889 0.31798610091209417 -0.47916667163372034
decision_type=10 10 10 8 10 10 8 8 8 10 10 10 8 10 10 2 8 10 10 10 8 10 10 8 10 8 10 10 10 10
left_child=1 3 4 -1 -2 6 -6 8 9 11 -11 12 -5 16 15 28 18 20 -10 -17 25 24 23 -16 -7 -18 -3 -13 -15 -22
right_child=2 26 -4 7 5 21 -8 -9 13 10 -12 27 -14 14 22 19 17 -19 -20 -21 29 -23 -24 -25 -26 -27 -28 -29 -30 -31
leaf_value=0.00024558071027676667 -6.9678928967307829e-05 0.00075266343820895034 5.3784249665536934e-05 0.00013773819248553106 -0.0011906701443265379 4.6837051501771542e-05 -0.00024884857976088039 8.209767939750765e-05 6.8371366771332868e-05 0.00041978448053493707 3.7804628532631865e-05 -9.4732993639880486e-06 -0.00032471520191848144 6.3371513904114738e-05 0.0001605101363142342 -9.2273314840569742e-05 0.00015912545685923922 6.5825006560758556e-05 -7.8867619414470618e-05 -0.00028924679173840054 4.6572056188282882e-05 -0.00011795615085439281 -0.00011232031143638086 1.2652792549407281e-05 -0.00035376828619571553 -0.00020735927540469664 0.00021203134718753559 -0.00011232783045104476 -9.9448990312480743e-05 -2.5182607815833208e-05
leaf_weight=1451 3170 207 1955 221 217 233 448 8447 23704 388 1496 6662 985 2794 1731 4553 280 8776 2344 1602 7021 2818 1969 15656 1541 1670 253 5633 1733 24201
leaf_count=1451 3170 207 1955 221 217 233 448 8447 23704 388 1496 6662 985 2794 1731 4553 280 8776 2344 1602 7021 2818 1969 15656 1541 1670 253 5633 1733 24201
internal_value=-4.19998e-07 1.05491e-05 -0.000131187 8.84288e-06 -0.000174165 -0.000236949 -0.000563518 6.0101e-06 3.35617e-07 -4.96804e-05 0.000117639 -7.3101e-05 -0.000239339 8.19214e-06 -2.08297e-05 -8.24709e-05 2.10208e-05 -1.26846e-07 5.50899e-05 -0.000143815 -1.75975e-05 -0.000188986 1.3175e-05 2.74437e-05 -0.000300887 -0.000154208 0.000461868 -5.66636e-05 8.9023e-07 -9.026e-06
internal_weight=134159 123777 10382 123317 8427 5257 665 121866 113419 15385 1884 13501 1206 98034 30038 10682 67996 41948 26048 6155 33172 4592 19356 17387 1774 1950 460 12295 4527 31222
internal_count=134159 123777 10382 123317 8427 5257 665 121866 113419 15385 1884 13501 1206 98034 30038 10682 67996 41948 26048 6155 33172 4592 19356 17387 1774 1950 460 12295 4527 31222
is_linear=0
shrinkage=0.005


Tree=132
num_leaves=31
num_cat=0
split_feature=11 21 29 243 69 27 60 90 192 222 69 109 83 30 44 197 38 79 257 90 74 63 9 235 119 38 257 80 207 132
split_gain=7.77251 6.13812 3.21192 2.93196 4.029 4.64742 2.14854 2.03519 2.23631 2.11315 2.0686 1.97927 1.94369 1.71125 1.86901 1.60231 2.21774 1.46288 1.42525 1.46956 1.37889 1.37053 1.36155 1.35113 1.28613 1.12965 1.08685 1.08649 1.06257 1.19864
threshold=0.84346503019332897 0.97804051637649547 -0.3314970582723617 -0.087430149316787706 -2.9921171665191646 -0.54919016361236561 7.5000000000000009 0.79219499230384838 -0.38841052353382105 0.48050196468830114 -2.0708149671554561 -0.094532247632741914 1.5134576559066775 0.77083334326744091 -0.19249999523162839 -0.13003207743167874 -2.6935350894927974 -2.2213071584701534 0.81578949093818676 0.56362050771713268 -1.0050643682479856 -0.19513839483261106 1.3239644765853884 -2.7002484798431392 -0.23113916814327237 -0.59501528739929188 0.39473684132099157 -0.93549659848213185 -0.042873864993453019 0.2440115958452225
decision_type=10 10 10 8 10 10 2 10 8 10 10 10 10 8 10 10 8 10 10 10 2 10 10 10 10 8 8 10 10 8
left_child=1 7 6 4 5 -4 20 8 9 21 -11 15 -3 14 26 16 -10 -8 19 24 -2 -1 -5 -6 -16 -15 -13 -22 -17 -30
right_child=2 12 3 22 23 -7 17 -9 11 10 -12 13 -14 25 18 28 -18 -19 -20 -21 27 -23 -24 -25 -26 -27 -28 -29 29 -31
leaf_value=-0.00016641871107491005 0.0001540547078760851 0.00016112933527522198 -0.0012504354935809463 -0.0002203108428517482 2.0317336999951014e-06 -0.000288271336690794 0.00033130622535645151 -0.00011708754692783336 -0.0002793287560670871 -0.00038749265682771122 -7.8816746481761047e-05 -0.00012752203158906503 0.00045853792765580912 -1.1997347602097909e-05 -2.1593907889604812e-05 0.00010038944339459859 2.2038689574191271e-05 -7.1827070863210352e-06 -0.00025802211521297382 -0.0001798288911343146 -0.00042696106741692443 5.6421980100763908e-05 3.7799548891569886e-05 -0.00026892570055119268 3.8364117073251485e-05 9.5565500238699324e-05 -3.0580599296228713e-05 -9.4533960187281665e-05 6.720710722532299e-05 -7.7677032341284255e-05
leaf_weight=799 205 2118 216 810 548 304 346 3286 624 580 7828 4579 747 3804 15476 13740 20553 3496 506 1010 601 4839 1360 2746 21157 6764 7894 427 4766 2030
leaf_count=799 205 2118 216 810 548 304 346 3286 624 580 7828 4579 747 3804 15476 13740 20553 3496 506 1010 601 4839 1360 2746 21157 6764 7894 427 4766 2030
internal_value=-4.18004e-07 1.09871e-05 -0.000127364 -0.000205806 -0.000289241 -0.000696994 -3.46622e-05 5.5279e-06 8.98225e-06 -5.01777e-05 -0.000100387 1.70643e-05 0.000239512 -1.03344e-06 -1.3124e-05 4.36214e-05 1.30712e-05 2.35617e-05 4.23784e-06 7.81024e-06 -0.000215853 2.46336e-05 -5.86009e-05 -0.000223762 1.30211e-05 5.68131e-05 -6.6246e-05 -0.000290491 7.50901e-05 2.38307e-05
internal_weight=134159 123100 11059 5984 3814 520 5075 120235 116949 14046 8408 102903 2865 61190 50622 41713 21177 3842 38149 37643 1233 5638 2170 3294 36633 10568 12473 1028 20536 6796
internal_count=134159 123100 11059 5984 3814 520 5075 120235 116949 14046 8408 102903 2865 61190 50622 41713 21177 3842 38149 37643 1233 5638 2170 3294 36633 10568 12473 1028 20536 6796
is_linear=0
shrinkage=0.005


Tree=133
num_leaves=31
num_cat=0
split_feature=9 64 34 175 29 81 192 188 22 15 96 137 132 96 161 49 80 69 108 69 58 207 80 207 180 74 69 95 215 168
split_gain=7.54687 3.70645 3.25835 3.25532 2.16025 3.59256 1.94258 2.42837 1.9161 1.86486 2.39699 2.37196 1.94831 2.54555 2.36483 1.85781 1.7927 1.72096 1.68398 1.43563 1.43096 1.33318 1.32794 1.3208 1.30718 1.29227 1.27235 1.27987 1.1666 1.52064
threshold=0.94230768084526073 4.9271256923675546 -1.1444876194000242 0.13488123565912249 -0.3314970582723617 -2.369918584823608 -0.38841052353382105 0.88982525467872631 0.78155338764190685 0.37847222387790685 -0.1394456401467323 0.15022076666355136 0.29794786870479589 1.0102026462554934 0.2031224146485329 0.98437500000000011 -1.0167198777198789 -1.6796391010284422 -0.82508608698844899 -1.7361339330673216 4.5000000000000009 0.10325624048709871 3.4305380582809453 -0.77998244762420643 0.039914211258292205 0.27656546235084539 -1.026388883590698 -0.082252599298953996 -0.30981236696243281 -0.52852627635002125
decision_type=10 10 8 10 10 10 8 10 10 10 10 8 8 10 8 10 10 10 2 10 2 10 8 8 10 2 10 10 10 10
left_child=1 2 -1 4 -2 -6 7 19 26 11 15 12 14 24 22 -11 -9 -3 -12 20 -4 -10 -8 -16 -14 -22 27 -7 -25 -30
right_child=3 17 6 -5 5 8 9 16 21 10 18 -13 13 -15 23 -17 -18 -19 -20 -21 25 -23 -24 28 -26 -27 -28 -29 29 -31
leaf_value=0.0002433080063061765 -6.9046448215226913e-05 0.00053240452916408808 8.4305348138500002e-05 5.3640118905670942e-05 -0.00080787904267252855 -0.00011248662335979079 9.857364649014582e-05 0.00041746542231392613 -3.3904928514475843e-05 -0.00017094888457363028 7.8075436815400258e-05 7.1548536808622564e-05 7.6027277081402079e-06 -0.00017518002107149531 0.00013761215036390358 2.8627269862504141e-05 3.7347679014883213e-05 7.0969499159842059e-05 -0.0001257108714220711 -5.8237600868618016e-05 -4.1575680744258463e-05 -0.00029249613925010195 0.00050026205477514559 3.4418298557713472e-05 -8.3725533528110406e-05 -0.00046197817042335424 -0.00016102609372702176 -0.00046987251685870794 -0.00018576097051574241 -1.3826469102377144e-05
leaf_weight=1451 3170 486 253 1955 256 327 8404 388 1808 1274 1179 19614 28762 2343 1848 13168 1496 351 6987 11022 263 687 207 10175 4530 624 993 1186 1554 7398
leaf_count=1451 3170 486 253 1955 256 327 8404 388 1808 1274 1179 19614 28762 2343 1848 13168 1496 351 6987 11022 263 687 207 10175 4530 624 993 1186 1554 7398
internal_value=-4.16541e-07 1.04426e-05 8.1738e-06 -0.000129873 -0.000172512 -0.000234683 5.35147e-06 -4.9928e-05 -0.000204464 1.25848e-05 -2.77524e-05 2.33413e-05 8.83185e-06 -1.60581e-05 3.88252e-05 1.0934e-05 0.000116793 0.000341064 -9.61974e-05 -7.58331e-05 -0.00024452 -0.000105751 0.000108573 1.01485e-05 -4.81988e-06 -0.000338819 -0.000302138 -0.000393586 -2.17334e-06 -4.38159e-05
internal_weight=134159 123777 122940 10382 8427 5257 121489 14046 5001 107443 22608 84835 65221 35635 29586 14442 1884 837 8166 12162 1140 2495 8611 20975 33292 887 2506 1513 19127 8952
internal_count=134159 123777 122940 10382 8427 5257 121489 14046 5001 107443 22608 84835 65221 35635 29586 14442 1884 837 8166 12162 1140 2495 8611 20975 33292 887 2506 1513 19127 8952
is_linear=0
shrinkage=0.005


Tree=134
num_leaves=31
num_cat=0
split_feature=8 29 85 216 34 95 181 144 80 68 78 119 109 197 7 85 257 22 192 88 85 80 111 74 75 113 80 227 35 30
split_gain=6.72587 4.22636 7.84333 3.49813 3.24669 2.57955 1.98391 2.22297 1.97751 1.97314 2.87104 2.44747 1.83676 2.13542 1.71809 1.71399 1.58314 1.59883 1.50107 1.49542 1.44648 1.38281 1.34857 1.33093 1.22565 1.08922 1.06255 1.01157 1.16198 1.32809
threshold=1.0724638104438784 -0.3314970582723617 4.1869037151336679 -0.76219394803047169 -1.1444876194000242 -0.20877373218536374 0.63351979851722728 -0.04163719899952411 -0.93549659848213185 -0.53606104850769032 2.8074041604995732 2.7050738334655766 -0.13048738986253736 -0.13003207743167874 0.73817566037178051 2.0420763492584233 0.86842104792594921 -0.12378640845417975 -0.37388800084590906 4.7894089221954355 2.0420763492584233 -1.7263370752334593 -1.7129383683204649 -0.76553204655647267 -1.2747864723205564 -0.42405416071414942 0.44845068454742437 2.9384605884552006 -0.48162859678268427 0.77083334326744091
decision_type=10 10 10 8 8 10 10 8 10 2 8 10 10 8 10 10 10 10 8 8 10 8 10 2 10 8 10 10 8 10
left_child=3 24 5 15 -5 -3 9 -8 19 10 -6 12 13 14 18 -1 23 -18 -11 -9 25 -13 -7 -14 -2 -15 -26 28 -25 -30
right_child=1 2 -4 4 6 22 7 8 -10 11 -12 21 16 20 -16 -17 17 -19 -20 -21 -22 -23 -24 27 26 -27 -28 -29 29 -31
leaf_value=0.00014350495017354369 0.00019406346893767636 1.4394742571559182e-05 -0.00098555000887965111 0.00024209564290127164 0.00055716918737528124 -0.00013134836876975759 7.9596538457128631e-05 -0.00046477864868000408 -6.5373186020152677e-05 -0.00012849606361912646 -0.00011450449006889904 -0.00047792515927527778 5.0683631805626746e-05 -2.3286747279968344e-05 -0.00026841491704574199 0.00073559385077646674 -0.00030171549469935259 -2.7394446205410944e-05 2.1922982543295569e-05 -8.2060188975586424e-05 0.00027354468470351196 -0.00010364400038989012 -0.00031484833783780857 -6.4156006967987331e-05 -8.0960071808343408e-05 7.4109595632767384e-05 0.00022676539611666719 0.00015517910828512056 -1.3602664535268891e-05 6.3632421836244283e-05
leaf_weight=264 731 1424 306 1451 386 1850 2389 578 8522 1858 264 276 11121 3310 588 232 866 1376 15091 465 824 2151 2242 8977 2067 21161 319 910 35567 6593
leaf_count=264 731 1424 306 1451 386 1850 2389 578 8522 1858 264 276 11121 3310 588 232 866 1376 15091 465 824 2151 2242 8977 2067 21161 319 910 35567 6593
internal_value=-4.1462e-07 -0.000132882 -0.000212382 9.04269e-06 7.36342e-06 -0.000168547 4.58672e-06 -5.66032e-05 -9.06971e-05 1.11643e-05 0.000284811 9.53979e-06 1.30679e-05 3.85197e-05 -3.85411e-06 0.000426025 -3.59256e-06 -0.000134012 5.37107e-06 -0.000295834 6.79121e-05 -0.000147308 -0.000232271 1.03871e-06 1.5552e-05 6.09131e-05 -3.92209e-05 -9.56328e-06 -1.25196e-05 -1.50663e-06
internal_weight=134159 8939 5822 125220 124724 5516 123273 11954 9565 111319 650 110669 108242 42832 17537 496 65410 2242 16949 1043 25295 2427 4092 63168 3117 24471 2386 52047 51137 42160
internal_count=134159 8939 5822 125220 124724 5516 123273 11954 9565 111319 650 110669 108242 42832 17537 496 65410 2242 16949 1043 25295 2427 4092 63168 3117 24471 2386 52047 51137 42160
is_linear=0
shrinkage=0.005


Tree=135
num_leaves=31
num_cat=0
split_feature=8 29 85 39 68 95 15 132 95 22 44 39 139 80 77 69 109 109 34 107 192 65 132 147 68 85 188 77 75 203
split_gain=6.85445 4.22877 5.80778 3.7643 4.35946 2.63224 2.13118 2.9711 2.46149 2.90834 2.35376 2.20315 1.83748 1.74385 1.86119 1.70098 1.65984 1.63119 1.62767 1.56064 1.4961 1.60498 1.4674 1.42796 1.18592 1.14037 1.1393 1.0869 1.05669 1.03231
threshold=1.0724638104438784 -0.3314970582723617 4.1869037151336679 -4.3644902706146231 -0.51498931646347035 -0.20877373218536374 0.37847222387790685 0.28123956918716436 0.62834739685058605 -0.089805826544761644 0.42249999940395361 0.81597399711608898 -0.6594562530517577 -0.95399838685989369 -1.481162905693054 -2.6205701828002925 -0.89206573367118824 0.12971897423267367 -1.1444876194000242 -0.65334093570709217 -0.58121958374977101 0.61941176652908336 0.55079558491706859 -0.54013812541961659 -0.27412240207195276 2.2074449062347417 0.66604724526405346 0.45151259005069738 -1.3485131263732908 -0.26369057595729822
decision_type=10 10 10 8 2 10 10 8 10 10 10 8 8 8 10 10 10 10 10 8 8 10 8 8 2 8 10 10 10 10
left_child=3 28 5 4 -1 -3 7 17 9 -8 12 22 29 14 -10 27 -15 20 -17 -19 26 -22 25 -14 -16 -12 -5 -6 -2 -9
right_child=1 2 -4 6 15 -7 8 10 13 -11 11 -13 23 16 24 18 -18 19 -20 -21 21 -23 -24 -25 -26 -27 -28 -29 -30 -31
leaf_value=0.00070058407585388575 0.00018720187979404975 9.953857976964295e-06 -0.00089013990763285144 -9.7335115996023471e-05 0.00048314654245610586 -0.00024101918281631038 3.8811702476815763e-05 -0.00010823431376248505 -1.0408636281654946e-05 -0.00016696660461428846 0.00011623923445579337 -0.0001651045532810162 8.3111060711605323e-05 4.2435063586131697e-05 -0.0006959943042957684 0.00021820937800286851 -0.00012904347155563982 0.00011003710187627592 1.4341772026013307e-05 -7.0046515853065591e-06 6.2169161051861823e-05 0.00017052943862038434 4.9516117815675633e-06 -5.7996763558938433e-05 -0.00024922416901255312 -0.00025187548110506294 9.3328346189653982e-05 0.00011149195617034584 -3.4632371191957796e-05 -0.00029711967751098084
leaf_weight=311 684 1399 297 2199 427 4073 9680 2492 337 2082 4624 1699 2124 1909 303 1297 5343 3323 3976 19715 17980 4229 26812 11293 313 215 1209 376 2420 1030
leaf_count=311 684 1399 297 2199 427 4073 9680 2492 337 2082 4624 1699 2124 1909 303 1297 5343 3323 3976 19715 17980 4229 26812 11293 313 215 1209 376 2420 1030
internal_value=-8.63517e-08 -0.000134346 -0.000214361 9.42227e-06 0.000127626 -0.000176812 3.06395e-06 1.25772e-05 -4.40442e-05 2.28878e-06 -1.43651e-05 1.00017e-05 -6.23574e-05 -0.000110485 -0.000311252 9.7665e-05 -8.38368e-05 4.04332e-05 6.4741e-05 9.87596e-06 6.78873e-05 8.28592e-05 1.94417e-05 -3.55986e-05 -0.000473622 9.95373e-05 -2.95124e-05 0.000311507 1.43128e-05 -0.000163958
internal_weight=134171 8873 5769 125298 6387 5472 118911 98944 19967 11762 50289 33350 16939 8205 953 6076 7252 48655 5273 23038 25617 22209 31651 13417 616 4839 3408 803 3104 3522
internal_count=134171 8873 5769 125298 6387 5472 118911 98944 19967 11762 50289 33350 16939 8205 953 6076 7252 48655 5273 23038 25617 22209 31651 13417 616 4839 3408 803 3104 3522
is_linear=0
shrinkage=0.005


Tree=136
num_leaves=31
num_cat=0
split_feature=11 21 29 107 81 168 181 65 83 60 65 15 188 75 233 83 174 188 19 119 222 172 81 45 180 108 181 174 125 222
split_gain=7.5851 6.61778 3.23078 3.44585 3.21642 2.44132 2.44643 2.04797 2.00788 1.9522 1.89185 1.75847 2.16955 1.6804 1.65586 1.47577 1.66906 1.42533 2.06298 1.8325 1.34291 1.28133 1.1591 1.14444 1.1312 1.08558 1.06923 1.08847 1.02556 1.00283
threshold=0.84346503019332897 0.97804051637649547 -0.3314970582723617 0.11070440337061883 -2.369918584823608 0.42344214022159582 0.69049984216690075 0.47588235139846807 1.4686001539230349 7.5000000000000009 1.0194117426872256 0.41493055224418646 0.46130883693695074 -1.3485131263732908 -0.26564505696296686 3.1159124374389653 2.8449468612670903 -0.17424130439758298 0.21568627655506137 0.68668147921562206 -0.22048258036375043 -1.1248989701271055 -1.9151380062103269 0.56030151247978222 -0.8076358139514922 -0.32526183128356928 0.058893252164125449 -0.89156553149223317 -0.82034471631050099 -0.28274229168891901
decision_type=10 10 10 10 10 8 10 10 10 2 8 10 10 10 10 10 8 10 10 10 8 10 10 8 10 2 8 8 10 8
left_child=1 5 9 29 -5 6 11 -6 -3 22 15 17 14 -11 25 26 -17 18 19 23 -8 -22 -2 24 -1 -13 27 -7 -19 -4
right_child=2 8 3 4 7 10 20 -9 -10 13 -12 12 -14 -15 -16 16 -18 28 -20 -21 21 -23 -24 -25 -26 -27 -28 -29 -30 -31
leaf_value=-0.0001795293109233414 0.00010886330401445641 0.00016537758797629035 3.7509338453023816e-05 -0.00088135488256864012 -0.00030760450551195478 9.2352832132097765e-05 2.6597304605669782e-05 -3.4531897456880877e-05 0.00046188410506529227 0.0002341303494993949 0.00014747089245544908 -7.7734078905250889e-06 1.9947407104437703e-05 -2.9119487120108976e-05 -0.00025132194600167168 6.7521665126732248e-05 0.00062452178034256417 0.00014041931242420001 6.8097593738409453e-05 -0.00019092248006404532 -0.00020930376139560885 -6.9403739517851293e-05 -0.00028187514027945418 1.7313866832924181e-05 -3.1795666312449039e-05 -0.00019901748811809456 6.2409671873189657e-05 -1.9270285120340637e-05 2.8365818166786982e-05 -0.00031407424912605953
leaf_weight=1403 230 2082 1433 208 3173 2585 2172 883 793 749 3821 2468 4463 3080 1826 361 213 2211 7132 1591 2413 5149 983 13634 16636 1060 10692 13921 26575 231
leaf_count=1403 230 2082 1433 208 3173 2585 2172 883 793 749 3821 2468 4463 3080 1826 361 213 2211 7132 1591 2413 5149 983 13634 16636 1060 10692 13921 26575 231
internal_value=-8.60606e-08 1.11302e-05 -0.000126046 -0.000205148 -0.000280384 5.45644e-06 -7.97782e-06 -0.000248395 0.000247995 -3.28332e-05 4.31994e-05 1.23367e-06 -6.13646e-05 2.24832e-05 -0.000129193 2.88113e-05 0.000278685 1.01274e-05 -9.02069e-06 -2.55781e-05 -8.27499e-05 -0.00011422 -0.000207233 -1.72279e-05 -4.33601e-05 -6.55752e-05 2.34692e-05 -1.73606e-06 3.70127e-05 -1.17933e-05
internal_weight=134171 123201 10970 5928 4264 120326 88733 4056 2875 5042 31593 78999 9817 3829 5354 27772 574 69182 40396 33264 9734 7562 1213 31673 18039 3528 27198 16506 28786 1664
internal_count=134171 123201 10970 5928 4264 120326 88733 4056 2875 5042 31593 78999 9817 3829 5354 27772 574 69182 40396 33264 9734 7562 1213 31673 18039 3528 27198 16506 28786 1664
is_linear=0
shrinkage=0.005


Tree=137
num_leaves=31
num_cat=0
split_feature=9 63 34 29 95 69 27 65 192 188 80 75 256 15 96 132 96 125 37 69 80 109 125 41 215 1 75 78 132 80
split_gain=7.36062 3.68616 3.484 3.20198 3.29241 3.37767 4.29917 2.17733 1.72278 2.47829 1.87475 1.58513 1.51487 1.49348 2.67934 2.25883 2.98335 1.79304 1.45408 1.43138 1.42463 1.36717 1.34221 1.30886 1.26884 1.16896 1.14978 1.12837 0.991148 0.963049
threshold=0.94230768084526073 6.5679845809936532 -1.1444876194000242 -0.3314970582723617 -0.20877373218536374 -2.9921171665191646 -0.54919016361236561 1.2776470184326174 -0.36795887351036066 0.91192916035652172 -1.0167198777198789 -1.0698236823081968 -2.8055554628372188 0.37847222387790685 -0.18385836482048032 0.25083751976490026 1.0416824221611025 -0.28597189486026758 0.24137742817401889 -2.2375191450119014 -0.53579112887382496 -0.094532247632741914 -0.089149210602045045 -0.21734721958637235 0.024518527090549472 -0.97237318754196156 -0.45553462207317347 2.8074041604995732 0.8346313238143922 -0.60324394702911366
decision_type=10 10 8 10 10 10 10 8 8 10 10 10 10 8 8 8 10 8 8 10 10 10 8 10 10 10 10 8 8 8
left_child=1 2 -1 11 -5 6 -6 8 9 18 -11 -2 -7 15 23 21 24 -16 20 -3 -4 -10 27 26 -17 -18 -15 -23 -9 -25
right_child=3 19 7 4 5 12 -8 28 13 10 -12 -13 -14 14 17 16 25 -19 -20 -21 -22 22 -24 29 -26 -27 -28 -29 -30 -31
leaf_value=0.00025119414579824332 0.0001481344437239415 0.00073104778649658018 -0.00014382573209147174 6.9480905201363765e-06 -0.0011210699882738635 -9.0252883492693463e-05 -0.00024532444512396839 0.000114115944698366 9.0197917405723062e-05 0.0004439751206398366 4.2502351929016074e-05 -7.7641270384742778e-05 -0.00029317719460312185 0.00011049392178015065 8.2550926823276357e-05 -1.1349377723361272e-05 2.0514755740707153e-06 -0.00011581354838539273 -0.00012807925861371404 0.00017808876364217951 1.5564986301815877e-05 6.8997218684296031e-05 -1.2038128593614198e-06 -0.00025440394627708392 5.9063130541876232e-05 -0.00022798889424645793 4.7072658342431461e-06 0.000406370241662204 -1.1546105337527388e-05 -1.2121649056671881e-05
leaf_weight=1461 1003 227 1865 1405 246 1492 330 6390 12434 367 1355 3385 2455 3623 1307 27729 754 8573 6207 251 5582 7004 15547 696 8310 2015 8835 253 2069 1001
leaf_count=1461 1003 227 1865 1405 246 1492 330 6390 12434 367 1355 3385 2455 3623 1307 27729 754 8573 6207 251 5582 7004 15547 696 8310 2015 8835 253 2069 1001
internal_value=-8.57242e-08 1.06005e-05 8.88937e-06 -0.000128378 -0.000204129 -0.000269743 -0.00062663 5.97139e-06 1.95774e-07 -4.89993e-05 0.000129393 -2.58102e-05 -0.000216808 7.91522e-06 -2.63182e-05 1.9035e-05 -7.26906e-06 -8.94934e-05 -7.15734e-05 0.000446571 -2.43549e-05 4.80151e-05 2.4978e-05 1.7758e-05 4.87866e-06 -0.000165278 3.55439e-05 8.10996e-05 8.33323e-05 -0.000112239
internal_weight=134171 123855 123377 10316 5928 4523 576 121916 113457 15376 1722 4388 3947 98081 24035 74046 38808 9880 13654 478 7447 35238 22804 14155 36039 2769 12458 7257 8459 1697
internal_count=134171 123855 123377 10316 5928 4523 576 121916 113457 15376 1722 4388 3947 98081 24035 74046 38808 9880 13654 478 7447 35238 22804 14155 36039 2769 12458 7257 8459 1697
is_linear=0
shrinkage=0.005


Tree=138
num_leaves=31
num_cat=0
split_feature=11 64 83 8 2 113 192 90 80 222 69 81 168 137 63 85 174 181 258 81 66 222 234 62 63 8 62 80 127 102
split_gain=7.43858 6.5683 2.64076 2.59082 2.38617 2.23017 2.1751 2.17185 1.99396 1.87409 2.06213 1.81477 1.77188 1.76828 2.11133 2.44535 1.52807 1.3871 1.31135 1.54271 1.31164 1.54681 1.92033 1.30266 1.28736 1.24626 1.32438 1.18069 1.10366 1.02854
threshold=0.84346503019332897 1.5040485858917239 2.7154710292816167 1.3826087117195132 -0.51740539073944081 0.87801137566566478 -0.38841052353382105 0.79219499230384838 0.99610620737075817 0.48050196468830114 -2.0708149671554561 -0.88657850027084339 0.42344214022159582 2.000665128231049 6.5679845809936532 3.0683976411819462 3.0964974164962773 0.040483934804797179 1.573825538158417 3.0483018159866337 -0.96536886692047108 -0.29309281706809992 -0.33857940137386316 1.5181818008422854 -0.19513839483261106 0.71014490723609935 -0.045454544946551316 -1.4240659475326536 -0.45672333240509028 1.2525492310523989
decision_type=10 10 10 10 10 10 8 10 8 10 10 10 8 10 10 10 10 10 10 10 10 8 8 10 10 10 8 10 10 8
left_child=1 6 8 4 5 27 9 12 -3 24 -11 -6 18 -7 15 -15 -17 25 19 20 -8 -22 -23 -4 -1 26 -14 -2 -20 -24
right_child=3 2 23 -5 11 13 7 -9 -10 10 -12 -13 17 14 -16 16 -18 -19 28 -21 21 22 29 -25 -26 -27 -28 -29 -30 -31
leaf_value=-0.00016537039027214026 -0.00061694726593666371 0.00012269751861779149 0.00033011564005527605 8.0768007495789196e-05 -0.00076563779017373612 -6.5764778127895101e-06 -0.00017013072938615347 -0.00011495998433455498 0.00062740373722884287 -0.00038646636178590768 -7.9972458397678566e-05 -0.00024333643693423405 -1.0648010530531825e-05 -0.00014797808325741141 3.1032376745123099e-05 -0.00082665515702028645 -0.00031772119211355285 0.00010585779480290001 -0.00022090527257556664 0.00026095444752527555 5.56656526647702e-05 -0.00018175707370882393 -5.8984353102803236e-06 0.0008257285689420692 4.9741077289918914e-05 -8.3938973256063274e-05 8.5311620047311086e-05 -0.00023166273643205837 1.1528396426761496e-05 6.3049165688026693e-05
leaf_weight=813 224 3625 405 1339 253 3432 1045 3271 203 587 7833 503 6396 1795 959 235 427 8168 1171 590 13723 1464 51750 207 4625 2215 8180 1803 895 6035
leaf_count=813 224 3625 405 1339 253 3432 1045 3271 203 587 7833 503 6396 1795 959 235 427 8168 1171 590 13723 1464 51750 207 4625 2215 8180 1803 895 6035
internal_value=-8.5217e-08 1.10221e-05 0.000199729 -0.000124822 -0.000153485 -0.000130273 3.95482e-06 1.17368e-05 0.000150376 -5.49004e-05 -0.000101616 -0.000422667 1.58249e-05 -8.69257e-05 -0.000167377 -0.000244928 -0.000503977 5.24134e-05 3.90519e-06 7.35607e-06 5.31036e-06 7.84111e-06 -3.23114e-06 0.000503893 1.73669e-05 2.63618e-05 4.31807e-05 -0.000275899 -0.000120188 1.29855e-06
internal_weight=134171 123201 4440 10970 9631 8875 118761 104903 3828 13858 8420 756 101632 6848 3416 2457 662 24959 76673 74607 74017 72972 59249 612 5438 16791 14576 2027 2066 57785
internal_count=134171 123201 4440 10970 9631 8875 118761 104903 3828 13858 8420 756 101632 6848 3416 2457 662 24959 76673 74607 74017 72972 59249 612 5438 16791 14576 2027 2066 57785
is_linear=0
shrinkage=0.005


Tree=139
num_leaves=31
num_cat=0
split_feature=11 64 68 29 85 95 181 34 60 90 256 75 68 74 254 63 96 96 258 72 203 85 85 42 161 8 256 78 161 21
split_gain=7.36528 6.50362 4.2202 3.13833 5.69836 2.31727 2.12667 2.51575 1.91117 1.8859 1.92529 1.65204 1.52611 2.25617 1.34266 1.65392 2.43282 1.33671 1.33623 1.2404 1.23635 1.13763 1.13217 1.1315 1.13084 1.45331 1.09617 1.07157 1.01915 1.01847
threshold=0.84346503019332897 1.5040485858917239 -0.50078126788139332 -0.3314970582723617 4.1869037151336679 -0.20877373218536374 0.63351979851722728 -0.031083049252629277 7.5000000000000009 0.79219499230384838 -0.52777779102325428 -1.3485131263732908 -0.26322774589061732 -0.66285210847854603 1.1878980994224551 -0.093115743249654756 1.0237910747528078 0.27867533266544348 -0.48657718300819391 -1.173990726470947 -0.10007755085825919 0.33439885079860693 2.0420763492584233 -0.74275362491607655 -0.46621213853359217 -0.30289854109287256 -2.8055554628372188 0.68399760127067577 -0.62144666910171498 0.47972972691059118
decision_type=10 10 2 10 10 10 10 8 2 10 8 10 2 2 10 10 10 10 10 8 10 8 10 8 8 8 10 10 8 10
left_child=1 6 -3 8 5 -5 9 27 12 10 18 -10 13 -2 15 16 23 22 21 -4 -9 -1 -17 -12 25 -25 -7 -8 -20 -11
right_child=3 2 19 4 -6 26 7 20 11 29 14 -13 -14 -15 -16 17 -18 -19 28 -21 -22 -23 -24 24 -26 -27 -28 -29 -30 -31
leaf_value=8.3689544041744643e-05 3.1521327107670579e-05 0.0007347598861649578 0.00044286470084714855 1.0338114337264156e-05 -0.00086621831062914196 -0.00011955412602238442 7.2089202810980758e-05 -4.0312527395317891e-05 0.0002322493859700147 -5.7293083142851594e-05 -0.00010811235484820538 -2.8769031626008827e-05 -3.7466079300898256e-05 -0.00062424409379963064 -0.00014753861903031096 1.0744697912505996e-05 -0.00016005357122833415 8.7650039335725896e-05 -0.00019714907374592813 0.00012743612466502402 -0.00015069607184931683 0.00027103231498816461 0.00019482405507500414 -0.00014329755218582009 1.4821137877449903e-05 2.5385799777398602e-06 -0.00028685410453829351 0.00042795896697398416 4.6696859074394597e-05 -0.00026853907923678167
leaf_weight=2473 200 335 338 1399 302 1596 1145 6145 749 2146 2476 3080 647 366 1423 30940 2675 8115 436 3767 4342 1215 854 2808 31727 4333 2631 257 14472 779
leaf_count=2473 200 335 338 1399 302 1596 1145 6145 749 2146 2476 3080 647 366 1423 30940 2675 8115 436 3767 4342 1215 854 2808 31727 4333 2631 257 14472 779
internal_value=-8.52245e-08 1.09672e-05 0.000198742 -0.000124206 -0.000202169 -0.000165697 3.93479e-06 -5.94813e-05 -3.23354e-05 1.09967e-05 1.45265e-05 2.23953e-05 -0.000204894 -0.000393402 4.47458e-06 7.06656e-06 -1.40594e-05 3.03795e-05 6.0622e-05 0.000154037 -8.6113e-05 0.000145828 1.57347e-05 -4.58309e-06 2.01221e-06 -5.47976e-05 -0.00022402 0.000138968 3.94681e-05 -0.000114086
internal_weight=134171 123201 4440 10970 5928 5626 118761 11889 5042 106872 103947 3829 1213 566 85351 83928 44019 39909 18596 4105 10487 3688 31794 41344 38868 7141 4227 1402 14908 2925
internal_count=134171 123201 4440 10970 5928 5626 118761 11889 5042 106872 103947 3829 1213 566 85351 83928 44019 39909 18596 4105 10487 3688 31794 41344 38868 7141 4227 1402 14908 2925
is_linear=0
shrinkage=0.005


Tree=140
num_leaves=31
num_cat=0
split_feature=11 64 68 46 36 7 192 240 80 33 90 111 33 163 258 80 83 28 30 258 157 234 79 80 68 127 2 137 75 68
split_gain=7.00449 5.96137 3.7302 3.09622 2.27327 2.29024 2.26773 2.11384 3.1419 2.04995 2.0404 2.22548 2.66763 1.69012 1.59475 1.43913 1.42871 1.38598 1.66606 1.8235 1.22509 1.69251 1.15172 1.12546 1.37429 1.06082 1.01506 1.00928 1.05645 1.0179
threshold=0.84346503019332897 1.5040485858917239 -0.50078126788139332 -1.6428571343421934 -0.56081297993659962 1.1199324727058413 -0.38841052353382105 -0.41202153265476221 -0.97404438257217396 0.63084959983825695 0.79219499230384838 -0.38677075505256647 0.8794456720352174 0.56591966748237621 1.5268456339836123 -2.1577475070953365 2.0113861560821538 -0.4416030198335647 0.77083334326744091 0.72818791866302501 -0.47646142542362208 0.95567476749420177 -1.1194769740104673 1.6019418239593508 -0.45908638834953303 -0.38413763046264643 1.0000000180025095e-35 2.000665128231049 1.4193990826606753 -0.26841250061988825
decision_type=10 10 2 10 10 10 8 8 10 10 10 10 10 10 10 8 10 8 8 10 8 10 8 10 2 10 10 10 10 2
left_child=1 6 -3 -2 5 7 13 -5 9 15 11 -8 14 -1 17 -9 -6 23 19 20 21 26 -4 -13 -25 -16 -19 28 -7 -29
right_child=3 2 22 4 16 27 10 8 -10 -11 -12 12 -14 -15 25 -17 -18 18 -20 -21 -22 -23 -24 24 -26 -27 -28 29 -30 -31
leaf_value=-2.273529851463895e-05 0.00010848992011736206 0.0007038693826228198 0.00043126492249806589 4.521497251300376e-05 -0.0002765301417574738 5.8955015635762637e-05 5.5964662701730428e-05 2.8340201576611434e-05 -0.00012463466742884704 -0.00083928190307905825 -0.00011140656585207034 3.5514476559593978e-05 0.00018393986675655321 -0.00014695606372272928 -0.000217897392927777 -0.00037718381037992247 -0.00077558150084111111 -0.00025628298250406854 4.755761553533698e-05 -0.00014578361788951621 -5.2877634003207752e-07 5.5152842717470056e-05 0.00012365522798373299 0.00057868209983793573 0.00010822716432440069 -1.2504658249255631e-05 -7.921072531792811e-05 -0.00048002966045436165 -0.00025676921479787172 3.5942625622863136e-06
leaf_weight=10135 1289 323 329 846 522 2249 25494 251 3162 213 3262 12431 1958 3755 1398 1557 202 934 10674 2776 35779 2221 3797 202 651 1150 6127 213 295 213
leaf_count=10135 1289 323 329 846 522 2249 25494 251 3162 213 3262 12431 1958 3755 1398 1557 202 934 10674 2776 35779 2221 3797 202 651 1150 6127 213 295 213
internal_value=-4.21746e-07 1.03591e-05 0.000189953 -0.000121223 -0.000151768 -0.000129844 3.6298e-06 -0.000185799 -0.00022361 -0.000377527 1.15728e-05 1.55239e-05 2.00227e-06 -5.63937e-05 -2.79481e-06 -0.000320687 -0.000420819 1.56496e-06 -8.89633e-06 -2.15072e-05 -1.38246e-05 -6.4994e-05 0.000148797 4.76667e-05 0.000222942 -0.000125598 -0.000102869 -1.59694e-05 2.17159e-05 -0.000239821
internal_weight=134408 123396 4449 11012 9723 8999 118947 6029 5183 2021 105057 101795 76301 13890 74343 1808 724 71795 58511 47837 45061 9282 4126 13284 853 2548 7061 2970 2544 426
internal_count=134408 123396 4449 11012 9723 8999 118947 6029 5183 2021 105057 101795 76301 13890 74343 1808 724 71795 58511 47837 45061 9282 4126 13284 853 2548 7061 2970 2544 426
is_linear=0
shrinkage=0.005


Tree=141
num_leaves=31
num_cat=0
split_feature=9 63 34 175 90 85 18 65 168 192 85 96 90 44 192 254 66 68 119 102 31 175 120 78 129 120 83 75 176 115
split_gain=6.85128 3.35343 3.10083 2.96 2.34479 2.54477 6.04546 2.08901 1.94142 1.70994 1.57476 1.53627 1.53568 1.49041 1.4324 1.42049 1.43342 2.13269 1.55547 1.34003 1.20446 1.19959 1.15823 1.12914 1.07307 1.03301 1.00549 1.07509 0.953064 1.0319
threshold=0.94230768084526073 6.5679845809936532 -1.1444876194000242 0.16556137055158618 -0.87807902693748463 3.8084663152694707 1.169407904148102 0.23588235676288608 0.38568602502346044 -0.58121958374977101 1.9801276922225954 1.3341150879859927 0.88095751404762279 0.40999999642372137 -0.36795887351036066 1.1751592159271242 -0.96536886692047108 -0.53606104850769032 2.7050738334655766 0.32270212471485143 1.2222222089767458 -0.36640860140323633 0.1085050515830517 2.5293003320693974 -0.60157829523086537 0.092160563915967955 2.8926692008972172 0.051194669678807266 -0.31357225775718683 -0.59727025032043446
decision_type=10 10 8 10 10 10 10 8 8 8 10 10 10 10 8 10 10 2 8 10 10 10 10 8 8 8 10 10 10 10
left_child=1 2 -1 4 -2 24 -7 11 9 -9 -3 12 14 26 21 16 -16 25 23 -13 -11 -4 -17 -19 -6 -18 27 -10 29 -26
right_child=3 10 7 -5 5 6 -8 8 13 20 -12 19 -14 -15 15 22 17 18 -20 -21 -22 -23 -24 -25 28 -27 -28 -29 -30 -31
leaf_value=0.00023650345068558978 1.1705131709342802e-05 0.00017294410574778034 -0.00011986008785646762 5.6700173545797967e-05 -4.500725250335906e-05 -0.0010926267835534608 -0.00013435722468985186 -0.00017415859788785123 9.4659102381299283e-05 2.2284180596850824e-05 0.00074248764940502705 -2.7374680761626919e-05 -0.00025945607090351578 0.00019361613032272407 -0.00019495891763046894 7.1731544033866494e-05 0.00061720483563331774 7.7704087483575421e-06 -0.00013309309857698244 -0.00026728673332441783 -0.00018239562620926396 -6.4769403546362922e-06 -0.00021375469393403887 0.00010802161766463836 -0.00021676956347104994 0.00012394250937362245 0.00031268784394291633 -1.2176462114496403e-06 -0.00027091896441883346 -1.245906047310109e-06
leaf_weight=1465 1558 297 4600 1857 1360 256 454 1206 6121 29995 209 1292 591 2403 853 484 201 55480 1879 1064 731 4749 1287 2955 1378 232 369 5574 2572 936
leaf_count=1465 1558 297 4600 1857 1360 256 454 1206 6121 29995 209 1292 591 2403 853 484 201 55480 1879 1064 731 4749 1287 2955 1378 232 369 5574 2572 936
internal_value=-4.19927e-07 9.90059e-06 8.22406e-06 -0.000123847 -0.000163295 -0.000202543 -0.000485798 5.47065e-06 3.1886e-05 1.00941e-05 0.000414132 -1.07217e-05 -6.67106e-06 7.9931e-05 -4.59209e-06 3.92557e-06 7.95198e-06 1.08253e-05 8.29155e-06 -0.00013627 1.73695e-05 -6.23527e-05 -0.00013547 1.28574e-05 -0.000169902 0.00035849 5.71741e-05 4.89392e-05 -0.000204482 -0.000129998
internal_weight=134408 124037 123531 10371 8514 6956 710 122066 46399 31932 506 75667 73311 14467 72720 63371 61600 60747 60314 2356 30726 9349 1771 58435 6246 433 12064 11695 4886 2314
internal_count=134408 124037 123531 10371 8514 6956 710 122066 46399 31932 506 75667 73311 14467 72720 63371 61600 60747 60314 2356 30726 9349 1771 58435 6246 433 12064 11695 4886 2314
is_linear=0
shrinkage=0.005


Tree=142
num_leaves=31
num_cat=0
split_feature=11 64 46 83 45 81 192 90 80 109 33 129 81 174 197 33 81 255 83 96 120 32 36 180 38 80 96 135 107 174
split_gain=6.87017 5.85566 3.04553 2.62796 2.36087 4.64544 2.2267 2.01227 1.93131 1.80079 2.1428 1.69732 1.58395 1.57658 1.57449 2.06175 1.56968 1.71059 1.54822 1.48743 1.47772 1.43822 1.49471 1.53752 1.47652 1.32695 1.20523 1.13635 1.46882 1.12167
threshold=0.84346503019332897 1.5040485858917239 -1.6428571343421934 2.8926692008972172 -1.1658291220664976 -2.369918584823608 -0.38841052353382105 0.79219499230384838 0.9480193853378297 -0.094532247632741914 0.8794456720352174 -0.35672543942928309 1.3413729667663576 0.1389720290899277 -0.13003207743167874 -1.7587403655052183 -1.4779002666473386 0.8392857313156129 3.3599425554275517 1.3012074232101443 0.6557283103466035 -0.52939021587371815 0.076728679239749922 2.6102181673049931 -0.48255163431167597 -1.3319151401519773 0.0091172503307461756 -0.13729659467935559 2.0439462661743169 0.90062835812568676
decision_type=10 10 10 10 10 10 8 10 8 10 10 8 10 10 10 8 10 10 10 10 8 8 10 10 8 10 8 8 10 10
left_child=1 6 -2 8 16 -6 13 9 -3 14 19 -7 18 -1 15 -8 -4 -18 20 21 -13 26 23 24 -23 -19 -11 28 -16 -29
right_child=2 3 4 -5 5 11 7 -9 -10 10 -12 12 -14 -15 27 -17 17 25 -20 -21 -22 22 -24 -25 -26 -27 -28 29 -30 -31
leaf_value=-0.00012823678560719897 0.00010776752495335769 0.00011400770514474385 7.0417841452868036e-05 0.00050177949379328246 -0.00095558055571258699 -3.0424035541657889e-05 -0.00029867814460988264 -0.00011066819992401295 0.00061390014404158401 -3.3766575140821167e-05 0.00016480974501469197 1.9832913259176724e-06 0.00017385829960211304 -1.6598228533672142e-05 0.00012361725209490161 1.856828382039763e-05 -6.3037272985462495e-05 -0.00064192770909415051 -0.00058366940305413888 -0.00012796840041369149 -0.00028458929996935927 -9.2914175130398612e-05 -1.6970801583536535e-05 -0.00017202067115037637 6.1351562851743257e-05 -0.00019166767875757661 -0.00019160270839257401 3.4377300794144245e-06 -4.2034983960207371e-05 0.00018209298454571835
leaf_weight=4880 1289 3671 1412 578 204 1218 520 3262 200 9078 1860 540 207 9010 10650 20726 2417 237 356 2444 2588 1682 24101 814 19014 544 1394 6988 1523 1001
leaf_count=4880 1289 3671 1412 578 204 1218 520 3262 200 9078 1860 540 207 9010 10650 20726 2417 237 356 2444 2588 1682 24101 814 19014 544 1394 6988 1523 1001
internal_value=-4.1797e-07 1.0259e-05 -0.000120055 0.000188253 -0.000150349 -0.000224332 3.58957e-06 1.14604e-05 0.000140723 1.53842e-05 -2.02282e-06 -0.000192901 -0.000246268 -5.58884e-05 4.07788e-05 1.07116e-05 -6.80317e-05 -0.000129331 -0.000271586 -7.34696e-06 -0.000235033 -2.07064e-06 1.00538e-05 4.03539e-05 4.87706e-05 -0.000332153 -5.49064e-05 7.24271e-05 0.000102842 2.59852e-05
internal_weight=134408 123396 11012 4449 9723 5113 118947 105057 3871 101795 60387 4909 3691 13890 41408 21246 4610 3198 3484 58527 3128 56083 45611 21510 20696 781 10472 20162 12173 7989
internal_count=134408 123396 11012 4449 9723 5113 118947 105057 3871 101795 60387 4909 3691 13890 41408 21246 4610 3198 3484 58527 3128 56083 45611 21510 20696 781 10472 20162 12173 7989
is_linear=0
shrinkage=0.005


Tree=143
num_leaves=31
num_cat=0
split_feature=11 162 46 85 23 85 168 192 78 85 78 191 21 132 39 188 60 54 234 78 54 95 234 9 74 180 38 155 168 35
split_gain=6.80226 5.78961 3.0154 2.52482 7.72789 2.41534 2.33456 1.99758 1.97748 1.85715 1.8261 3.05326 1.63539 2.06547 1.95256 1.87149 1.62782 1.5951 1.47083 1.41515 1.56821 1.37428 1.43822 1.34056 1.32414 1.31827 1.49448 1.85655 1.23626 1.20907
threshold=0.84346503019332897 1.9724493622779848 -1.6428571343421934 4.1869037151336679 0.77777776122093212 1.5913056135177615 0.38568602502346044 -0.58121958374977101 -2.4427720308303829 2.3167549371719365 -2.7966533899307247 0.20520747452974322 0.40033784508705145 0.25083751976490026 0.81597399711608898 0.7294808328151704 7.5000000000000009 0.5039682686328889 0.95567476749420177 -1.4048465490341184 -0.23412698507308957 -0.22111371159553525 -0.51700693368911732 0.75591716170310985 -0.36469018459320063 2.6102181673049931 -0.42314144968986506 -0.52555575966835011 1.8058789372444155 -0.67874875664710987
decision_type=10 10 10 10 10 10 8 8 10 10 10 10 10 8 8 10 2 2 10 10 2 8 8 10 2 10 8 10 10 10
left_child=1 6 -2 8 10 -3 7 19 -4 16 -5 -12 13 25 18 17 -8 29 -15 -1 -21 -10 -23 -18 -7 26 27 -9 -11 -14
right_child=2 5 3 4 -6 24 9 12 21 28 11 -13 15 14 -16 -17 23 -19 -20 20 -22 22 -24 -25 -26 -27 -28 -29 -30 -31
leaf_value=-0.00051790257791473873 0.00010723077124189477 0.00015242192250568935 0.00034436171122655964 0.00023032454830068891 -0.0012465589722336378 0.00086014368494427801 0.00011252868116699903 -0.00018618737598467407 7.4295529887610128e-05 0.00012633786914735974 -9.3192784746533084e-06 -0.0007590541539969235 -0.00026579228197250041 -3.36274283056165e-05 -0.0001489454625765465 4.0887900112069322e-05 4.6176088553378934e-06 -9.3669958936900139e-06 2.7405522876385309e-05 -1.6029982387286436e-05 -0.00027716289348361767 0.00013483228243316804 -0.00016958567133101883 0.00011382285140383144 0.0003661907751852205 -0.00017327836567540024 6.5612647739647409e-05 1.9061961842818299e-05 0.00046087109045004303 -0.00010075291775804678
leaf_weight=223 1289 1349 216 213 203 201 5401 1317 716 1018 344 221 1564 23440 2609 3496 23935 3335 17039 1688 871 404 7406 3181 466 715 20672 6596 381 3899
leaf_count=223 1289 1349 216 213 203 201 5401 1317 716 1018 344 221 1564 23440 2609 3496 23935 3335 17039 1688 871 404 7406 3181 466 715 20672 6596 381 3899
internal_value=-4.16298e-07 1.02077e-05 -0.000119461 -0.000149605 -0.00038983 0.000275628 5.78405e-06 -7.86631e-06 -0.000122383 4.09969e-05 -0.000159116 -0.000307542 -3.52525e-06 5.52487e-06 -1.64908e-05 -5.68343e-05 3.32856e-05 -9.57234e-05 -7.924e-06 -0.000139582 -0.000105473 -0.000134461 -0.000153698 1.74656e-05 0.00052108 3.79151e-05 4.32445e-05 -1.51316e-05 0.000219117 -0.000148293
internal_weight=134408 123396 11012 9723 981 2016 121380 87464 8742 33916 778 565 84682 72388 43088 12294 32517 8798 40479 2782 2559 8526 7810 27116 667 29300 28585 7913 1399 5463
internal_count=134408 123396 11012 9723 981 2016 121380 87464 8742 33916 778 565 84682 72388 43088 12294 32517 8798 40479 2782 2559 8526 7810 27116 667 29300 28585 7913 1399 5463
is_linear=0
shrinkage=0.005


Tree=144
num_leaves=31
num_cat=0
split_feature=11 162 46 168 14 81 181 69 68 129 68 69 254 204 80 131 197 97 69 68 228 54 163 180 5 115 114 228 78 83
split_gain=6.73468 5.7327 2.98547 2.31142 2.03557 4.07409 2.01182 1.91424 1.89002 1.82839 1.75225 1.7179 1.69439 1.6184 1.8689 1.39166 1.36822 1.6215 1.41136 1.33893 1.29881 1.21484 1.59801 1.3074 1.24793 1.14501 1.12135 1.23174 1.0653 1.04881
threshold=0.84346503019332897 1.9724493622779848 -1.6428571343421934 0.38568602502346044 1.1979166865348818 -2.369918584823608 0.69049984216690075 -1.7361339330673216 -0.49016451835632319 1.2478575110435488 -0.49249261617660517 -3.7965571880340572 1.1624203920364382 0.71364304423332225 -0.48496700823307032 -0.026386650279164311 1.2749439477920534 -0.52517703175544728 -1.0504662990570066 -0.27412240207195276 0.7387300729751588 -0.63095238804817189 0.87153038382530224 1.689403295516968 -0.73333334922790516 0.36530302464962011 1.5281518101692202 -0.20847284793853757 -1.3141229152679441 3.6261609792709355
decision_type=10 10 10 8 10 10 10 10 2 10 2 8 10 10 8 10 10 8 10 2 10 2 10 10 8 8 10 10 10 10
left_child=1 3 -2 6 5 -4 12 -8 -6 25 -3 -5 21 15 -15 20 17 -7 -18 -11 -13 -1 23 24 -23 -10 -26 -28 -12 -17
right_child=2 10 4 11 8 16 7 -9 9 19 28 13 -14 14 -16 29 18 -19 -20 -21 -22 22 -24 -25 26 -27 27 -29 -30 -31
leaf_value=4.2719137480679736e-05 0.00010669668936430862 0.00071127702350671693 -0.00083857311833843585 0.00039779473350899576 0.00022505086651845684 -1.4064947324963589e-05 -0.0003500430711219405 -5.7960659386624533e-05 4.2189259649334387e-05 -0.00054423755279937207 0.00052750196004753918 0.00010606845364356296 -0.00017631573411877062 -0.00052137599748561323 -4.3664780843315246e-05 1.7148377876454569e-05 -0.00047384717826036318 -0.00021411417427519159 -0.00010605885626792029 -0.00013690553291304005 -9.546830432492049e-05 -0.00018910629728474194 -0.00020159290115053804 -0.00012083306448900862 8.8960557421453449e-06 -0.0001712872319060352 -4.3185919776914355e-05 -0.00032757600433442593 0.00017363255170637105 0.00033453558254647455
leaf_weight=15776 1289 203 242 329 496 1616 595 8916 1657 343 246 10477 1326 224 1982 19786 700 2738 426 502 859 841 1027 2265 54454 1003 1782 482 1567 259
leaf_count=15776 1289 203 242 329 496 1616 595 8916 1657 343 246 10477 1326 224 1982 19786 700 2738 426 502 859 841 1027 2265 54454 1003 1782 482 1567 259
internal_value=-4.14267e-07 1.01568e-05 -0.000118866 5.75493e-06 -0.00014886 -0.000209362 -7.82757e-06 -7.646e-05 -6.20555e-05 -0.00010309 0.00027427 4.07928e-05 5.4418e-07 3.72222e-05 -9.34677e-05 4.64387e-05 -0.000180745 -0.000140081 -0.000336228 -0.000305066 9.07173e-05 3.6225e-06 -6.50801e-06 -3.13406e-06 1.49892e-06 -3.82885e-05 4.3504e-06 -0.000104541 0.000223242 2.13567e-05
internal_weight=134408 123396 11012 121380 9723 5722 87464 9511 4001 3505 2016 33916 77953 33587 2206 31381 5480 4354 1126 845 11336 76627 60851 59824 57559 2660 56718 2264 1813 20045
internal_count=134408 123396 11012 121380 9723 5722 87464 9511 4001 3505 2016 33916 77953 33587 2206 31381 5480 4354 1126 845 11336 76627 60851 59824 57559 2660 56718 2264 1813 20045
is_linear=0
shrinkage=0.005


end of trees

feature_importances:
Column_85=183
Column_69=172
Column_80=137
Column_96=134
Column_68=132
Column_90=102
Column_64=99
Column_9=96
Column_192=92
Column_65=82
Column_66=75
Column_254=73
Column_46=65
Column_168=65
Column_63=64
Column_34=58
Column_54=56
Column_181=56
Column_45=53
Column_78=52
Column_258=52
Column_39=51
Column_11=50
Column_132=50
Column_29=49
Column_38=49
Column_188=49
Column_102=48
Column_255=48
Column_108=44
Column_256=44
Column_44=43
Column_163=43
Column_75=41
Column_107=41
Column_175=41
Column_60=40
Column_81=39
Column_95=39
Column_162=36
Column_33=35
Column_180=35
Column_83=34
Column_15=33
Column_14=31
Column_21=31
Column_109=30
Column_67=29
Column_204=28
Column_222=28
Column_36=27
Column_22=26
Column_174=26
Column_31=25
Column_7=23
Column_62=23
Column_74=23
Column_129=23
Column_257=23
Column_5=22
Column_8=22
Column_138=22
Column_35=21
Column_114=21
Column_32=20
Column_77=20
Column_161=20
Column_245=20
Column_6=19
Column_27=19
Column_37=19
Column_113=19
Column_119=19
Column_141=19
Column_111=18
Column_195=18
Column_24=16
Column_30=16
Column_51=16
Column_234=16
Column_19=15
Column_47=15
Column_49=15
Column_101=15
Column_155=15
Column_169=15
Column_186=15
Column_3=14
Column_117=14
Column_259=14
Column_4=13
Column_197=13
Column_203=13
Column_207=13
Column_28=12
Column_72=12
Column_135=12
Column_58=11
Column_120=11
Column_131=11
Column_150=11
Column_156=11
Column_215=11
Column_2=10
Column_17=10
Column_23=10
Column_42=10
Column_88=10
Column_127=10
Column_216=10
Column_253=10
Column_91=9
Column_225=9
Column_249=9
Column_18=8
Column_164=8
Column_187=8
Column_193=8
Column_198=8
Column_239=8
Column_240=8
Column_89=7
Column_144=7
Column_223=7
Column_26=6
Column_43=6
Column_79=6
Column_137=6
Column_191=6
Column_20=5
Column_41=5
Column_125=5
Column_201=5
Column_221=5
Column_227=5
Column_228=5
Column_251=5
Column_10=4
Column_48=4
Column_115=4
Column_139=4
Column_167=4
Column_172=4
Column_176=4
Column_209=4
Column_233=4
Column_1=3
Column_12=3
Column_13=3
Column_25=3
Column_59=3
Column_94=3
Column_105=3
Column_121=3
Column_126=3
Column_157=3
Column_184=3
Column_235=3
Column_241=3
Column_243=3
Column_16=2
Column_133=2
Column_147=2
Column_149=2
Column_178=2
Column_205=2
Column_208=2
Column_210=2
Column_246=2
Column_247=2
Column_252=2
Column_40=1
Column_50=1
Column_92=1
Column_93=1
Column_97=1
Column_99=1
Column_103=1
Column_123=1
Column_130=1
Column_153=1
Column_170=1
Column_182=1
Column_190=1
Column_211=1
Column_213=1
Column_219=1
Column_237=1

parameters:
[boosting: gbdt]
[objective: regression]
[metric: rmse]
[tree_learner: serial]
[device_type: cpu]
[data_sample_strategy: bagging]
[data: ]
[valid: ]
[num_iterations: 3000]
[learning_rate: 0.005]
[num_leaves: 31]
[num_threads: -1]
[seed: 0]
[deterministic: 0]
[force_col_wise: 0]
[force_row_wise: 0]
[histogram_pool_size: -1]
[max_depth: -1]
[min_data_in_leaf: 200]
[min_sum_hessian_in_leaf: 0.001]
[bagging_fraction: 0.8]
[pos_bagging_fraction: 1]
[neg_bagging_fraction: 1]
[bagging_freq: 5]
[bagging_seed: 3]
[bagging_by_query: 0]
[feature_fraction: 0.6]
[feature_fraction_bynode: 1]
[feature_fraction_seed: 2]
[extra_trees: 0]
[extra_seed: 6]
[early_stopping_round: 0]
[early_stopping_min_delta: 0]
[first_metric_only: 0]
[max_delta_step: 0]
[lambda_l1: 0.1]
[lambda_l2: 5]
[linear_lambda: 0]
[min_gain_to_split: 0]
[drop_rate: 0.1]
[max_drop: 50]
[skip_drop: 0.5]
[xgboost_dart_mode: 0]
[uniform_drop: 0]
[drop_seed: 4]
[top_rate: 0.2]
[other_rate: 0.1]
[min_data_per_group: 100]
[max_cat_threshold: 32]
[cat_l2: 10]
[cat_smooth: 10]
[max_cat_to_onehot: 4]
[top_k: 20]
[monotone_constraints: ]
[monotone_constraints_method: basic]
[monotone_penalty: 0]
[feature_contri: ]
[forcedsplits_filename: ]
[refit_decay_rate: 0.9]
[cegb_tradeoff: 1]
[cegb_penalty_split: 0]
[cegb_penalty_feature_lazy: ]
[cegb_penalty_feature_coupled: ]
[path_smooth: 0]
[interaction_constraints: ]
[verbosity: -1]
[saved_feature_importance_type: 0]
[use_quantized_grad: 0]
[num_grad_quant_bins: 4]
[quant_train_renew_leaf: 0]
[stochastic_rounding: 1]
[linear_tree: 0]
[max_bin: 255]
[max_bin_by_feature: ]
[min_data_in_bin: 3]
[bin_construct_sample_cnt: 200000]
[data_random_seed: 1]
[is_enable_sparse: 1]
[enable_bundle: 1]
[use_missing: 1]
[zero_as_missing: 0]
[feature_pre_filter: 1]
[pre_partition: 0]
[two_round: 0]
[header: 0]
[label_column: ]
[weight_column: ]
[group_column: ]
[ignore_column: ]
[categorical_feature: ]
[forcedbins_filename: ]
[precise_float_parser: 0]
[parser_config_file: ]
[objective_seed: 5]
[num_class: 1]
[is_unbalance: 0]
[scale_pos_weight: 1]
[sigmoid: 1]
[boost_from_average: 1]
[reg_sqrt: 0]
[alpha: 0.9]
[fair_c: 1]
[poisson_max_delta_step: 0.7]
[tweedie_variance_power: 1.5]
[lambdarank_truncation_level: 30]
[lambdarank_norm: 1]
[label_gain: ]
[lambdarank_position_bias_regularization: 0]
[eval_at: ]
[multi_error_top_k: 1]
[auc_mu_weights: ]
[num_machines: 1]
[local_listen_port: 12400]
[time_out: 120]
[machine_list_filename: ]
[machines: ]
[gpu_platform_id: -1]
[gpu_device_id: -1]
[gpu_use_dp: 0]
[num_gpu: 1]

end of parameters

pandas_categorical:null
